Entity,Predicted Type (custom),Predicted Type (default),Frequency,Correct?
Company,ORG,ORG,1206,
Employee,GPE,GPE,421,
Executive,DESIGNATION,ORG,344,
Consultant,DESIGNATION,PRODUCT,293,
India,GPE,GPE,263,
TCS,ORG,ORG,225,
Agreement,PRODUCT,PRODUCT,215,
MOU,ORG,ORG,202,
Party,ORG,ORG,172,
Confidential Information,ORG,ORG,149,
third,ORDINAL,ORDINAL,148,
AERA,ORG,ORG,130,
Amdocs,ORG,ORG,121,
Authority,ORG,ORG,112,
Bangalore,PERSON,PERSON,109,
1,CARDINAL,CARDINAL,106,
monthly,DATE,DATE,102,
RRCE,ORG,ORG,99,
2,CARDINAL,CARDINAL,92,
Intel,ORG,ORG,76,
Karnataka,GPE,GPE,74,
14,MONEY,DATE,72,
Agency,ORG,ORG,69,
first,ORDINAL,ORDINAL,68,
PHI,ORG,ORG,68,
one,CARDINAL,CARDINAL,67,
Employer,ORG,ORG,66,
annual,DATE,DATE,64,
Wipro,ORG,ORG,64,
3,CARDINAL,CARDINAL,58,
Engineer,DESIGNATION,(missed),55,
New Delhi,GPE,GPE,55,
Ramohalli Cross,PERSON,PERSON,55,
Rider,ORG,ORG,54,
two,CARDINAL,CARDINAL,52,
WILP,ORG,WORK_OF_ART,51,
FICE,ORG,ORG,51,
30 days,DURATION,DATE,50,
MT,ORG,ORG,50,
12 months,DURATION,DATE,45,
Bengaluru,GPE,NORP,45,
Program,ORG,ORG,45,
"Kumbalgodu, Mysore Road",ORG,ORG,43,
MoU,PERSON,ORG,43,
one month,DATE,DATE,41,
the Confidential Information,ORG,ORG,41,
Belgaum,ORG,ORG,41,
CIN,ORG,ORG,40,
Govt,GPE,GPE,40,
Annual,DATE,DATE,39,
6,CARDINAL,CARDINAL,39,
Visvesvaraya Technological University,ORG,ORG,37,
the Company Rules,ORG,ORG,37,
30 day,DURATION,(missed),37,
60%,PERCENT,PERCENT,36,
One,CARDINAL,CARDINAL,35,
the Visvesvaraya Technological University,ORG,ORG,35,
AICTE,ORG,ORG,35,
one year,DATE,DATE,34,
Karnataka & Affiliated,ORG,ORG,34,
Lead Manager,DESIGNATION,(missed),34,
4,CARDINAL,CARDINAL,33,
10,CARDINAL,CARDINAL,33,
Affiliates,ORG,ORG,32,
working hours,TIME,TIME,31,
Agreement,ORG,PRODUCT,31,
a period of,DATE,DATE,30,
the Receiving Party,ORG,ORG,29,
RajaRajeswari College of Engineering,ORG,ORG,29,
12,CARDINAL,CARDINAL,28,
Manager,DESIGNATION,(missed),28,
PAN,ORG,ORG,28,
CTC,ORG,ORG,27,
WBP,ORG,ORG,27,
BoB,PERSON,PERSON,27,
2020,DATE,CARDINAL,27,
six months,DATE,DATE,26,
LTI,ORG,ORG,26,
Applicable Designation,WORK_OF_ART,WORK_OF_ART,26,
Rajarajeswari College Of Engineering,ORG,ORG,26,
Rajarajeswari College of Engineering,ORG,ORG,26,
Wipro,PERSON,ORG,25,
6 months,DURATION,DATE,25,
Sarjapur Road,FAC,FAC,25,
CSE,ORG,ORG,25,
Ramohalli,PERSON,PERSON,25,
Institute,ORG,ORG,25,
months,DATE,DATE,24,
Confidential Information,WORK_OF_ART,ORG,24,
5,CARDINAL,CARDINAL,24,
Key Personnel,ORG,GPE,24,
3/3/2,CARDINAL,CARDINAL,24,
Bellandur Gate,ORG,ORG,24,
Department Of Electrical And Electronics Engineering,ORG,ORG,24,
3 months,DURATION,DATE,22,
Income Tax,ORG,ORG,22,
15%,PERCENT,PERCENT,22,
Proposal,PERSON,PERSON,22,
Bidder,PRODUCT,PRODUCT,22,
560103,DATE,DATE,22,
India Tel,PERSON,PERSON,22,
080 - 6105,CARDINAL,CARDINAL,22,
"Rs.1,50,000",MONEY,(missed),21,
Wipro Limited,ORG,ORG,21,
ESI,ORG,ORG,21,
20,CARDINAL,CARDINAL,21,
Quess House,ORG,ORG,21,
Gintaa,ORG,ORG,21,
six,CARDINAL,CARDINAL,20,
7 days,DURATION,DATE,20,
"Rs. 20,000",MONEY,(missed),20,
Disclosing Party,ORG,ORG,20,
Receiving Party,ORG,ORG,20,
First Party,ORG,ORG,20,
2019,DATE,DATE,20,
Employee Data,ORG,ORG,20,
Board,ORG,ORG,20,
6) months,DATE,DATE,19,
days,DATE,DATE,19,
second,ORDINAL,ORDINAL,19,
7,CARDINAL,CARDINAL,18,
3.3,CARDINAL,CARDINAL,18,
English,LANGUAGE,LANGUAGE,18,
Hyderabad,ORG,GPE,18,
VSS,ORG,ORG,17,
Intellectual Property,PERSON,PERSON,17,
12%,PERCENT,PERCENT,17,
2.2,CARDINAL,CARDINAL,17,
Officer,DESIGNATION,(missed),17,
15 days,DURATION,DATE,17,
Mumbai,GPE,GPE,17,
14,CARDINAL,DATE,17,
MoU,ORG,ORG,17,
Services,ORG,ORG,17,
9001-2008,DATE,DATE,17,
MealVersity,ORG,ORG,17,
Delivery Partner Terms & Conditions,ORG,ORG,17,
032,CARDINAL,CARDINAL,17,
A.P.,ORG,ORG,17,
2.1,CARDINAL,CARDINAL,16,
Indian,NORP,NORP,16,
Offer,PERSON,PERSON,16,
Xplore,GPE,GPE,16,
Associate,WORK_OF_ART,ORG,16,
22,CARDINAL,CARDINAL,16,
Capgemini,PERSON,PERSON,16,
Bangalore,GPE,PERSON,16,
Centre of Excellence Laboratory of Department of Mechanical Engineering,ORG,ORG,16,
My Policies Section,PRODUCT,PRODUCT,15,
MAS,ORG,ORG,15,
Business Unit Head,ORG,ORG,15,
10%,PERCENT,PERCENT,15,
1.1,CARDINAL,CARDINAL,15,
Two,CARDINAL,CARDINAL,15,
11,CARDINAL,CARDINAL,15,
560074,DATE,DATE,15,
X-Ciencia Technologies India Pvt Ltd,ORG,ORG,15,
Insert,PERSON,PERSON,15,
Payyanur College,ORG,ORG,15,
Incubatee,GPE,GPE,15,
Hyper,PERSON,PERSON,15,
Tellapur,ORG,ORG,15,
three,CARDINAL,CARDINAL,14,
Okkiam Thoraipakkam,PERSON,PERSON,14,
2008,DATE,DATE,14,
Viasat,PERSON,WORK_OF_ART,14,
NEC BI,ORG,ORG,14,
the Board,ORG,ORG,14,
01,CARDINAL,CARDINAL,13,
first month,DATE,DATE,13,
one-month,DATE,DATE,13,
50%,PERCENT,PERCENT,13,
one month's,DATE,DATE,13,
1 year,DURATION,DATE,13,
Provident Fund,ORG,ORG,13,
Chennai,ORG,ORG,13,
9,CARDINAL,CARDINAL,13,
11/,CARDINAL,CARDINAL,13,
2025-26,DATE,DATE,13,
Intellectual Property,ORG,PERSON,13,
Mysuru Road,PERSON,PERSON,13,
Delivery Partner,ORG,ORG,13,
Wipro,GPE,ORG,12,
560,CARDINAL,CARDINAL,12,
6th Floor,ORG,ORG,12,
4.1,CARDINAL,CARDINAL,12,
5.1,CARDINAL,CARDINAL,12,
Rs100,MONEY,(missed),12,
Capgemini,GPE,PERSON,12,
Delhi,GPE,GPE,12,
the Effective Date,ORG,ORG,12,
INDIA,GPE,GPE,12,
Generis,PERSON,PERSON,12,
Faculty Members & Students,ORG,ORG,12,
the Facilities Agreement,LAW,LAW,12,
Name,PERSON,PERSON,12,
OTP,ORG,ORG,12,
Yyoe,PERSON,PERSON,12,
night,TIME,TIME,11,
Personal Information,ORG,ORG,11,
HRA,ORG,ORG,11,
3.2,CARDINAL,CARDINAL,11,
2.3,CARDINAL,CARDINAL,11,
2.4,CARDINAL,CARDINAL,11,
Analyst,DESIGNATION,(missed),11,
the Notice Period,EVENT,EVENT,11,
"Companies Act, 2013",LAW,(missed),11,
12 days,DURATION,DATE,11,
Group Company,ORG,ORG,11,
TKM,ORG,ORG,11,
Karnataka State,GPE,GPE,11,
Karnataka,PERSON,GPE,11,
Frazer Town,PERSON,PERSON,11,
Department of Physics,ORG,ORG,11,
MT,LOC,ORG,11,
a year,DATE,DATE,10,
"Rs. 75,000/-(Rupees",MONEY,(missed),10,
every financial year,DATE,DATE,10,
the Confidentiality Policy of the Company,ORG,ORG,10,
5.31 %,PERCENT,PERCENT,10,
quarterly,DATE,DATE,10,
"INR 15,000-",MONEY,(missed),10,
INR,ORG,ORG,10,
603,CARDINAL,CARDINAL,10,
Industrial Area,ORG,ORG,10,
3.1,CARDINAL,CARDINAL,10,
7.1,CARDINAL,CARDINAL,10,
https://wipro.icims.com/forms?module=Forms&action=showForm&view=htm&form=Elite_Offer_letter_template_2022&user=23073606&item=42,PERSON,PERSON,10,
the TCS Xplore Program,ORG,ORG,10,
Monthly,DATE,DATE,10,
Kolkata,GPE,GPE,10,
the day,DATE,DATE,10,
Cognizant,ORG,ORG,10,
Medical,ORG,ORG,10,
Cognizant,PRODUCT,ORG,10,
4 years,DURATION,DATE,10,
Rupees Twenty Thousand,ORG,ORG,10,
Rupees Two Lakhs,PERSON,PERSON,10,
"Rs. 2,40,000",MONEY,(missed),10,
30) days,DATE,DATE,10,
the Disclosing Party,ORG,ORG,10,
NDA,ORG,GPE,10,
100,CARDINAL,CARDINAL,10,
Contractor,PERSON,PRODUCT,10,
Aadhaar,ORG,ORG,10,
IMTMA,ORG,ORG,10,
NEC,ORG,ORG,10,
Kumbalgodu,PERSON,PERSON,10,
Kannur,GPE,GPE,10,
Wipro Limited (Company/Wipro,ORG,ORG,9,
24x7,CARDINAL,CARDINAL,9,
Top Gear modules,PERSON,PERSON,9,
"00,000",CARDINAL,CARDINAL,9,
each quarter,DATE,DATE,9,
a financial year,DATE,DATE,9,
two months,DATE,DATE,9,
1.2,CARDINAL,CARDINAL,9,
5.2,CARDINAL,CARDINAL,9,
IP,ORG,ORG,9,
INR,GPE,ORG,9,
"Rs.60,000",MONEY,(missed),9,
the first year,DATE,DATE,9,
Bouquet,ORG,ORG,9,
TCS Xplore Program,ORG,ORG,9,
3 days,DURATION,DATE,9,
PI,ORG,ORG,9,
"Confidential
Information",WORK_OF_ART,WORK_OF_ART,9,
2021,DATE,DATE,9,
weekly,DATE,DATE,9,
Rl'qd,GPE,GPE,9,
NBA,ORG,ORG,9,
30,CARDINAL,CARDINAL,9,
4th Floor,ORG,ORG,9,
Pune International Airport,FAC,FAC,9,
GeM Portal,ORG,ORG,9,
7.2,CARDINAL,CARDINAL,9,
MYTP,ORG,ORG,9,
Effective Date,WORK_OF_ART,WORK_OF_ART,9,
8 hours,TIME,TIME,9,
a week,DATE,DATE,9,
Quess,NORP,NORP,9,
University,ORG,ORG,9,
Software,ORG,ORG,9,
the year 2006,DATE,DATE,9,
impart Technical Education,ORG,ORG,9,
Present day,DATE,DATE,9,
Intake,ORG,ORG,9,
810,CARDINAL,CARDINAL,9,
Engineering Colleges,PERSON,PERSON,9,
Guest Lecturer,PERSON,PERSON,9,
Symposiums & Technical Workshops,ORG,ORG,9,
Rajarajeswari College,ORG,ORG,9,
Unique Doc,PERSON,PERSON,9,
Mysore Road,ORG,WORK_OF_ART,9,
Second Party,ORG,FAC,9,
li,PERSON,PERSON,9,
MVP,ORG,ORG,9,
Department of Electrical And Electronics Engineering,ORG,ORG,9,
145,MONEY,MONEY,9,
Visvesvarya Technological University,ORG,ORG,9,
3/1,MONEY,MONEY,9,
Platform,WORK_OF_ART,WORK_OF_ART,9,
the Letter of Offer,ORG,ORG,9,
02,CARDINAL,CARDINAL,8,
Variable Pay -,PERSON,PERSON,8,
Seventy Five Thousand,DATE,DATE,8,
three months',DATE,DATE,8,
"Rs. 14,",MONEY,(missed),8,
Pension Service Provider,ORG,ORG,8,
LIC & ICICI,ORG,ORG,8,
ten,CARDINAL,CARDINAL,8,
2 months,DURATION,DATE,8,
24 months,DURATION,DATE,8,
Travel,ORG,ORG,8,
years,DATE,DATE,8,
Group Personal Accident Insurance,ORG,ORG,8,
11.1,CARDINAL,CARDINAL,8,
160071,DATE,DATE,8,
90 days,DURATION,DATE,8,
2022,DATE,DATE,8,
TCS Xplore,PERSON,PERSON,8,
Trust,ORG,ORG,8,
"Gratuity Act, 1972",LAW,(missed),8,
5 days,DURATION,DATE,8,
"Rs.22,500/-",MONEY,DATE,8,
13,CARDINAL,CARDINAL,8,
West Bengal,GPE,GPE,8,
Andheri,PERSON,PERSON,8,
East,LOC,LOC,8,
the Intellectual Property,ORG,ORG,8,
10 days,DURATION,DATE,8,
Bidder,PERSON,PRODUCT,8,
3nd Floor,ORG,ORG,8,
Ashok Nagar,PERSON,PERSON,8,
560001,DATE,DATE,8,
1st Floor,ORG,ORG,8,
15,CARDINAL,CARDINAL,8,
the Termination Date,LAW,ORG,8,
19,CARDINAL,CARDINAL,8,
IoT,ORG,ORG,8,
Second,ORDINAL,ORDINAL,8,
Email,PERSON,PERSON,8,
1st,ORDINAL,ORDINAL,8,
UG Courses & 7 PG Courses,ORG,ORG,8,
All India Council for Technical Education,ORG,ORG,8,
Certified Institution,ORG,ORG,8,
"Student Internship, Students Training",ORG,ORG,8,
Project Internship,ORG,ORG,8,
Strict Confidentiality & Prevent,ORG,ORG,8,
Lightly Qualified Man Power,ORG,ORG,8,
HOD,ORG,ORG,8,
Department Of Electrical,ORG,ORG,8,
Microsoft,ORG,ORG,8,
560074,CARDINAL,DATE,8,
IMC,ORG,ORG,8,
Kerala,GPE,GPE,8,
IAG,ORG,ORG,8,
Miss.,GPE,GPE,8,
Permanent Address,ORG,ORG,8,
COD,ORG,ORG,8,
Delivery Partners,ORG,ORG,8,
Yourt,PERSON,PERSON,8,
2015,DATE,CARDINAL,8,
Advertisements,PERSON,PERSON,8,
Pension,ORG,ORG,7,
II,CARDINAL,CARDINAL,7,
the year,DATE,DATE,7,
Variable Pay,PERSON,PERSON,7,
Rs.100,MONEY,(missed),7,
Rs. 1500,MONEY,(missed),7,
20 years,DURATION,DATE,7,
"Rs. 12,00,000",MONEY,(missed),7,
year,DATE,DATE,7,
un,ORG,ORG,7,
9.2,CARDINAL,CARDINAL,7,
10.1,CARDINAL,CARDINAL,7,
11.2,CARDINAL,CARDINAL,7,
the Provident Fund,ORG,ORG,7,
Regd Office,ORG,ORG,7,
Salary,PERSON,PERSON,7,
First,ORDINAL,ORDINAL,7,
DXC,ORG,ORG,7,
Software Engineer,DESIGNATION,ORG,7,
100%,PERCENT,PERCENT,7,
1241,DATE,DATE,7,
Corporate Park,GPE,GPE,7,
"the ""Party",ORG,ORG,7,
4.2,CARDINAL,CARDINAL,7,
Section 2,LAW,LAW,7,
IPR,ORG,ORG,7,
the Board of Directors,ORG,ORG,7,
Samrah Plaza,PERSON,PERSON,7,
Shanthala Nagar,PERSON,PERSON,7,
Works,PERSON,PERSON,7,
CamScanner,ORG,ORG,7,
Proprietary Information,ORG,ORG,7,
"Companies Act, 1956",LAW,(missed),7,
GOC Services India Private Limited,ORG,ORG,7,
Tekion India Private Limited,ORG,ORG,7,
3rd,ORDINAL,ORDINAL,7,
080,CARDINAL,CARDINAL,7,
Accenture,WORK_OF_ART,ORG,7,
1) year,DATE,DATE,7,
Mou,PERSON,PERSON,7,
Bangalore-560085,ORG,ORG,7,
Mutt Layout,PERSON,PERSON,7,
RajaRajeswari,ORG,ORG,7,
Principal,PERSON,PERSON,7,
18%,PERCENT,PERCENT,7,
20-24,TIME,TIME,7,
8,CARDINAL,DATE,7,
Kambipura,GPE,GPE,7,
toVisvesvaraya Technological University,ORG,ORG,7,
Sunrise Tower,FAC,FAC,7,
2nd Floor,ORG,ORG,7,
6th Block,ORG,ORG,7,
Studeņt Name,GPE,GPE,7,
the Securities and Exchange Board of India,ORG,ORG,7,
Zifo,PERSON,PERSON,6,
Four,CARDINAL,CARDINAL,6,
the University/Institution,ORG,ORG,6,
Provident Fund Scheme,ORG,ORG,6,
Law,PERSON,PERSON,6,
the Securities of the Company,ORG,ORG,6,
UPSI,ORG,WORK_OF_ART,6,
2000,DATE,DATE,6,
Gratuity,ORG,ORG,6,
Onetime Interest,ORG,ORG,6,
B1,CARDINAL,CARDINAL,6,
300,CARDINAL,CARDINAL,6,
8 days,DURATION,DATE,6,
food &,ORG,ORG,6,
Rs.1200,MONEY,(missed),6,
"Rs. 8,400",MONEY,(missed),6,
Transfer,PERSON,PERSON,6,
Wipro,FAC,ORG,6,
Joining & Relocation Entitlements,ORG,ORG,6,
"Rs 2,00,000",MONEY,(missed),6,
Base Medical,ORG,ORG,6,
every year,DATE,DATE,6,
1.3,CARDINAL,CARDINAL,6,
5.3,CARDINAL,CARDINAL,6,
8.1,CARDINAL,CARDINAL,6,
12.1,CARDINAL,CARDINAL,6,
90,CARDINAL,CARDINAL,6,
thirty,CARDINAL,CARDINAL,6,
7 Days,DATE,DATE,6,
three days,DATE,DATE,6,
the TCS Xplore Programme,ORG,ORG,6,
Diploma,PERSON,PERSON,6,
Confidentiality,ORG,ORG,6,
60th,ORDINAL,ORDINAL,6,
"Bonus Act, 1965",LAW,(missed),6,
Internship,ORG,ORG,6,
DXC Technology,ORG,ORG,6,
10th,ORDINAL,ORDINAL,6,
MISCELLANEOUS,PERSON,PERSON,6,
the First Party,ORG,ORG,6,
Third Party,ORG,ORG,6,
3rd Floor,ORG,ORG,6,
Pune and Chaudhary,ORG,ORG,6,
4.3,CARDINAL,CARDINAL,6,
the Central Government,ORG,ORG,6,
10 years,DURATION,DATE,6,
the Performance Security,ORG,ORG,6,
6.1,CARDINAL,CARDINAL,6,
the Selection Process,EVENT,EVENT,6,
LOA,ORG,ORG,6,
Buyer,PERSON,PERSON,6,
15 (fifteen) days,DURATION,(missed),6,
Deliverables,PERSON,PERSON,6,
CL,ORG,ORG,6,
Junior Engineer,DESIGNATION,(missed),6,
five,CARDINAL,CARDINAL,6,
9.1,CARDINAL,CARDINAL,6,
"Conciliation Act, 1996",LAW,(missed),6,
a month,DATE,DATE,6,
Affiliate,ORG,ORG,6,
Quess Corp,ORG,ORG,6,
afternoon,TIME,TIME,6,
Google,ORG,ORG,6,
Related Corporations,ORG,ORG,6,
680,MONEY,MONEY,6,
8th Main,ORG,ORG,6,
15th Cross,ORG,ORG,6,
JP Nagar,ORG,ORG,6,
Scholar,ORG,ORG,6,
LVB,ORG,ORG,6,
Receiving Party's,ORG,ORG,6,
SCADA,ORG,ORG,6,
DCS,ORG,ORG,6,
ECE,ORG,ORG,6,
this Memorandum of Understanding,WORK_OF_ART,WORK_OF_ART,6,
the past 9 Years,DATE,DATE,6,
Schedule of Technical Talks,ORG,ORG,6,
Bangalore-560060,ORG,ORG,6,
Vijayanagar,PRODUCT,PRODUCT,6,
074,CARDINAL,CARDINAL,6,
Certificate,ORG,ORG,6,
Chief Executive,DESIGNATION,(missed),6,
Rajarajeswari Group,ORG,ORG,6,
Opp,GPE,GPE,6,
LOGINWARE SOFTTEC PVT. LTD,ORG,ORG,6,
Rajarajeswari,ORG,ORG,6,
NEC B1,ORG,ORG,6,
Robertson Road Cross,ORG,ORG,6,
VIRTUAL,ORG,ORG,6,
"2nd Stage,",ORG,ORG,6,
Restaurant,ORG,ORG,6,
PDF,ORG,ORG,6,
Jotform Sign,PERSON,PERSON,6,
Platform,PERSON,WORK_OF_ART,6,
the Restrictive Covenants,ORG,ORG,6,
"Rs. 1,98,000/-",MONEY,(missed),6,
Aliens group Corp.,ORG,ORG,6,
OFFER LETTER,ORG,ORG,6,
Company Shares,ORG,ORG,6,
Recital A,ORG,ORG,6,
Promoters,PRODUCT,WORK_OF_ART,6,
OFFER,ORG,ORG,5,
2 days,DURATION,DATE,5,
first year,DATE,DATE,5,
the Terms & Conditions,ORG,ORG,5,
80) 2844 0011,DATE,DATE,5,
Wipro Medical Assistance Scheme,ORG,ORG,5,
the ESI Act,LAW,LAW,5,
Conflict of Interest',WORK_OF_ART,WORK_OF_ART,5,
no 'Conflict of Interest',PRODUCT,PRODUCT,5,
Wipro Limited's,ORG,ORG,5,
UPSI,WORK_OF_ART,WORK_OF_ART,5,
UPSI of the Company,WORK_OF_ART,WORK_OF_ART,5,
Immediate Relatives,ORG,ORG,5,
two trading days,DATE,DATE,5,
Insiders,ORG,ORG,5,
Curriculum Vitae,ORG,ORG,5,
Project Engineers,ORG,ORG,5,
"Rs. 20,000/-",MONEY,(missed),5,
"Rs. 50,000/-",MONEY,(missed),5,
"Rs.15,000",MONEY,(missed),5,
the first three years,DATE,DATE,5,
a quarter,DATE,DATE,5,
Bands Team Rainbow,ORG,ORG,5,
A1,PERSON,PERSON,5,
A2,GPE,GPE,5,
A3,ORG,ORG,5,
Bands in Support,WORK_OF_ART,WORK_OF_ART,5,
the quarter,DATE,DATE,5,
the last working day of the quarter,DATE,DATE,5,
every month,DATE,DATE,5,
Wipro Benefits Plan,ORG,ORG,5,
Leave Travel Allowance and Education Allowance,ORG,ORG,5,
Telephone/Mobile,ORG,ORG,5,
Perquisite Tax,ORG,ORG,5,
GPRS,PERSON,PERSON,5,
"Rs. 19,800",MONEY,(missed),5,
Rs. 1100,MONEY,(missed),5,
Non-Transferable,ORG,ORG,5,
between 5%,PERCENT,PERCENT,5,
NPS,ORG,ORG,5,
Notional,ORG,ORG,5,
Rs.1000,MONEY,(missed),5,
"Rs.8,000",MONEY,NORP,5,
Rs.15000,MONEY,(missed),5,
"premium,10%",PERCENT,PERCENT,5,
INR 20 LPA,MONEY,(missed),5,
Grade B3,NORP,NORP,5,
"Rs. 15,000",MONEY,(missed),5,
"15,000",CARDINAL,CARDINAL,5,
2.7%,PERCENT,PERCENT,5,
80%,PERCENT,PERCENT,5,
"Rs. 6,480",MONEY,(missed),5,
"Rs. 50,000",MONEY,(missed),5,
the corpus year,DATE,DATE,5,
Prudential,ORG,ORG,5,
25%,PERCENT,PERCENT,5,
Morning,TIME,TIME,5,
1 month,DURATION,DATE,5,
3.4,CARDINAL,CARDINAL,5,
TATA Consultancy Services Limited,ORG,ORG,5,
Grade Y.,PERSON,PERSON,5,
Readiness,ORG,ORG,5,
Leave Travel Allowance,ORG,ORG,5,
the financial year,DATE,DATE,5,
PAN Card,ORG,ORG,5,
month,DATE,DATE,5,
Non-Solicitation,ORG,ORG,5,
1.5,CARDINAL,CARDINAL,5,
31st March,DATE,DATE,5,
2018,DATE,DATE,5,
20%,PERCENT,PERCENT,5,
40%,PERCENT,PERCENT,5,
Tamil Nadu,PERSON,PERSON,5,
91-22,CARDINAL,CARDINAL,5,
Outer Ring Road,PERSON,PERSON,5,
Varthur Hobli,PERSON,PERSON,5,
Year,DATE,DATE,5,
The Receiving Party,ORG,ORG,5,
Arbitration,ORG,ORG,5,
Assigns,PERSON,PERSON,5,
3.5,CARDINAL,CARDINAL,5,
3.6,CARDINAL,CARDINAL,5,
3.7,CARDINAL,CARDINAL,5,
4.4,CARDINAL,CARDINAL,5,
4.6,CARDINAL,CARDINAL,5,
7.4,CARDINAL,CARDINAL,5,
Airport Operators,ORG,ORG,5,
06 months,DURATION,DATE,5,
the Airport Operator,FAC,FAC,5,
Key Personnel,PERSON,GPE,5,
Bidders,ORG,ORG,5,
6.2,CARDINAL,CARDINAL,5,
6.3,CARDINAL,CARDINAL,5,
Project,ORG,ORG,5,
three years,DATE,DATE,5,
the Government of India,ORG,ORG,5,
the Key Personnel,ORG,ORG,5,
2.10.1,CARDINAL,CARDINAL,5,
the day and year first,DATE,DATE,5,
Bank,ORG,ORG,5,
5th,ORDINAL,ORDINAL,5,
12days,DURATION,(missed),5,
Sunday/Holiday,DATE,DATE,5,
week days,DATE,DATE,5,
the next week,DATE,DATE,5,
FIRST,ORDINAL,ORDINAL,5,
D.,NORP,NORP,5,
8.2,CARDINAL,CARDINAL,5,
Chandrashekar,PERSON,PERSON,5,
80,CARDINAL,CARDINAL,5,
Client,GPE,GPE,5,
ISO,ORG,ORG,5,
16,CARDINAL,CARDINAL,5,
daily,DATE,DATE,5,
Viasat,ORG,WORK_OF_ART,5,
Viasat,GPE,WORK_OF_ART,5,
the Proprietary Information,ORG,ORG,5,
the Termination Date,ORG,ORG,5,
"Copyright Act, 1957",LAW,(missed),5,
18,CARDINAL,CARDINAL,5,
November 2021,DATE,DATE,5,
8th,ORDINAL,ORDINAL,5,
Accenture,ORG,ORG,5,
November 2016,DATE,DATE,5,
PLC,ORG,ORG,5,
Drives,ORG,ORG,5,
RAJARAJESWARI COLLEGE OF ENGINEERING,ORG,ORG,5,
Bengaluru-560074,ORG,ORG,5,
Registered Office,ORG,ORG,5,
Design,NORP,NORP,5,
Technologists,NORP,NORP,5,
three month's,DATE,DATE,5,
RajaRajeshwari College of Engineering,ORG,ORG,5,
2880+,DATE,DATE,5,
Ramohalli Cross,ORG,PERSON,5,
SelectSmart,PERSON,ORG,5,
ONE,CARDINAL,CARDINAL,5,
HBR Layout,ORG,ORG,5,
r.,NORP,NORP,5,
"Rajarajeswari
College of Engineering",ORG,ORG,5,
Electrical & Electronics Engg,ORG,ORG,5,
Kengeri,PERSON,ORG,5,
2,MONEY,CARDINAL,5,
Ganesh Naik,PERSON,PERSON,5,
9591745792,DATE,DATE,5,
Yasin,PERSON,PERSON,5,
The Virtual Internship Program,ORG,ORG,5,
KK,ORG,ORG,5,
sse,ORG,ORG,5,
INTERN,ORG,ORG,5,
Nagarabhavi Outer,PERSON,PERSON,5,
Non-Competition,ORG,ORG,5,
MealVersity Rider Legal https://www.mealversity.com/legal/rider/terms-and-conditions,ORG,ORG,5,
Applicable Law,WORK_OF_ART,WORK_OF_ART,5,
ALIENS,ORG,ORG,5,
26th Oct 2017,PERSON,PERSON,5,
20 June 2019,DATE,DATE,5,
INDIA Aliens,ORG,ORG,5,
Section 6,LAW,LAW,5,
later than the 15th day of the 3rd month,DATE,DATE,5,
Value,ORG,ORG,5,
the Restricted Time Period,ORG,ORG,5,
5.00,CARDINAL,CARDINAL,5,
the Rights Equity Shares,ORG,ORG,5,
Publicity Material,ORG,WORK_OF_ART,5,
2017,DATE,DATE,4,
Monday to Friday,DATE,DATE,4,
the The Conflict of Interest Policy,LAW,LAW,4,
Counseling,PERSON,PERSON,4,
the Securities of Individual and Personal Responsibility,ORG,ORG,4,
Provident,GPE,GPE,4,
the Medical Assistance Program,ORG,ORG,4,
Mediclaim,PERSON,PERSON,4,
40,CARDINAL,CARDINAL,4,
The Survivor Benefit Plan's,WORK_OF_ART,WORK_OF_ART,4,
Interest Free Loan,ORG,ORG,4,
the first month,DATE,DATE,4,
Sayan,NORP,NORP,4,
Offer Letter,ORG,PERSON,4,
Learning Incentives,ORG,ORG,4,
"TCS Xplore
Program",ORG,ORG,4,
"Terms &
Conditions",ORG,ORG,4,
Bouquet,PRODUCT,ORG,4,
"the ""Employee Self Service",EVENT,EVENT,4,
at least 5%,PERCENT,PERCENT,4,
VISA,ORG,ORG,4,
500/-,CARDINAL,CARDINAL,4,
"1,700/-",CARDINAL,CARDINAL,4,
600/- per month,DATE,DATE,4,
Quarterly Variable Allowance,WORK_OF_ART,WORK_OF_ART,4,
Quarterly Variable Allowance,ORG,WORK_OF_ART,4,
Performance Pay,PERSON,PERSON,4,
Readiness Incentive,ORG,ORG,4,
"6,000/-",CARDINAL,CARDINAL,4,
Higher Hospitalisation,EVENT,EVENT,4,
twenty six weeks,DATE,DATE,4,
twelve weeks,DATE,DATE,4,
TCS India Policy - Maternity Leave,ORG,ORG,4,
Tata Sons,PERSON,PERSON,4,
TWT,ORG,ORG,4,
"The Employees Provident
Fund",WORK_OF_ART,WORK_OF_ART,4,
"Miscellaneous Provisions Act, 1952",LAW,(missed),4,
the Board / University,ORG,ORG,4,
Standard Xth,FAC,FAC,4,
Graduation/ Post Graduation,ORG,ORG,4,
University/Institute,ORG,ORG,4,
Webinars,FAC,FAC,4,
TCS Xplore,ORG,PERSON,4,
the first twelve months,DATE,DATE,4,
the TCS Xperience Programme,ORG,ORG,4,
a consecutive period of,DATE,DATE,4,
TCS Xperience,ORG,ORG,4,
Confidentiality Clause,ORG,ORG,4,
"50,000/-towards",CARDINAL,CARDINAL,4,
Policy-International Assignments,FAC,FAC,4,
Countries,ORG,ORG,4,
the TATA Code of Conduct,LAW,LAW,4,
"50,000/-",CARDINAL,CARDINAL,4,
International Assignment Agreement,LAW,LAW,4,
Medical Certificate of Fitness,ORG,ORG,4,
Original Documents,ORG,ORG,4,
Indian Income Tax,ORG,ORG,4,
Post Graduation(if,FAC,FAC,4,
Srilankan,NORP,NORP,4,
Refugee Identity,ORG,ORG,4,
Birth Affidavit,PERSON,PERSON,4,
Birth Certificate,PERSON,PERSON,4,
Non-Criminal Affidavit,ORG,ORG,4,
Relieving letter & Experience,ORG,ORG,4,
Xerox,ORG,ORG,4,
Nepal & Bhutan Citizenship,ORG,ORG,4,
TCS Xperience Program,ORG,ORG,4,
Refer,PERSON,PERSON,4,
Table 2,PRODUCT,PRODUCT,4,
Structure,PERSON,PERSON,4,
Rs. 7900,MONEY,(missed),4,
Single,GPE,GPE,4,
Children,PERSON,PERSON,4,
"Rs. 3,900/-",MONEY,(missed),4,
Associate,PRODUCT,ORG,4,
the Confidential Information of TCS,ORG,ORG,4,
Security and Confidentiality of TCS,ORG,ORG,4,
Associate of the Confidential Information,WORK_OF_ART,WORK_OF_ART,4,
"Conciliation Act, 1999",LAW,(missed),4,
Tower 1,EVENT,EVENT,4,
33,CARDINAL,CARDINAL,4,
1.7,CARDINAL,CARDINAL,4,
IP Assignment,ORG,ORG,4,
Non-Competition and,ORG,ORG,4,
Amdocs Development Centre India LLP,ORG,ORG,4,
9 hours,TIME,TIME,4,
Maharashtra,ORG,ORG,4,
seven days,DATE,DATE,4,
Trainee,PERSON,PERSON,4,
CSD,ORG,ORG,4,
• Round,ORG,ORG,4,
"Compensation Act, 2010",LAW,(missed),4,
• Gratuity,ORG,ORG,4,
240,CARDINAL,CARDINAL,4,
Pension Fund & EDLI Scheme,ORG,ORG,4,
"Advance Statutory Bonus"" & ""House Rent Allowance",WORK_OF_ART,WORK_OF_ART,4,
the Advanced Statutory Bonus,ORG,ORG,4,
Employer PF & ESI,ORG,ORG,4,
a particular month,DATE,DATE,4,
the month,DATE,DATE,4,
Provident Fund/ESI Contribution,ORG,ORG,4,
8/13/22,DATE,CARDINAL,4,
"Rs.401,986/-",MONEY,(missed),4,
Total Remuneration,ORG,ORG,4,
the National Skills Registry,ORG,ORG,4,
NSR,ORG,ORG,4,
ITPIN,ORG,ORG,4,
Japanese,NORP,NORP,4,
DXC Technology Company,ORG,ORG,4,
three months,DATE,DATE,4,
Bonus,FAC,FAC,4,
Bldg,GPE,GPE,4,
Thirty,CARDINAL,CARDINAL,4,
Government Organizations,ORG,ORG,4,
the First Party's,ORG,ORG,4,
Employees,ORG,ORG,4,
5) years,DATE,DATE,4,
Date,ORG,ORG,4,
the Vendor / Seller / Development Partner,ORG,ORG,4,
1.3.1.1,CARDINAL,CARDINAL,4,
the Disclosing Party / First Party,ORG,ORG,4,
1.3.1.2,CARDINAL,CARDINAL,4,
1.3.1.3,CARDINAL,CARDINAL,4,
"the Receiving
Party",ORG,ORG,4,
Udaan Bhawan,PERSON,PERSON,4,
Safdarjung Airport,FAC,FAC,4,
GeM,ORG,ORG,4,
25,CARDINAL,CARDINAL,4,
2016,DATE,DATE,4,
Proposal,FAC,PERSON,4,
Tariff Order,ORG,ORG,4,
20 days,DURATION,DATE,4,
Years,DATE,DATE,4,
07 years,DURATION,DATE,4,
GST,ORG,ORG,4,
Contract Order/ Letter of Award,ORG,ORG,4,
08,CARDINAL,CARDINAL,4,
4.5,CARDINAL,CARDINAL,4,
1 Month,DATE,DATE,4,
30 (thirty) days,DURATION,(missed),4,
5.4,CARDINAL,CARDINAL,4,
TDS,ORG,ORG,4,
7.3,CARDINAL,CARDINAL,4,
Major Airports,ORG,ORG,4,
two years,DATE,DATE,4,
Three,CARDINAL,CARDINAL,4,
Asst,ORG,ORG,4,
KYC,ORG,ORG,4,
Bangalore However,ORG,ORG,4,
the Standing Orders,ORG,ORG,4,
Bengaluru,NORP,NORP,4,
Dist,NORP,NORP,4,
Contractor,PRODUCT,PRODUCT,4,
10.2,CARDINAL,CARDINAL,4,
Neither Party,ORG,ORG,4,
Notice,ORG,FAC,4,
10.If,CARDINAL,CARDINAL,4,
Hearty Welcome,ORG,ORG,4,
BSR Infratech India Limited,ORG,ORG,4,
Girish,NORP,NORP,4,
3rd Cross,ORG,ORG,4,
9001,DATE,DATE,4,
6 days,DURATION,DATE,4,
17,CARDINAL,CARDINAL,4,
Homelane Headquaters,PERSON,PERSON,4,
Beside SBI Bank,ORG,ORG,4,
30days,DURATION,(missed),4,
Haryana,PERSON,PERSON,4,
Sineka Narayanan,PERSON,PERSON,4,
this Letter of Appointment,ORG,ORG,4,
thirty days,DATE,DATE,4,
August,DATE,DATE,4,
the Commencement Date,ORG,ORG,4,
Google LLC,ORG,ORG,4,
the United States of America,GPE,GPE,4,
the Confidentiality Policy of Wipro,ORG,ORG,4,
UAN,ORG,ORG,4,
Disclosing Party,WORK_OF_ART,ORG,4,
Disclosing Party's,ORG,ORG,4,
Territory,ORG,ORG,4,
DISPUTE,ORG,ORG,4,
Internships,ORG,ORG,4,
UG,GPE,GPE,4,
Faculty,PERSON,PERSON,4,
Joint,ORG,ORG,4,
3) month,DATE,DATE,4,
SECOND,ORDINAL,ORDINAL,4,
ML,ORG,ORG,4,
Kanakapura Main Road,PERSON,PERSON,4,
Raja Rajeshwari College of Engineering,ORG,ORG,4,
RRCE & Apsis Solutions,ORG,ORG,4,
RRCE & Chokmah Technologies Pvt. Ltd.,ORG,ORG,4,
2 Years,DATE,DATE,4,
Jobs,PERSON,PERSON,4,
EEE,ORG,ORG,4,
RRCE &,ORG,ORG,4,
One Hundred,CARDINAL,CARDINAL,4,
74,CARDINAL,CARDINAL,4,
Dispute,ORG,WORK_OF_ART,4,
Mechanical Engineering,ORG,ORG,4,
23,CARDINAL,CARDINAL,4,
Stamp Duty Amount(Rs,WORK_OF_ART,WORK_OF_ART,4,
Host Institute,ORG,ORG,4,
Shall,PERSON,PERSON,4,
Kalyan Nagar,PERSON,PERSON,4,
the Competent Authority,ORG,ORG,4,
Amendment,PRODUCT,PRODUCT,4,
BM Bypass Road,ORG,ORG,4,
Boovanahalli,GPE,GPE,4,
RAJARAJESWARI,ORG,ORG,4,
Department of Chemistry,ORG,ORG,4,
Payyanur,GPE,GPE,4,
Devarabeesanahalli,GPE,GPE,4,
the Institute,ORG,ORG,4,
INTEL,ORG,ORG,4,
Title,PERSON,PERSON,4,
24.11.2018,CARDINAL,CARDINAL,4,
154,MONEY,MONEY,4,
K S Town,ORG,ORG,4,
National Engineering College,ORG,ORG,4,
Kovilpatti,PERSON,PERSON,4,
Saakshin Technologies Pvt Ltd,ORG,ORG,4,
RRCE & Gemini Electro Corporation,ORG,ORG,4,
XCiencia Technologies India PVT,ORG,ORG,4,
Machine Learning Using Python,WORK_OF_ART,WORK_OF_ART,4,
Bangalore - 560006,ORG,ORG,4,
ALTAIR HYPERWORKS,WORK_OF_ART,WORK_OF_ART,4,
Technical Consultant,DESIGNATION,(missed),4,
Department of Electrical and Electronics Engineering,ORG,ORG,4,
"Design, Develop",ORG,ORG,4,
Tel No.9035041008,PERSON,PERSON,4,
19/01/2019,DATE,DATE,4,
488,MONEY,CARDINAL,4,
December 2019,DATE,DATE,4,
45 days,DURATION,DATE,4,
15-11-2019,DATE,CARDINAL,4,
30-12-2019,DATE,TIME,4,
Faculty of Science,WORK_OF_ART,WORK_OF_ART,4,
Prince of Songkla University,ORG,ORG,4,
Reg,PERSON,PERSON,4,
the Delivery Partner,ORG,ORG,4,
2026,DATE,DATE,4,
SIM,ORG,ORG,4,
eight thousand,CARDINAL,CARDINAL,4,
Cause,ORG,GPE,4,
Good Reason,PERSON,PERSON,4,
the Grant Date,ORG,ORG,4,
sixty,CARDINAL,CARDINAL,4,
60) days,DATE,DATE,4,
each fiscal year,DATE,DATE,4,
Section 6(i,LAW,LAW,4,
ten (10) days,DATE,DATE,4,
Competing Service/Product,ORG,WORK_OF_ART,4,
EIH Limited,ORG,ORG,4,
2 years,DURATION,DATE,3,
the calendar year,DATE,DATE,3,
21 days,DURATION,DATE,3,
one week,DATE,DATE,3,
1/21/22,DATE,CARDINAL,3,
3:45 PM https://wipro.icims.com/forms?module=Forms&action=showForm&view=htm&form=Elite_Offer_letter_template_2022&user=2307,TIME,TIME,3,
4/12,CARDINAL,CARDINAL,3,
Benefits-> Voluntary Superannuation Scheme,ORG,ORG,3,
"20/04/2022,15:40",DATE,CARDINAL,3,
Associate Software Engineer,DESIGNATION,WORK_OF_ART,3,
XenonStack,ORG,ORG,3,
9.3,CARDINAL,CARDINAL,3,
12.3,CARDINAL,CARDINAL,3,
Aadhar Card,PERSON,PERSON,3,
Interns,PERSON,PERSON,3,
2.5,CARDINAL,CARDINAL,3,
"`14,784/- per month",DATE,DATE,3,
"5,914/- per month",DATE,DATE,3,
the TCS Data Privacy Policy,ORG,ORG,3,
Personal Information (PI,ORG,ORG,3,
TCS Data Privacy Policy,ORG,ORG,3,
700,CARDINAL,CARDINAL,3,
Sayan Chattopadhyay,PERSON,PERSON,3,
Pune,LOC,GPE,3,
Intellectual Property Rights,WORK_OF_ART,WORK_OF_ART,3,
twelve,CARDINAL,CARDINAL,3,
Tel,PERSON,PERSON,3,
the last date of the month,DATE,DATE,3,
2.7,CARDINAL,CARDINAL,3,
Continuous Skill Development,PERSON,PERSON,3,
zero,CARDINAL,CARDINAL,3,
GyanSys - Offer Of Employment - Shnouli Mukhherjee,ORG,ORG,3,
1/2,CARDINAL,CARDINAL,3,
"Computer Science & Engineering
Candidate ID",ORG,ORG,3,
Cognizant Technology Solutions India,ORG,ORG,3,
"Rs.23,986/-",MONEY,(missed),3,
"Rs.455,880/-",MONEY,ORG,3,
"Rs. 24,880/-",MONEY,(missed),3,
Life Insurance and Gratuity,ORG,ORG,3,
Clock Group,ORG,ORG,3,
• Employees',ORG,ORG,3,
Monthly Gross Salary,WORK_OF_ART,WORK_OF_ART,3,
Special Payout,WORK_OF_ART,WORK_OF_ART,3,
ESI Eligible Wages Eligibility,ORG,ORG,3,
ESI Wages,ORG,ORG,3,
ESI Contribution,ORG,ORG,3,
Flexible Benefit Plan: Your Compensation,WORK_OF_ART,WORK_OF_ART,3,
German,NORP,NORP,3,
July,DATE,DATE,3,
Oct,PERSON,PERSON,3,
the previous quarter,DATE,DATE,3,
Chennai - 600,ORG,ORG,3,
097,PRODUCT,PRODUCT,3,
Rewards App,PERSON,PERSON,3,
five years,DATE,DATE,3,
3 years,DURATION,DATE,3,
1.6,CARDINAL,CARDINAL,3,
two months',DATE,DATE,3,
Notice,FAC,FAC,3,
Supporting Documentation,ORG,ORG,3,
Mark,PERSON,PERSON,3,
the last two years,DATE,DATE,3,
the Protective Covenants,ORG,ORG,3,
Steria,GPE,GPE,3,
Andheri - Ghatkopar Link Road,ORG,PERSON,3,
60 years,DURATION,DATE,3,
the working hours,TIME,TIME,3,
Confidential Information',ORG,ORG,3,
US,GPE,GPE,3,
Quarterly,DATE,DATE,3,
60 days,DURATION,DATE,3,
2011,DATE,DATE,3,
Five,CARDINAL,CARDINAL,3,
8,DATE,DATE,3,
Conciliation Act 1996,LAW,(missed),3,
Successors,PERSON,PERSON,3,
110003,DATE,DATE,3,
11/2025-26,CARDINAL,CARDINAL,3,
Lucknow,PERSON,PERSON,3,
1.10,CARDINAL,CARDINAL,3,
Section 3,LAW,LAW,3,
3.8,CARDINAL,CARDINAL,3,
GeM,PRODUCT,ORG,3,
Airport,PERSON,PERSON,3,
1.1.2,CARDINAL,CARDINAL,3,
1.1.3,CARDINAL,CARDINAL,3,
1.1.4,CARDINAL,CARDINAL,3,
05,CARDINAL,CARDINAL,3,
Assisting AERA,PERSON,PERSON,3,
QCBS,ORG,ORG,3,
06 Months,DATE,DATE,3,
Multi Year,EVENT,EVENT,3,
Personnel,ORG,ORG,3,
Consultation Paper,ORG,ORG,3,
five days,DATE,DATE,3,
Indian Rupees,ORG,ORG,3,
only one,CARDINAL,CARDINAL,3,
08 marks,MONEY,MONEY,3,
06 marks,MONEY,MONEY,3,
the Selection Process,ORG,EVENT,3,
"Corruption Act, 1988",LAW,(missed),3,
Application,ORG,ORG,3,
2026-27,DATE,DATE,3,
1.1.1,CARDINAL,CARDINAL,3,
Dispute,WORK_OF_ART,WORK_OF_ART,3,
This Agreement,WORK_OF_ART,WORK_OF_ART,3,
Contract,ORG,ORG,3,
Seller,PERSON,PERSON,3,
2.10.2,CARDINAL,CARDINAL,3,
Prohibited Practices,ORG,WORK_OF_ART,3,
4.7,CARDINAL,CARDINAL,3,
india,GPE,GPE,3,
Gross,PERSON,PERSON,3,
GSTIN,PERSON,PERSON,3,
KARNATAKA,ORG,ORG,3,
Your Total CTC,ORG,ORG,3,
1S/,CARDINAL,CARDINAL,3,
"Rs. 15,000.00",MONEY,(missed),3,
"Rupees
Fifteen Thousand Only",ORG,ORG,3,
Traveling Convenience,PERSON,PERSON,3,
the Authorized Office or Sr,ORG,ORG,3,
the Roles & Responsibilities,ORG,ORG,3,
Rules & Regulations,ORG,ORG,3,
the Orders of the Management,ORG,ORG,3,
Month,DATE,DATE,3,
The Contractor,WORK_OF_ART,WORK_OF_ART,3,
5.5,CARDINAL,CARDINAL,3,
7.5,CARDINAL,CARDINAL,3,
Main Road,FAC,FAC,3,
Thirteen Thousand,CARDINAL,CARDINAL,3,
9.00am,CARDINAL,CARDINAL,3,
6.00pm,CARDINAL,CARDINAL,3,
Monday,DATE,DATE,3,
15th,ORDINAL,ORDINAL,3,
150,CARDINAL,CARDINAL,3,
Seven days,DATE,DATE,3,
Thirty days',DATE,DATE,3,
Non-Compete Agreement,ORG,ORG,3,
Awfis,PERSON,PERSON,3,
400,CARDINAL,CARDINAL,3,
Rajesh,PERSON,PERSON,3,
HR Manager,DESIGNATION,(missed),3,
7th,ORDINAL,ORDINAL,3,
October 2020,DATE,DATE,3,
40 hours,TIME,TIME,3,
kannamapet,ORG,ORG,3,
10/07/2023,DATE,CARDINAL,3,
hours,TIME,TIME,3,
the Intranet/Employee Portal,ORG,ORG,3,
13.1,CARDINAL,CARDINAL,3,
SEVERABILITY,ORG,ORG,3,
Quess Corp Ltd.,ORG,ORG,3,
Quess Corp Limited,ORG,ORG,3,
103,CARDINAL,CARDINAL,3,
Committee,ORG,ORG,3,
IC,PERSON,PERSON,3,
Bribery Act 2010,LAW,(missed),3,
NA,ORG,ORG,3,
New Town,GPE,GPE,3,
normal working hours,TIME,TIME,3,
Section 19(4),LAW,(missed),3,
Section 19A,LAW,LAW,3,
Bonus,WORK_OF_ART,FAC,3,
Plan,WORK_OF_ART,ORG,3,
Medical Insurance,ORG,ORG,3,
M. Tech,PERSON,PERSON,3,
48 months,DURATION,DATE,3,
Project Readiness Program,ORG,ORG,3,
Software Engineering,ORG,ORG,3,
75%,PERCENT,PERCENT,3,
Academy,ORG,ORG,3,
Trainees,ORG,ORG,3,
fiscal year,DATE,DATE,3,
the Advisory Equity,ORG,ORG,3,
Consultancy Agreement Template,ORG,ORG,3,
Limitation of Liability,ORG,ORG,3,
the last five years,DATE,DATE,3,
Odisha,GPE,GPE,3,
Sydney,GPE,GPE,3,
MCA,ORG,ORG,3,
11.4,CARDINAL,CARDINAL,3,
Kamataka,PERSON,PERSON,3,
Nagarabhavi,PERSON,PERSON,3,
Bangalore-560072,ORG,ORG,3,
BANGALORE,ORG,ORG,3,
Faculty,NORP,PERSON,3,
90) days,DATE,DATE,3,
Republic of India,GPE,GPE,3,
13.2,CARDINAL,CARDINAL,3,
MOU,PERSON,ORG,3,
Kanakpura Main Road,ORG,PERSON,3,
Electronies Engineering,PERSON,PERSON,3,
This Memorandum of Understanding,WORK_OF_ART,WORK_OF_ART,3,
20-25 hours,TIME,TIME,3,
Mobile App,PERSON,PERSON,3,
Ph:080-28437124/28437375,DATE,DATE,3,
Article 12,LAW,LAW,3,
Zero,CARDINAL,CARDINAL,3,
2943,MONEY,MONEY,3,
Project Management,ORG,ORG,3,
Autodesk,PERSON,PERSON,3,
No.14,PERSON,PERSON,3,
the day & year,DATE,DATE,3,
AiCTE,ORG,ORG,3,
TOYOTA KIRLOSKAR MOTOR PVT LTD,ORG,ORG,3,
Stamp Duty Paid,WORK_OF_ART,WORK_OF_ART,3,
Two Hundred,CARDINAL,CARDINAL,3,
Department of Mechanical Engineering,ORG,ORG,3,
INDIAN,NORP,NORP,3,
Innovation,ORG,LAW,3,
MOUwill,ORG,ORG,3,
Problem Statement,PERSON,PERSON,3,
More than 1,CARDINAL,CARDINAL,3,
MEMORANDUM,ORG,ORG,3,
SelectSmart,ORG,ORG,3,
Education Research and Technology,ORG,ORG,3,
CTDS,ORG,ORG,3,
RRG,ORG,ORG,3,
8.3,CARDINAL,CARDINAL,3,
202,CARDINAL,MONEY,3,
Arunachalam M,PERSON,PERSON,3,
Hassan,GPE,GPE,3,
"Department Of Electrical And Electronics
Engineering",ORG,ORG,3,
Belagavi,GPE,GPE,3,
Payyanur,ORG,GPE,3,
"the Research Center,",ORG,ORG,3,
ETC,ORG,ORG,3,
Intel Technology India Private Limited,ORG,ORG,3,
College of Engineering,ORG,ORG,3,
Successors,ORG,PERSON,3,
"Rajarajeswari
College Of Engineering",ORG,ORG,3,
Lectures,PERSON,PERSON,3,
Rohith,PERSON,PERSON,3,
EAGLESTONE ELECTRICALS,ORG,ORG,3,
Anchekeri,ORG,ORG,3,
Kengeri,ORG,ORG,3,
NEC Bl,PERSON,PERSON,3,
100 days,DURATION,DATE,3,
Physics,ORG,ORG,3,
RajaRajeswari College of Engineering NBA ISO,ORG,ORG,3,
Technical Instrument,ORG,ORG,3,
Banaswadi Main Road,WORK_OF_ART,WORK_OF_ART,3,
Conferences (International/National) & Seminars,ORG,ORG,3,
Industrial (d) Industry,ORG,ORG,3,
the Industrial Visits of Students,ORG,ORG,3,
the Tenure of the MOU,ORG,ORG,3,
Souza Technologies Building,ORG,ORG,3,
Jalahalli Village,PERSON,PERSON,3,
IRD India,ORG,ORG,3,
01/03/21,DATE,(missed),3,
Harshitha,ORG,ORG,3,
01/09/20,DATE,(missed),3,
Robatson Road Cross,ORG,ORG,3,
INTERNSHIP,ORG,ORG,3,
Koramangala,PERSON,PERSON,3,
Info Tech,PERSON,PERSON,3,
the Department of Mechanical Engineering,ORG,ORG,3,
"Ravikumar T.
Dr.",PERSON,PERSON,3,
C Ramesh,PERSON,PERSON,3,
April-2021,ORG,ORG,3,
Eaglestone Electricals,ORG,ORG,3,
Lighting,ORG,ORG,3,
Interior,ORG,ORG,3,
"10,000",CARDINAL,CARDINAL,3,
Kalyanam Kannan,PERSON,ORG,3,
THAILAND,GPE,GPE,3,
Hat-Yai,ORG,PERSON,3,
562159,DATE,DATE,3,
59,CARDINAL,CARDINAL,3,
Kazipara,GPE,GPE,3,
North 24 Parganas – 700125,GPE,GPE,3,
Rider,NORP,ORG,3,
Repeated,NORP,NORP,3,
the Companies Act,LAW,LAW,3,
Social Security,ORG,ORG,3,
the Delivery Partner's,ORG,ORG,3,
the Date of Employment,ORG,ORG,3,
Extra Ordinary Leave,ORG,ORG,3,
Rs. 1(one,MONEY,(missed),3,
Eddie R. Mayberry,PERSON,PERSON,3,
overnight,TIME,TIME,3,
the Employment Act,LAW,LAW,3,
15921,DATE,DATE,3,
Yowu,PERSON,PERSON,3,
June 2019,DATE,DATE,3,
the fiscal year 2022-23,DATE,DATE,3,
TSR,ORG,ORG,3,
Termination Date,ORG,WORK_OF_ART,3,
Sections 9 and 10,ORG,ORG,3,
FY'24,ORG,ORG,3,
"May, 2026",DATE,DATE,3,
Issue,NORP,NORP,3,
Joint Venture,ORG,ORG,3,
Issue,GPE,NORP,3,
Advertisements,LOC,PERSON,3,
Schedule IX,ORG,PERSON,3,
the Service Provider Agreement,ORG,ORG,3,
16 days,DURATION,DATE,2,
76,CARDINAL,CARDINAL,2,
Gurugram,ORG,ORG,2,
05/05/2022,DATE,(missed),2,
Secrecy/Confidentiality,ORG,ORG,2,
21/1/2022,DATE,(missed),2,
"April 20, 2022",DATE,DATE,2,
20/4/2022,DATE,(missed),2,
1/12,CARDINAL,CARDINAL,2,
oru n n syn r n ily,ORG,ORG,2,
Wipro Limited T:+91,ORG,ORG,2,
Xenonstack,ORG,ORG,2,
Nitish,NORP,NORP,2,
Data Protection and Security,ORG,ORG,2,
Principal Data,ORG,ORG,2,
International,ORG,ORG,2,
Data,ORG,ORG,2,
24 hours,TIME,TIME,2,
12.2,CARDINAL,CARDINAL,2,
XenonStack Private Limited,ORG,ORG,2,
2nd,ORDINAL,ORDINAL,2,
last working day,DATE,DATE,2,
Notice Period,WORK_OF_ART,WORK_OF_ART,2,
Probation,PRODUCT,PRODUCT,2,
2.6,CARDINAL,CARDINAL,2,
Roy,PERSON,PERSON,2,
1/22/22,DATE,CARDINAL,2,
10:25 AM https://wipro.icims.com/forms?module=Forms&action=showForm&view=htm&form=Elite_Offer_letter_template_2022&user=230,TIME,TIME,2,
https://wipro.icims.com/forms?module=Forms&action=showForm&view=htm&form=Elite_Offer_letter_template_2022&user=23072094&item=426290,GPE,GPE,2,
Letter,PRODUCT,PRODUCT,2,
Doddakannelli,PERSON,PERSON,2,
22/1/2022,DATE,(missed),2,
The Conflict of Interest Policy,WORK_OF_ART,WORK_OF_ART,2,
Sarthak Sengupta,PERSON,PERSON,2,
10/01/2021,DATE,(missed),2,
Saumya Ghosh,PERSON,PERSON,2,
PS Srijan Corporate Park,ORG,ORG,2,
Block EP & GP,ORG,ORG,2,
Salt Lake Electronics,ORG,ORG,2,
Complex Kolkata,PERSON,PERSON,2,
"6604 1000, 4048 1000",DATE,DATE,2,
"September 18, 2020",DATE,DATE,2,
Nomura Research Institute Financial Technologies India Pvt. Ltd.,ORG,ORG,2,
Brishti Mondal,PERSON,PERSON,2,
Offer Letter-Version,ORG,ORG,2,
Working Hours,EVENT,EVENT,2,
INR 180000.00,MONEY,(missed),2,
each year,DATE,DATE,2,
Amdocs,PERSON,ORG,2,
Working hours,TIME,TIME,2,
"Maternity Benefit Act, 1961",LAW,(missed),2,
Supporting Documents,ORG,ORG,2,
60 (sixty) years,DURATION,(missed),2,
the Intellectual Property Rights,ORG,ORG,2,
Amdocs Business Activities,ORG,ORG,2,
Customer,ORG,ORG,2,
Customer,PERSON,ORG,2,
Airol MIDC,PERSON,PERSON,2,
Thane - Belapur Road,GPE,GPE,2,
Navi Mumbai,ORG,ORG,2,
400708,DATE,DATE,2,
7141,DATE,DATE,2,
2121,DATE,DATE,2,
www.capgemini.com/in-en,CARDINAL,CARDINAL,2,
LOI,ORG,ORG,2,
"Capgemini Technology Services
India Limited",ORG,ORG,2,
the University/ Institute,ORG,ORG,2,
LoI,ORG,ORG,2,
ADAPT,ORG,ORG,2,
the end of six months,DATE,DATE,2,
this Letter of Intent,ORG,ORG,2,
"INR
3,00,000/-",MONEY,(missed),2,
"INR 3,80,000/-",MONEY,ORG,2,
Rupees Three Lakh,ORG,ORG,2,
"Eighty
Thousand",CARDINAL,CARDINAL,2,
Rajiv Gandhi Infotech Park,PERSON,PERSON,2,
Hinjewadi Phase III,PERSON,PERSON,2,
MIDC SEZ,ORG,ORG,2,
Village Man,ORG,ORG,2,
Taluka Mulshi,PERSON,PERSON,2,
Pune - 411057,DATE,DATE,2,
3,MONEY,CARDINAL,2,
129,CARDINAL,CARDINAL,2,
"Rs. 25,000",MONEY,(missed),2,
1250.00,CARDINAL,CARDINAL,2,
15000.00,CARDINAL,CARDINAL,2,
5 Days,DATE,DATE,2,
Salary,PRODUCT,PERSON,2,
2.8,CARDINAL,CARDINAL,2,
Business,ORG,ORG,2,
Joining Date,WORK_OF_ART,WORK_OF_ART,2,
Shaique Anwar,PERSON,PERSON,2,
B.Tech/B.E.,ORG,ORG,2,
Information Technology,ORG,ORG,2,
Life Insurance,ORG,ORG,2,
GenC,ORG,ORG,2,
2:13 PM,TIME,TIME,2,
Gmail - Fwd,ORG,ORG,2,
Shnouli,NORP,NORP,2,
2/2,CARDINAL,CARDINAL,2,
B.E / B.Tech,ORG,ORG,2,
Adarsha Shaw,PERSON,PERSON,2,
Salary Grade,PERSON,PERSON,2,
"315,602",CARDINAL,CARDINAL,2,
Today,DATE,DATE,2,
SSC,ORG,ORG,2,
Main,ORG,ORG,2,
"Rs.3,50,000/-as",MONEY,(missed),2,
Letter of Appointment',WORK_OF_ART,WORK_OF_ART,2,
"10,200",CARDINAL,CARDINAL,2,
"13,000",CARDINAL,CARDINAL,2,
10:44 PM,TIME,TIME,2,
Gmail - Fwd:,ORG,ORG,2,
April 2020,DATE,DATE,2,
Anisha Bhowmick,PERSON,PERSON,2,
FBP,ORG,ORG,2,
the Flexible Benefit Plan,LAW,LAW,2,
Incentive,GPE,GPE,2,
1st Jan,DATE,DATE,2,
1.8,CARDINAL,CARDINAL,2,
two month's,DATE,DATE,2,
2.9,CARDINAL,CARDINAL,2,
the Information Security Policies,ORG,ORG,2,
2.10,CARDINAL,CARDINAL,2,
Non-Smoking Policy,ORG,ORG,2,
first day,DATE,DATE,2,
First Name Middle Name,ORG,ORG,2,
01/05/2020,DATE,(missed),2,
max,PERSON,PERSON,2,
two weeks,DATE,DATE,2,
Q1,CARDINAL,CARDINAL,2,
September,DATE,DATE,2,
twelve months,DATE,DATE,2,
Company's,ORG,ORG,2,
one day,DATE,DATE,2,
DXC Technology India Private Limited,ORG,ORG,2,
CSC Technologies India Private Limited,ORG,ORG,2,
Block 2,ORG,ORG,2,
Noida,ORG,ORG,2,
Anusuya Kundu,PERSON,PERSON,2,
Associate Technical Service Specialist,ORG,ORG,2,
Titus Arnold,PERSON,PERSON,2,
Andheri - Ghatkopar Link Road,PERSON,PERSON,2,
English,NORP,LANGUAGE,2,
Breach,ORG,ORG,2,
Andherl - Ghatkopar Link Road,PERSON,PERSON,2,
12,DATE,CARDINAL,2,
the United States,GPE,GPE,2,
MDT,ORG,ORG,2,
India Medtronic Pvt,ORG,ORG,2,
"September 17, 2018",DATE,DATE,2,
Probation Period,WORK_OF_ART,WORK_OF_ART,2,
Notice Period,EVENT,WORK_OF_ART,2,
41,CARDINAL,CARDINAL,2,
"6,000",CARDINAL,CARDINAL,2,
4.81%,PERCENT,PERCENT,2,
Base Salary,ORG,ORG,2,
+91-80-2605,DATE,(missed),2,
APB,ORG,ORG,2,
SPP,ORG,ORG,2,
Firm Name,PERSON,PERSON,2,
Heirs,ORG,ORG,2,
First Party/Lab/Estt,ORG,ORG,2,
Director / First Party,ORG,ORG,2,
10) years,DATE,DATE,2,
the First Party Certify,ORG,ORG,2,
Sections 5,ORG,ORG,2,
6,DATE,CARDINAL,2,
the Sole Arbitration of the Scientific Advisor,ORG,ORG,2,
Raksha Mantri,PERSON,PERSON,2,
the Arbitrator is Government Servant,ORG,ORG,2,
The Award of the Arbitrator,WORK_OF_ART,WORK_OF_ART,2,
Lab / Estt,WORK_OF_ART,WORK_OF_ART,2,
Firm / Second Party,ORG,ORG,2,
Disclosing Party',ORG,ORG,2,
'First Party',ORG,ORG,2,
1.3.1,CARDINAL,CARDINAL,2,
1.3.1.4,CARDINAL,CARDINAL,2,
1.3.2,CARDINAL,CARDINAL,2,
1.3.2.1,CARDINAL,CARDINAL,2,
a later date,DATE,DATE,2,
1.3.2.3,CARDINAL,CARDINAL,2,
1.3.2.4,CARDINAL,CARDINAL,2,
1.3.2.5,CARDINAL,CARDINAL,2,
"Disclosing
Party",ORG,ORG,2,
NDA,GPE,GPE,2,
MD of,ORG,ORG,2,
"Receiving Party / Second
Party",ORG,ORG,2,
"the
Consortium Partners",ORG,ORG,2,
The Labs / Estts,WORK_OF_ART,WORK_OF_ART,2,
the Receiving Party / Second Party,ORG,ORG,2,
17.12.2025,CARDINAL,CARDINAL,2,
18.11.2025,CARDINAL,CARDINAL,2,
Fifty,CARDINAL,CARDINAL,2,
Lakhs,PERSON,PERSON,2,
Twenty Five,CARDINAL,CARDINAL,2,
1.11,CARDINAL,CARDINAL,2,
1.12,CARDINAL,CARDINAL,2,
Stakeholders' Consultation Meeting,ORG,ORG,2,
Acquaintance with Local Conditions,ORG,ORG,2,
3.11,CARDINAL,CARDINAL,2,
Pre-Qualification,ORG,ORG,2,
Financial Evaluation,ORG,ORG,2,
"India Act, 2008",LAW,(missed),2,
the Airports Economic Regulatory Authority of India (Amendment) Act,ORG,ORG,2,
Section 13,LAW,LAW,2,
1.1.5,CARDINAL,CARDINAL,2,
the AERA Act,LAW,LAW,2,
1.1.7,CARDINAL,CARDINAL,2,
Orders and Guidelines,WORK_OF_ART,WORK_OF_ART,2,
2010-11,DATE,DATE,2,
Determination of Tariff,ORG,ORG,2,
2016-17,DATE,DATE,2,
2017-18,DATE,DATE,2,
AAI,ORG,ORG,2,
Charan Singh,PERSON,PERSON,2,
International Airport,FAC,FAC,2,
Estimated Bid Value,PERSON,PERSON,2,
30%,PERCENT,PERCENT,2,
the Technical Evaluation Committee,ORG,ORG,2,
70 marks,MONEY,MONEY,2,
Financial,ORG,ORG,2,
GeM Portal,PRODUCT,ORG,2,
Airport,GPE,PERSON,2,
CAPEX,ORG,ORG,2,
Rs. 100/,MONEY,(missed),2,
07 (seven) days,DURATION,(missed),2,
Performance Security,ORG,ORG,2,
more than one,CARDINAL,CARDINAL,2,
four,CARDINAL,CARDINAL,2,
Financial Experts,ORG,ORG,2,
Post Graduate Program,ORG,ORG,2,
Graduate Diploma/,PERSON,PERSON,2,
Graduate Degree,PERSON,PERSON,2,
Assessment/,PERSON,PERSON,2,
"Management
Management",ORG,ORG,2,
CMA/ CWA,ORG,ORG,2,
Consultant(s,DESIGNATION,ORG,2,
the Procurement Process,WORK_OF_ART,WORK_OF_ART,2,
Financial Experts and Aviation Expert,ORG,ORG,2,
4.1.2,CARDINAL,CARDINAL,2,
Marks,PERSON,PERSON,2,
12 years,DURATION,DATE,2,
08 Marks,MONEY,MONEY,2,
4.4.2,CARDINAL,CARDINAL,2,
Consultancy,ORG,ORG,2,
14 (fourteen) days,DURATION,(missed),2,
Force Majeure,ORG,ORG,2,
2 (two) years,DURATION,(missed),2,
SelectionProcess,ORG,ORG,2,
2013,DATE,DATE,2,
Society Registered,ORG,ORG,2,
Society,ORG,ORG,2,
"the ""Agreement""",LAW,LAW,2,
Applicable Laws,WORK_OF_ART,WORK_OF_ART,2,
Conflict of Interest,WORK_OF_ART,WORK_OF_ART,2,
the Terms of Reference,ORG,ORG,2,
45 (forty-five) days,DURATION,(missed),2,
the Applicable Laws,LAW,LAW,2,
Section 5,LAW,LAW,2,
Court,ORG,ORG,2,
24,CARDINAL,CARDINAL,2,
30.09.2025,CARDINAL,CARDINAL,2,
NETWORK,ORG,ORG,2,
July 2021,DATE,DATE,2,
Salary Slip,PERSON,PERSON,2,
204,CARDINAL,CARDINAL,2,
JUNE 2019,DATE,DATE,2,
"Institute of Technology
",ORG,ORG,2,
11.000/- per month,DATE,DATE,2,
Noble Infra Management Services,ORG,ORG,2,
29BHYPM5287M1Z0,CARDINAL,CARDINAL,2,
04.12.2020,CARDINAL,CARDINAL,2,
Twelve Thousand,CARDINAL,CARDINAL,2,
Kolar,GPE,GPE,2,
POST,ORG,ORG,2,
KAMASAMUDRAM HOBLI,ORG,ORG,2,
563129,DATE,DATE,2,
CVO,ORG,ORG,2,
the Standing Orders of the,ORG,ORG,2,
"1,600",CARDINAL,CARDINAL,2,
Pinnacle,ORG,ORG,2,
"the Rules &
Revision of Remuneration:",ORG,ORG,2,
the Other Rules & Regulations,ORG,ORG,2,
1 Oct,PERCENT,PERCENT,2,
"October 09, 2021",DATE,DATE,2,
20.08.2020,CARDINAL,CARDINAL,2,
Chickballapura,GPE,GPE,2,
20.10.2020,CARDINAL,CARDINAL,2,
Rs. 13500/-,MONEY,(missed),2,
Chickballapur,GPE,GPE,2,
12000,DATE,DATE,2,
29.07.2019,CARDINAL,CARDINAL,2,
1.4,CARDINAL,CARDINAL,2,
September 2021,DATE,DATE,2,
"Intellectual
Property",WORK_OF_ART,WORK_OF_ART,2,
"Income Tax Act, 1961",LAW,(missed),2,
6.4,CARDINAL,CARDINAL,2,
30) days',DATE,DATE,2,
10.3,CARDINAL,CARDINAL,2,
14.1,CARDINAL,CARDINAL,2,
14.2,CARDINAL,CARDINAL,2,
14.3,CARDINAL,CARDINAL,2,
14.4,CARDINAL,CARDINAL,2,
14.6,CARDINAL,CARDINAL,2,
14.7,CARDINAL,CARDINAL,2,
Dear Mr Ms,ORG,ORG,2,
04,CARDINAL,CARDINAL,2,
Rs.13000/-,MONEY,ORG,2,
12500/-,CARDINAL,CARDINAL,2,
this month end,DATE,DATE,2,
VISTARA,ORG,ORG,2,
11/10/21,DATE,DATE,2,
House,ORG,ORG,2,
27 0,CARDINAL,CARDINAL,2,
Sri Byraveshwara Enterprises,PERSON,PERSON,2,
12000/,CARDINAL,CARDINAL,2,
111,CARDINAL,CARDINAL,2,
Yours Sincerely,PERSON,PERSON,2,
ESIC,ORG,ORG,2,
Training,PERSON,PERSON,2,
15/05/2020,DATE,(missed),2,
6 Months,DATE,DATE,2,
25.05.2020,CARDINAL,CARDINAL,2,
"Occupation, Address",WORK_OF_ART,WORK_OF_ART,2,
the Confidentiality Agreement,LAW,LAW,2,
HomelLane Headquaters,PRODUCT,PRODUCT,2,
d.,NORP,NORP,2,
Furnishings Private Limited,ORG,ORG,2,
Kalpana Swaminathan,PERSON,PERSON,2,
"3,20,000",CARDINAL,CARDINAL,2,
"26,667",CARDINAL,CARDINAL,2,
12000/-,CARDINAL,CARDINAL,2,
18/05/2020,DATE,CARDINAL,2,
31-08-2020,DATE,DATE,2,
Organization,ORG,ORG,2,
"4,23,500",CARDINAL,CARDINAL,2,
1SJ15C,CARDINAL,CARDINAL,2,
12500/-(Twelve thousand five hundred,DATE,DATE,2,
four weekly,DATE,DATE,2,
23/10/2020,DATE,DATE,2,
Vijayapura Town,PERSON,PERSON,2,
Karanjikatte Road,PERSON,PERSON,2,
PAVAN,ORG,ORG,2,
S.J.C. Institute of Technology,ORG,ORG,2,
anc,ORG,ORG,2,
600,CARDINAL,CARDINAL,2,
Punith,PERSON,PERSON,2,
February 2020,DATE,DATE,2,
Ranjeeth,PERSON,PERSON,2,
Designer,DESIGNATION,(missed),2,
03 2020,DATE,DATE,2,
S.JC,ORG,ORG,2,
Srikantha K Y,PERSON,PERSON,2,
PINNACLE,ORG,ORG,2,
30.05.2021,DATE,DATE,2,
Tekal Road Jayanagara,PERSON,PERSON,2,
Nobie,ORG,ORG,2,
Viasat,WORK_OF_ART,WORK_OF_ART,2,
Karnal,ORG,GPE,2,
5th Floor,ORG,ORG,2,
48 hours,TIME,TIME,2,
annually,DATE,DATE,2,
each financial year,DATE,DATE,2,
the Employment Contract,ORG,ORG,2,
Moral Rights,WORK_OF_ART,WORK_OF_ART,2,
JURISDICTION,PERSON,PERSON,2,
Target,ORG,ORG,2,
Gandhi,PERSON,PERSON,2,
more than 50%,PERCENT,PERCENT,2,
Hindu,NORP,NORP,2,
2%,PERCENT,PERCENT,2,
the Business of the Company,ORG,ORG,2,
up to 2%,PERCENT,PERCENT,2,
Confidential Information of the Company,ORG,ORG,2,
Consultants,ORG,ORG,2,
Implied,PERSON,PERSON,2,
Subsidiaries,ORG,ORG,2,
Quess Corp's,ORG,ORG,2,
Max,PERSON,PERSON,2,
"1,00,000",CARDINAL,CARDINAL,2,
"10,00,000",CARDINAL,CARDINAL,2,
Taxes,ORG,ORG,2,
KNU,ORG,ORG,2,
31.00,CARDINAL,CARDINAL,2,
1150.00,CARDINAL,CARDINAL,2,
8/1,CARDINAL,CARDINAL,2,
North Avenue,LOC,LOC,2,
Google Services India Private Limited,ORG,ORG,2,
Senior Manager,DESIGNATION,(missed),2,
116,CARDINAL,CARDINAL,2,
117,CARDINAL,CARDINAL,2,
Ekta Shukla,PERSON,PERSON,2,
"November 22, 2021",DATE,DATE,2,
"the Commencement
Date",ORG,ORG,2,
up to,CARDINAL,CARDINAL,2,
Hyderabad,GPE,GPE,2,
"INR 413,000.00",MONEY,ORG,2,
Plan,ORG,ORG,2,
the days,DATE,DATE,2,
"INR 100,000",MONEY,ORG,2,
Lakh,WORK_OF_ART,WORK_OF_ART,2,
Twelve months,DATE,DATE,2,
"Foreign Corrupt Practices Act, 1977",LAW,(missed),2,
the United Kingdom,GPE,GPE,2,
Employee Invention Assignment and,ORG,ORG,2,
"100,000",CARDINAL,CARDINAL,2,
§,NORP,NORP,2,
Subham Singh,PERSON,PERSON,2,
"1,44,000",CARDINAL,CARDINAL,2,
DESIGNATION,GPE,GPE,2,
Wipro's Work Integrated Learning Program,ORG,ORG,2,
WILP,WORK_OF_ART,WORK_OF_ART,2,
Aparna Shailen,PERSON,PERSON,2,
PRP,ORG,ORG,2,
M Tech,ORG,ORG,2,
Training Agreement,WORK_OF_ART,WORK_OF_ART,2,
the Training Agreement,WORK_OF_ART,WORK_OF_ART,2,
the hours and,TIME,TIME,2,
Head,PERSON,PERSON,2,
PBL,ORG,ORG,2,
Awign Enterprises Pvt. Ltd.,ORG,ORG,2,
Terms of Employment,ORG,ORG,2,
Accenture,PERSON,ORG,2,
COVID-19,ORG,ORG,2,
Stream,ORG,ORG,2,
Skill Primer,PERSON,PERSON,2,
INR 1000000/-,MONEY,(missed),2,
INR 500000/-,MONEY,ORG,2,
EPFO,ORG,ORG,2,
This Nondisclosure Agreement,LAW,LAW,2,
Party Receiving Information,ORG,ORG,2,
Receiving Party,WORK_OF_ART,ORG,2,
Confidential,WORK_OF_ART,WORK_OF_ART,2,
Time Periods,ORG,ORG,2,
Notice of Immunity,ORG,ORG,2,
the Disclosing Party's,ORG,ORG,2,
the Receiving Party's,ORG,ORG,2,
Commission,ORG,ORG,2,
Contracts,PERSON,PERSON,2,
7.6,CARDINAL,CARDINAL,2,
3.5.2.1,CARDINAL,CARDINAL,2,
MoUs,ORG,ORG,2,
"Petronas
Seminars, Symposium",ORG,ORG,2,
Joint R & D activities,ORG,ORG,2,
03/03/19,DATE,(missed),2,
02/08/23,DATE,(missed),2,
10/01/19,DATE,CARDINAL,2,
01/02/19,DATE,CARDINAL,2,
01/02/21,DATE,(missed),2,
Machine Learning,PERSON,PERSON,2,
28/02/19,DATE,CARDINAL,2,
30/11/19,DATE,(missed),2,
Technical Seminar,ORG,ORG,2,
https://www.rrce.org/news/3days-sdp-on-internet-ofthingsiot/,DURATION,(missed),2,
https://www.rrce.org/news/7days-fdp-on-data-science-usingr/,DURATION,(missed),2,
22/06/15,DATE,CARDINAL,2,
21/06/18,DATE,(missed),2,
National,ORG,ORG,2,
Involvement,GPE,GPE,2,
26/06/15,DATE,CARDINAL,2,
25/06/18,DATE,(missed),2,
"Mysore
Road",WORK_OF_ART,WORK_OF_ART,2,
November 2019,DATE,DATE,2,
INSTITUTE OF TECHNOLOGY PETRONAS,ORG,ORG,2,
BHD,ORG,ORG,2,
Malaysia,GPE,GPE,2,
Belgavi,GPE,GPE,2,
Texas,GPE,GPE,2,
USA,GPE,GPE,2,
College,ORG,ORG,2,
Karnataka &,ORG,ORG,2,
Kamnataka,PERSON,PERSON,2,
Collaboration,ORG,ORG,2,
Collaboration,PERSON,ORG,2,
Background Intellectual Property Rights,WORK_OF_ART,WORK_OF_ART,2,
"Collaboration
Agreement",WORK_OF_ART,WORK_OF_ART,2,
NAME,ORG,ORG,2,
Kumbalgodu,ORG,PERSON,2,
1956,DATE,DATE,2,
Priyadarshini,NORP,NORP,2,
S.V.G. Nagar,GPE,GPE,2,
03/03/2019,DATE,(missed),2,
Developer,DESIGNATION,(missed),2,
DEPARTMENT OF COMPUTER SCIENCE AND ENGINEERING,ORG,ORG,2,
30th October 2018,DATE,DATE,2,
Students,LOC,ORG,2,
Core Consulting Team,WORK_OF_ART,WORK_OF_ART,2,
Supreeth Y S,PERSON,PERSON,2,
Machine,ORG,ORG,2,
Bangalore-560074,ORG,ORG,2,
30/10/2018,DATE,(missed),2,
1353,MONEY,MONEY,2,
Vajrahalli-Raghuvanahalli,PERSON,PERSON,2,
Apsis Solutions,ORG,ORG,2,
Faculty Members & Both,ORG,ORG,2,
1-02-2019,DATE,(missed),2,
VisvesvarayaTechnological University,ORG,ORG,2,
Chokmah Technologies Pvt. Ltd,ORG,ORG,2,
the past 13 Years,DATE,DATE,2,
ELECTRONICS & COMMUNICATION,ORG,ORG,2,
YASIN,PERSON,PERSON,2,
"X-Ciencia Pvt, Ltd.",ORG,ORG,2,
RRCE & X-Ciencia Technologies India Pvt Ltd,ORG,ORG,2,
MOUat,PERSON,PERSON,2,
M/s ATS,ORG,ORG,2,
R. Balakrishna,PERSON,PERSON,2,
Oracle,ORG,ORG,2,
Institution,ORG,ORG,2,
Oracle,NORP,ORG,2,
51,CARDINAL,CARDINAL,2,
500,CARDINAL,CARDINAL,2,
40-50 hours,TIME,TIME,2,
DD,GPE,GPE,2,
Certification,ORG,PRODUCT,2,
2880 +,DATE,DATE,2,
MTA,ORG,ORG,2,
50-60hrs,CARDINAL,CARDINAL,2,
Second Party,FAC,FAC,2,
Kamataka,GPE,PERSON,2,
Opp Maruthi Mandir,ORG,ORG,2,
Vijaynagara,GPE,GPE,2,
the second Party,ORG,ORG,2,
Time,ORG,ORG,2,
NAAC'A,LAW,LAW,2,
KA,ORG,ORG,2,
Execution Date,WORK_OF_ART,WORK_OF_ART,2,
Certilicate,ORG,ORG,2,
"The Companies Act, 1956",LAW,(missed),2,
Bidadi Industrial Area,ORG,ORG,2,
Ramanagar District,FAC,FAC,2,
562109,DATE,DATE,2,
"Mysore Road, Kumbalagodu",ORG,ORG,2,
Speed Post,ORG,ORG,2,
Altair India,PERSON,PERSON,2,
200,CARDINAL,CARDINAL,2,
186,CARDINAL,CARDINAL,2,
Office,GPE,GPE,2,
Prototype,ORG,ORG,2,
Problem Solution,PERSON,PERSON,2,
3rd year,DATE,DATE,2,
Railway,ORG,ORG,2,
Design Thinking Approach,ORG,ORG,2,
1st month,DATE,DATE,2,
Innovation Team,ORG,ORG,2,
PoC,ORG,ORG,2,
4th,ORDINAL,ORDINAL,2,
ACS,ORG,ORG,2,
14 2019,DATE,DATE,2,
Society for Education Research and Technology,ORG,ORG,2,
"Kumbalgodu,Mysore Road",ORG,ORG,2,
Designation,ORG,ORG,2,
Seal,ORG,ORG,2,
Io,LOC,LOC,2,
RajaRajeswari College,ORG,ORG,2,
Bangalore 560 043,ORG,ORG,2,
Industries,ORG,ORG,2,
IVOU,ORG,ORG,2,
SelectSnrart,ORG,ORG,2,
comPanies,ORG,ORG,2,
16 January 2017,DATE,DATE,2,
02 July 2020,DATE,DATE,2,
AMENDMENT,WORK_OF_ART,WORK_OF_ART,2,
Stamp,ORG,ORG,2,
Corporate,ORG,ORG,2,
TCS House,ORG,ORG,2,
Raveline Street,FAC,FAC,2,
21,DATE,CARDINAL,2,
Fort,GPE,GPE,2,
Mumbai-400001,GPE,GPE,2,
"the ""Facilities Agreement""",LAW,LAW,2,
LISP and TCS,ORG,ORG,2,
1.3 Save,PRODUCT,PRODUCT,2,
"this Amendment
Amendments",WORK_OF_ART,WORK_OF_ART,2,
2.1 Definition,CARDINAL,CARDINAL,2,
Keep the Equipment,ORG,ORG,2,
College Campus,PERSON,PERSON,2,
Point 8,LAW,LAW,2,
Party of this Amendment,ORG,ORG,2,
Tata Consultancy Services,ORG,ORG,2,
Educational Trust Limited,ORG,ORG,2,
Global Head - TCS,PERSON,PERSON,2,
24 January 2017,DATE,DATE,2,
ICTACADEMY My Dashboard Services Membership,ORG,ORG,2,
HOD-EEE-RRCE,ORG,ORG,2,
40/163,MONEY,MONEY,2,
Bharathi Associates,ORG,ORG,2,
"Whereas, Department of ElectricalAnd Electronics Engineering",ORG,ORG,2,
"Department of Electrical And Electronics
Engineering",ORG,ORG,2,
SRIKANTAIAH THANDAVESHWARA,PERSON,PERSON,2,
118,CARDINAL,CARDINAL,2,
PAYYANUR COLLEGE,ORG,ORG,2,
PAYYANUR,ORG,ORG,2,
Kannur University,ORG,ORG,2,
Jobish Johns,PERSON,PERSON,2,
"BACKGROUND
A. Intel",WORK_OF_ART,WORK_OF_ART,2,
Intel College Excellence Program,ORG,ORG,2,
Foundation for Innovation and Collaborative Education,ORG,ORG,2,
R-7108,ORG,ORG,2,
Devinder Vihar,PERSON,PERSON,2,
Intel Architecture,ORG,ORG,2,
C. Institute,ORG,ORG,2,
Non-Binding Nature,ORG,ORG,2,
Intel Intelligent Systems,ORG,ORG,2,
DELIVERABLES,PERSON,PERSON,2,
WITHOUT WARRANTY OF ANY KIND,WORK_OF_ART,WORK_OF_ART,2,
No Intellectual Property Rights Granted,ORG,ORG,2,
Intel Corporation,ORG,ORG,2,
Vijayanand S. Name,PERSON,PERSON,2,
Engineering,ORG,ORG,2,
Rajarajeshwari College of Engineering,ORG,ORG,2,
the University of California,ORG,ORG,2,
UC Marks,ORG,ORG,2,
OVI,ORG,ORG,2,
18/08/2016,DATE,ORDINAL,2,
"Whereas, Department Of Electrical And Electronics Engineering",ORG,ORG,2,
K.K. Layout,PERSON,PERSON,2,
15/08/2016,DATE,GPE,2,
ELECTRICALS,PERSON,PERSON,2,
84,CARDINAL,CARDINAL,2,
060,CARDINAL,CARDINAL,2,
Anchekeri,NORP,ORG,2,
ref,ORG,ORG,2,
12thCross,DATE,DATE,2,
ShreeKrish Innovations R & D Lab,ORG,ORG,2,
RRCE & ShreeKrish Innovations R & D Lab,ORG,ORG,2,
0,CARDINAL,CARDINAL,2,
Jayanagar,PERSON,PERSON,2,
Founder &,ORG,ORG,2,
NEC Business Incubator,ORG,ORG,2,
Incubatee Company,ORG,ORG,2,
Incubatee,ORG,GPE,2,
"Rs 88,000",MONEY,(missed),2,
the 'SALIENT RULES FORMING,ORG,ORG,2,
"Karnataka &
Affiliated",ORG,ORG,2,
No.10/8,PERSON,PERSON,2,
RajaRajes,ORG,ORG,2,
-MW& RF,ORG,ORG,2,
RRCE & Technical Instrument,ORG,ORG,2,
RRCE Students at Industry,ORG,ORG,2,
half / full day,DATE,DATE,2,
10-11-2016,DATE,TIME,2,
09-11-2017,DATE,CARDINAL,2,
RRCE & Saakshin Technologies Pvt Ltd,ORG,ORG,2,
Emai,PERSON,PERSON,2,
Gemini Electro Corporation,ORG,ORG,2,
3 Years,DATE,DATE,2,
KEONICS,ORG,ORG,2,
Healthier Nation,ORG,ORG,2,
RRCE & Karnataka Hybrid Micro Devices Ltd,ORG,ORG,2,
EFFECTIVE DATE& DURATION,ORG,ORG,2,
Ph:080-65666769/28437124/28437375,DATE,DATE,2,
Party A],ORG,ORG,2,
RRCE & Winglobal Tek,ORG,ORG,2,
Bhubaneswar,PERSON,PERSON,2,
Ramohali Cross,ORG,ORG,2,
mike,PERSON,PERSON,2,
04/08/20,DATE,(missed),2,
05/09/20,DATE,GPE,2,
10/08/20,DATE,(missed),2,
10/09/20,DATE,CARDINAL,2,
17/09/20,DATE,(missed),2,
16/10/20,DATE,CARDINAL,2,
X-Ciencia Technologies,ORG,ORG,2,
Arduino,ORG,ORG,2,
12/03/21,DATE,CARDINAL,2,
03/04/21,DATE,(missed),2,
15/09/20,DATE,(missed),2,
04/11/20,DATE,(missed),2,
04-09-20,DATE,DATE,2,
14/10/20,DATE,(missed),2,
17/04/21,DATE,(missed),2,
31/10/20,DATE,CARDINAL,2,
08/07/19,DATE,(missed),2,
05/07/19,DATE,(missed),2,
04/08/19,DATE,CARDINAL,2,
07/07/19,DATE,(missed),2,
08/08/19,DATE,(missed),2,
560006,DATE,DATE,2,
INDIA Tel : +91,PERSON,PERSON,2,
Mushabbar,PERSON,PERSON,2,
17th 2020,DATE,DATE,2,
X-Ciencia Technologies India Pvt,ORG,ORG,2,
USN,ORG,ORG,2,
xciencia/BCA/02,ORG,ORG,2,
Pavan,PERSON,PERSON,2,
M/S Eaglestone Electricals,ORG,ORG,2,
31th Jan 2019,DATE,DATE,2,
Department of Electrical & Electronics Engineering,ORG,ORG,2,
Eagle Stone Electricals,ORG,ORG,2,
135211100002175,DATE,DATE,2,
PAVAN,PERSON,ORG,2,
Department of Electrical and Electronics,ORG,ORG,2,
40/163,CARDINAL,MONEY,2,
Bharati Associates,ORG,ORG,2,
573201,DATE,DATE,2,
Electric Drivers,ORG,ORG,2,
Electric Circuit Design,ORG,ORG,2,
2.TERMS,CARDINAL,CARDINAL,2,
18/01/2022,DATE,(missed),2,
Loginware Sofftech Pvt Ltd,ORG,ORG,2,
Boovanahalli,PERSON,GPE,2,
Fig.3,CARDINAL,CARDINAL,2,
PROBLEM,PRODUCT,PRODUCT,2,
December 2017,DATE,DATE,2,
"Kumbalagodu, Mysore Road, Bangalore 560074",ORG,ORG,2,
D.Sivakumar,PERSON,PERSON,2,
Associate Professor,ORG,ORG,2,
Department of CSE,ORG,ORG,2,
Banglore,GPE,GPE,2,
Android,PERSON,PERSON,2,
Dev-Ops,PERSON,PERSON,2,
Rajarajeswari Group of Institutions,ORG,ORG,2,
Education Institutions,ORG,ORG,2,
ean,NORP,NORP,2,
Internship / Mentorship / Real,ORG,ORG,2,
Projects / Placement,ORG,ORG,2,
Effective,ORG,ORG,2,
Fifty thousand,CARDINAL,CARDINAL,2,
"Rs.50,000",MONEY,(missed),2,
Rs.6000,MONEY,(missed),2,
2.5 months,DURATION,DATE,2,
Yemlur,PERSON,PERSON,2,
Jaitra Software Solutions Private Ltd.,ORG,ORG,2,
college / University,ORG,ORG,2,
"INR 6,000",MONEY,(missed),2,
1.75,CARDINAL,CARDINAL,2,
Holidays,DATE,DATE,2,
4,DATE,CARDINAL,2,
5,DATE,CARDINAL,2,
10,DATE,CARDINAL,2,
Anchekeri,PERSON,ORG,2,
"060
#",MONEY,MONEY,2,
"Kerala
Student exchange",ORG,ORG,2,
"Joint R
& D activities",ORG,ORG,2,
8 weeks,DURATION,(missed),2,
IV Semester,ORG,ORG,2,
"The Principal
Through",WORK_OF_ART,WORK_OF_ART,2,
Joblsh Johns M.Sc.,PERSON,PERSON,2,
1GG14ME042,CARDINAL,CARDINAL,2,
University Gout Engr,ORG,ORG,2,
Branch/ Semester,ORG,ORG,2,
Number 9,CARDINAL,CARDINAL,2,
Ramanagaram,ORG,ORG,2,
Madhu,GPE,GPE,2,
1.9,CARDINAL,CARDINAL,2,
Uttar Sithi Road,PERSON,PERSON,2,
Barasat,GPE,GPE,2,
8900099783,CARDINAL,CARDINAL,2,
18 years,DURATION,(missed),2,
Vehicle,ORG,ORG,2,
Arrival,PERSON,PERSON,2,
Harass,ORG,ORG,2,
the Rider Finance Policy,ORG,ORG,2,
the Rider App,PERSON,PERSON,2,
SMS,ORG,ORG,2,
Annexure,ORG,ORG,2,
Applicable Law,PERSON,WORK_OF_ART,2,
Applicable Law,PRODUCT,WORK_OF_ART,2,
2 (two) months,DURATION,(missed),2,
NOTICES,ORG,ORG,2,
Kind Attn,WORK_OF_ART,WORK_OF_ART,2,
13.3,CARDINAL,CARDINAL,2,
Jotform PDF,PERSON,PERSON,2,
"Smart PDF Forms
Convert",ORG,ORG,2,
"Jotform Sign
Collect",PERSON,PERSON,2,
"jotform.com/products/sign/
",PERSON,PERSON,2,
"Employee Non-Solicitation
Agreement",ORG,ORG,2,
the Probationary Period,ORG,ORG,2,
the Employment Period,EVENT,ORG,2,
more than three,CARDINAL,CARDINAL,2,
the last day of the month,DATE,DATE,2,
Us,GPE,GPE,2,
Mohisgote,PERSON,PERSON,2,
Gate No.5,EVENT,EVENT,2,
"April 01, 2021",DATE,DATE,2,
DEFINITIONS,ORG,ORG,2,
at least seven,CARDINAL,CARDINAL,2,
7) days',DATE,DATE,2,
the Copyright Board,ORG,ORG,2,
3.25%,PERCENT,PERCENT,2,
Scheme,ORG,ORG,2,
Shri,PERSON,PERSON,2,
"Noida, Distt",ORG,ORG,2,
Gautam Budh Nagar,PERSON,PERSON,2,
UP,ORG,ORG,2,
EMPLOYER,ORG,ORG,2,
the Management Trainee,ORG,ORG,2,
Rs. 1,MONEY,(missed),2,
Surety,ORG,ORG,2,
Rs. 1 lakh,MONEY,(missed),2,
Surety,LOC,ORG,2,
2/-,CARDINAL,CARDINAL,2,
Rs.100/-,MONEY,(missed),2,
1(one) year,DURATION,(missed),2,
701,CARDINAL,CARDINAL,2,
the Mississippi River,LOC,LOC,2,
Section 3.1(a,LAW,DATE,2,
Pepco Holdings Inc.,ORG,ORG,2,
Print Name,FAC,FAC,2,
Supervisor,PERSON,PERSON,2,
hourly,TIME,TIME,2,
The University of Maine,ORG,ORG,2,
the month / following month,DATE,DATE,2,
the Employment Ordinance,ORG,ORG,2,
no.8,NORP,NORP,2,
less than hours,TIME,TIME,2,
close of working hours,TIME,TIME,2,
SMW,ORG,ORG,2,
Google Drive,FAC,FAC,2,
X,MONEY,MONEY,2,
the previous month,DATE,DATE,2,
Yaswanth,PERSON,PERSON,2,
sha'h aee e o fe e e e te,PERSON,PERSON,2,
Paul Joshua,PERSON,PERSON,2,
sha hs,PERSON,PERSON,2,
ititi,GPE,GPE,2,
sa g ng,ORG,ORG,2,
ALS LS,ORG,ORG,2,
DLD,ORG,ORG,2,
Rupees One Lakh Ninty Eight Thousand Only,ORG,ORG,2,
AAENS,ORG,ORG,2,
Kumar Reddy,PERSON,PERSON,2,
Dear Prathyusha,ORG,ORG,2,
26,CARDINAL,CARDINAL,2,
Thet,PERSON,PERSON,2,
13691,DATE,DATE,2,
3.,CARDINAL,CARDINAL,2,
"July 1, 2022",DATE,DATE,2,
"March 31, 2027",DATE,DATE,2,
"December 2, 2017",DATE,DATE,2,
Notice Period,ORG,WORK_OF_ART,2,
Shares,ORG,ORG,2,
Garden Leave,WORK_OF_ART,WORK_OF_ART,2,
Section 1(vi)(c,LAW,LAW,2,
"Indian Companies Act, 2013",LAW,(missed),2,
Variable Pay,WORK_OF_ART,PERSON,2,
a particular fiscal year,DATE,DATE,2,
33.3%,PERCENT,PERCENT,2,
the fiscal years commencing,DATE,DATE,2,
2023-24,TIME,TIME,2,
each full fiscal year,DATE,DATE,2,
"March 31, 2023",DATE,DATE,2,
fiscal years,DATE,DATE,2,
the fiscal years,DATE,DATE,2,
2023-24,DATE,TIME,2,
2024-25,DATE,DATE,2,
March 31,DATE,DATE,2,
Performance Equity TSR Grant,ORG,ORG,2,
The Annual Performance Equity TSR Grant,ORG,ORG,2,
75th,ORDINAL,ORDINAL,2,
50th,ORDINAL,ORDINAL,2,
Share,ORG,ORG,2,
Grant,ORG,ORG,2,
Infosys Limited 2015,WORK_OF_ART,WORK_OF_ART,2,
the Infosys Expanded Stock Ownership Program,ORG,ORG,2,
RSU,ORG,ORG,2,
the Accrued Obligations,ORG,ORG,2,
Sections,GPE,GPE,2,
the Competitive Business,ORG,ORG,2,
Restricted Geographic Area,ORG,ORG,2,
the Restricted Geographic Area,FAC,FAC,2,
Competitive Business,ORG,WORK_OF_ART,2,
2.00,CARDINAL,CARDINAL,2,
3.00,CARDINAL,CARDINAL,2,
February,DATE,DATE,2,
2024,DATE,DATE,2,
2025,DATE,DATE,2,
FY'26,GPE,GPE,2,
"May, 2023",DATE,DATE,2,
"May, 2024",DATE,DATE,2,
"May, 2025",DATE,DATE,2,
10.00,CARDINAL,CARDINAL,2,
Government of National Capital Territory,ORG,ORG,2,
Reference IMPACC,PERSON,PERSON,2,
"Second Party PRESSMAN ADVERTISING LIMITED
",ORG,ORG,2,
"Stamp Duty Paid By EIH LIMITED
",WORK_OF_ART,WORK_OF_ART,2,
₹ 2,MONEY,(missed),2,
"the ""Rights Equity Shares",LAW,LAW,2,
Issue of Capital,ORG,ORG,2,
the Issue Documents,ORG,ORG,2,
the Eligible Equity Shareholders,ORG,ORG,2,
Promoters,WORK_OF_ART,WORK_OF_ART,2,
Pressman Advertising Limited,ORG,ORG,2,
the Rights Equity,ORG,ORG,2,
18 September 2020,DATE,DATE,2,
the Applicable Period,EVENT,EVENT,2,
Notice,WORK_OF_ART,FAC,2,
"Ambit Capital Private Limited
Ambit House",ORG,ORG,2,
449,CARDINAL,CARDINAL,2,
Senapati,GPE,GPE,2,
Bapat Marg,PERSON,PERSON,2,
"Payoneer Independent Contractor Agreement
Jurisdiction",ORG,ORG,1,
"Sears IT Internship Agreement
Jurisdiction",ORG,ORG,1,
"Viasat India Remote Work Agreement
Jurisdiction",ORG,ORG,1,
Doxuno India Independent,ORG,ORG,1,
"Jaitra Internship Agreement
Jurisdiction",LAW,LAW,1,
MealVersity Gig Worker Delivery Partner Terms Jurisdiction,PRODUCT,PRODUCT,1,
2023,DATE,DATE,1,
Dear Abhinandan Basu,WORK_OF_ART,WORK_OF_ART,1,
the Campus Recruitment,ORG,ORG,1,
College / University,ORG,ORG,1,
Associate Analyst,DESIGNATION,(missed),1,
"Rs.
4,76,214/-",MONEY,(missed),1,
p.a.,GPE,GPE,1,
"Basic Salary, Gratuity, Medical & Health Insurance",WORK_OF_ART,WORK_OF_ART,1,
Confirmation,ORG,ORG,1,
"Non-Disclosure Agreement and Service Agreement
You",ORG,ORG,1,
10 business days,DATE,DATE,1,
5 Government,ORG,ORG,1,
26 weeks,DURATION,DATE,1,
Maternity Benefit,ORG,ORG,1,
8:45 am to 5:45 pm,TIME,TIME,1,
Launchpad,GPE,GPE,1,
Kamalahasan,NORP,NORP,1,
Haryana-122001,ORG,ORG,1,
Arkaprava Kumar,PERSON,PERSON,1,
Dear Arkaprava,PERSON,PERSON,1,
"Business Development
Counsellor",ORG,ORG,1,
17th May 2022,DATE,DATE,1,
PlanetSpark,ORG,ORG,1,
Plot No,ORG,ORG,1,
"Individual Target
Employer PF Contribution
Total CTC",ORG,ORG,1,
"650,400",CARDINAL,CARDINAL,1,
21428,DATE,DATE,1,
second month,DATE,DATE,1,
Nature of Work,WORK_OF_ART,WORK_OF_ART,1,
"Business
Development Counsellor",ORG,ORG,1,
quarter,DATE,DATE,1,
"the
Termination of Service",EVENT,EVENT,1,
WINSPARK INNOVATIONS LEARNING PVT LTD,ORG,ORG,1,
Dear Arpita Karmakar,PERSON,PERSON,1,
o o n n o o subsidiary,ORG,ORG,1,
aos gs n s ss n s ds n,ORG,ORG,1,
Snvss,ORG,ORG,1,
sr s sns sov,ORG,ORG,1,
onl l n nl nl,ORG,ORG,1,
syng,GPE,GPE,1,
s o o o d oo oe annum,ORG,ORG,1,
3:45 PM,TIME,TIME,1,
"https://wipro.icims.com/forms?module=Forms&action=showForm&view=htm&form=Elite_Offer_letter_template_2022&user=23077122&item=42677...11/12
https://wipro.icims.com/forms?module=Forms&action=showForm&view=htm&form=Elite_Offer_letter_template_2022&user=2",PERSON,PERSON,1,
Dear Bikramjit Sarkar,WORK_OF_ART,WORK_OF_ART,1,
2:41 PM,TIME,TIME,1,
https://wipro.icims.com/forms?module=Forms&action=showForm&view=htm&form=Elite_Offer_letter_template_2022&user=2440,PRODUCT,PRODUCT,1,
n o n o n,ORG,ORG,1,
n s e o,ORG,ORG,1,
"s n e s ee s i o s zicn
Pee",ORG,ORG,1,
n sn n n n n,ORG,ORG,1,
aonn n,ORG,ORG,1,
s s s sie,ORG,ORG,1,
3:39 PM,TIME,TIME,1,
https://wipro.icims.com/forms?module=Forms&action=showForm&view=htm&form=Elite_Offer_letter_template_2022&user=24406526&item=66443...11/12,PERSON,PERSON,1,
B - Internship and Stipend Details,ORG,ORG,1,
C - Employment Terms,ORG,ORG,1,
Performance Incentives,PERSON,PERSON,1,
"Profession
Taxes &",ORG,ORG,1,
Pre-Tax,ORG,ORG,1,
160071 26 November 2021,DATE,DATE,1,
January 2022,DATE,DATE,1,
Mohali,ORG,ORG,1,
Leave Policy,PERSON,PERSON,1,
Evening,TIME,TIME,1,
"Non-Disclosure Agreement
6.1",ORG,ORG,1,
160071 9.1,DATE,DATE,1,
3 consecutive days,DATE,DATE,1,
9.4,CARDINAL,CARDINAL,1,
9.5,CARDINAL,CARDINAL,1,
9.6,CARDINAL,CARDINAL,1,
9.7,CARDINAL,CARDINAL,1,
9.8,CARDINAL,CARDINAL,1,
INR 500,MONEY,(missed),1,
Acceptance of Internship Offer,WORK_OF_ART,WORK_OF_ART,1,
12.4,CARDINAL,CARDINAL,1,
12.5,CARDINAL,CARDINAL,1,
Sent and Validated,ORG,ORG,1,
Ria Gupta,PERSON,PERSON,1,
PAN Card/,ORG,ORG,1,
Departmental/College,ORG,ORG,1,
PAN Card/,PRODUCT,ORG,1,
Appointment Letter/,PRODUCT,PRODUCT,1,
Last 3 Months,DATE,DATE,1,
"Salary Slip
UPDATED",PERSON,PERSON,1,
Complete the Assignment of Foundation Level,ORG,ORG,1,
Performance Reviews,PERSON,PERSON,1,
Level 2,PRODUCT,PRODUCT,1,
"L1 & L2
Completion of L2",ORG,ORG,1,
Signing of Service Agreement,ORG,ORG,1,
Months,DATE,DATE,1,
L3 Level,ORG,ORG,1,
the Minimum Service Period,ORG,ORG,1,
90 (ninety) days,DURATION,(missed),1,
"Indian
Contract Act, 1872",LAW,(missed),1,
"2,00,000",CARDINAL,CARDINAL,1,
Reference Letter,PERSON,PERSON,1,
two hundred and seventy,CARDINAL,CARDINAL,1,
270,CARDINAL,CARDINAL,1,
seven,CARDINAL,CARDINAL,1,
"January 20, 2022",DATE,DATE,1,
https://wipro.icims.com/forms?module=Forms&action=showForm&view=htm&form=Elite_Offer_letter_template_2022&user=23071042&item=42,PERSON,PERSON,1,
20/1/2022,DATE,(missed),1,
5:42 PM,TIME,TIME,1,
Dear Sayani Samanta,ORG,ORG,1,
nl,ORG,ORG,1,
u st h n d n nn s n,ORG,ORG,1,
Pee,PERSON,PERSON,1,
"1/22/22,10:25",DATE,(missed),1,
Wipro Offer Letter,PERSON,PERSON,1,
"21 Jan, 2022",DATE,DATE,1,
9:34 pm,TIME,TIME,1,
Reply,ORG,ORG,1,
Dear Sayansa Dhar,ORG,ORG,1,
Mobile Phone,GPE,GPE,1,
Offer Letter,PERSON,PERSON,1,
Wipro,PRODUCT,ORG,1,
"Submit and Print"" -> Click",WORK_OF_ART,WORK_OF_ART,1,
Login Name,PERSON,PERSON,1,
Regards,ORG,ORG,1,
"Campus Offer Generation Team
|Global Campus Hiring Team| Wipro",PERSON,PERSON,1,
Sarjapur Road Bengaluru,PERSON,PERSON,1,
560 035 IND,MONEY,MONEY,1,
January 14,DATE,DATE,1,
h o s,ORG,ORG,1,
Svn n s n e n n e (n n nn,ORG,ORG,1,
rrd o rec s ns s r d ur roay e s t o o o o,ORG,ORG,1,
sn o s ons,ORG,ORG,1,
pln i o s s n co n,ORG,ORG,1,
14/1/2022,DATE,(missed),1,
1:09 PM,TIME,TIME,1,
Limited Wipro,PERSON,PERSON,1,
Bengaluru W:wipro.com,ORG,ORG,1,
Dear Sayantan Das,ORG,ORG,1,
I Sayantan Das,ORG,ORG,1,
Sayantan Das,PERSON,PERSON,1,
2:43 PM,TIME,TIME,1,
1/9,CARDINAL,CARDINAL,1,
Dear Souradipta Dey,ORG,ORG,1,
"mywipro.wipro.com
https://wipro.icims.com/forms?module=Forms&action=showForm&view=htm&form=Elite_Offer_letter_template_2022&user=23075",PERSON,PERSON,1,
2/9,CARDINAL,CARDINAL,1,
3/9,CARDINAL,CARDINAL,1,
4/9,CARDINAL,CARDINAL,1,
Individual and Personal Responsibility,ORG,ORG,1,
I Souradipta Dey,PERSON,PERSON,1,
5/9,CARDINAL,CARDINAL,1,
Souradipta Dey,PERSON,PERSON,1,
25000 - 75000,CARDINAL,CARDINAL,1,
Year 2,DATE,DATE,1,
Year 3,DATE,DATE,1,
6/9,CARDINAL,CARDINAL,1,
7/9,CARDINAL,CARDINAL,1,
"Rs 50,000",MONEY,(missed),1,
Sec 80C,PERSON,PERSON,1,
INR 1800,MONEY,(missed),1,
the Employee State Insurance Act,ORG,ORG,1,
8/9,CARDINAL,CARDINAL,1,
40 years,DURATION,(missed),1,
The Survivor Benefit Plan's,ORG,WORK_OF_ART,1,
appetite & transparent fund management,ORG,ORG,1,
9/9,CARDINAL,CARDINAL,1,
7:07 PM,TIME,TIME,1,
"Wipro Limited
",ORG,ORG,1,
"Sarjapur Road
Bengaluru",FAC,FAC,1,
29/10/2020,DATE,(missed),1,
Road,ORG,ORG,1,
Bhagabati Park,FAC,FAC,1,
Kolkata-700074,ORG,ORG,1,
Dear Sarthak Sengupta,ORG,ORG,1,
"A , 1st",DATE,DATE,1,
K.K. Dutta Club,PERSON,PERSON,1,
Sahid Nagar,PERSON,PERSON,1,
Dear Saumya Ghosh,WORK_OF_ART,WORK_OF_ART,1,
Offer/Sayak Saha,ORG,ORG,1,
"September 9, 2020",DATE,DATE,1,
Sayak Saha,PERSON,PERSON,1,
"Bengal Institute of Technology
Contact",ORG,ORG,1,
8436213664,DATE,DATE,1,
"August 2, 2021",DATE,DATE,1,
"Offer/Sayak Saha
Annexure - A
Name :",ORG,ORG,1,
"Sayak Saha
Designation",PERSON,PERSON,1,
"INR 500,010.00/-",MONEY,(missed),1,
"15,000.00",CARDINAL,CARDINAL,1,
"180,000.00",CARDINAL,CARDINAL,1,
"7,500.00",CARDINAL,CARDINAL,1,
"110,256.00",CARDINAL,CARDINAL,1,
"5,500.00",CARDINAL,CARDINAL,1,
"1,125.00",CARDINAL,CARDINAL,1,
"13,500.00",CARDINAL,CARDINAL,1,
"38,313.00",CARDINAL,CARDINAL,1,
"21,600.00",CARDINAL,CARDINAL,1,
"10,000.00",CARDINAL,CARDINAL,1,
"INR
500,010.00",MONEY,(missed),1,
Books & Periodicals and Telephone,ORG,ORG,1,
"The Gratuity Act, 1972",LAW,(missed),1,
the fiscal year,DATE,DATE,1,
"Additional Conditions
▪ Exhibit A – Confidentiality",ORG,ORG,1,
"January 25, 2021",DATE,DATE,1,
Pune,GPE,GPE,1,
"INR 400,000.00",MONEY,PRODUCT,1,
INR 21600.00,MONEY,(missed),1,
INR 18400.00,MONEY,(missed),1,
July 2022,DATE,DATE,1,
at least five years,DATE,DATE,1,
"Bonus
Eligibility",EVENT,EVENT,1,
India Discretionary Bonus Plan,ORG,ORG,1,
at least six months,DATE,DATE,1,
January][November,DATE,DATE,1,
night hours,TIME,TIME,1,
such hours,TIME,TIME,1,
Performance and Duties,WORK_OF_ART,WORK_OF_ART,1,
Exhibit A.,PERSON,PERSON,1,
"Amdocs Code of Ethics and Business Conduct, Data Privacy Policy and Information Security",ORG,ORG,1,
Data Protection,ORG,ORG,1,
Amdocs' Data Protection Policy,ORG,ORG,1,
Amdocs Code of Ethics and Business Conduct,ORG,ORG,1,
Employee Undertakings,ORG,ORG,1,
The first one year,DATE,DATE,1,
Disloyalty,PERSON,PERSON,1,
Indiscipline,ORG,ORG,1,
the end of one year,DATE,DATE,1,
Start Date,ORG,ORG,1,
Background Checks,ORG,ORG,1,
"Additional Conditions
Please",ORG,ORG,1,
HR Department,ORG,ORG,1,
Shefali Rishab,PERSON,PERSON,1,
1/25/2021,DATE,CARDINAL,1,
all Intellectual Property Rights,ORG,ORG,1,
Invention,PRODUCT,PRODUCT,1,
and/or (b) Own,ORG,ORG,1,
PROVIDED Amdocs Business Activities,ORG,ORG,1,
"Amdocs
Business Activities",ORG,ORG,1,
Business Support System,ORG,ORG,1,
BSS,ORG,ORG,1,
Digital,ORG,ORG,1,
Customer Relationship Management,ORG,ORG,1,
Digital Channels,ORG,ORG,1,
Order Management,ORG,ORG,1,
Open Network,PERSON,PERSON,1,
OSS,ORG,ORG,1,
Network Function Virtualization (NFV,ORG,ORG,1,
Solicit,PERSON,PERSON,1,
12) month,DATE,DATE,1,
"and/or
(",PERSON,PERSON,1,
"Non-Competition
Non-Solicitation",ORG,ORG,1,
this Agreement on the date,WORK_OF_ART,WORK_OF_ART,1,
Governing Law,WORK_OF_ART,WORK_OF_ART,1,
298236,CARDINAL,CARDINAL,1,
Dear Sayan Ghanty,WORK_OF_ART,WORK_OF_ART,1,
"1
Sayan",CARDINAL,CARDINAL,1,
"March 20, 2021",DATE,DATE,1,
Sayan Hazra,PERSON,PERSON,1,
B.E,GPE,GPE,1,
Techno India Group,ORG,ORG,1,
"March 22, 2021",DATE,DATE,1,
"May 14, 2021",DATE,DATE,1,
"Virtusa
Consulting Services Private Limited",ORG,ORG,1,
• Designation,ORG,ORG,1,
"Sundararajan Narayanan
Chief",PERSON,PERSON,1,
Consulting Services Private Limited,ORG,ORG,1,
Bengal Institute Of Technology,ORG,ORG,1,
Dimentics Info Tech,FAC,FAC,1,
Private Limited,ORG,ORG,1,
Internshala,GPE,GPE,1,
"September 08, 2021",DATE,DATE,1,
8DB6E66A-9678,CARDINAL,CARDINAL,1,
"Manasa Housing, Flat",ORG,ORG,1,
Debigarh 3rd,PERSON,PERSON,1,
Madhyamgram,ORG,ORG,1,
Sayantan,GPE,GPE,1,
CBNITS INDIA PVT,ORG,ORG,1,
"CBNITS INDIA
",FAC,FAC,1,
"Salary
You",WORK_OF_ART,WORK_OF_ART,1,
Rupees Three Lakhs,PERSON,PERSON,1,
"DESCRIPTION
Conveyance Allowance",PERSON,PERSON,1,
Performance Allowance,PERSON,PERSON,1,
BNITS INDIA PVT,ORG,ORG,1,
RupeesTwenty Five Thousand,ORG,ORG,1,
"Rs. 3,00,000",MONEY,(missed),1,
18750.00,CARDINAL,CARDINAL,1,
225000.00,CARDINAL,CARDINAL,1,
3750.00,CARDINAL,CARDINAL,1,
45000.00,CARDINAL,CARDINAL,1,
25000.00,CARDINAL,CARDINAL,1,
300000.00,CARDINAL,CARDINAL,1,
13/01/2021,DATE,(missed),1,
1.3 Leave & Holidays,ORG,ORG,1,
The National Holidays,ORG,ORG,1,
May Day,DATE,DATE,1,
Independence Day,EVENT,EVENT,1,
"Gandhi Jayanti
Durga Puja",PERSON,PERSON,1,
Christmas Day,DATE,DATE,1,
"New Year
Republic Day",EVENT,EVENT,1,
Rs. 500,MONEY,(missed),1,
"Rs 8,000/=.",MONEY,(missed),1,
the end of each month,DATE,DATE,1,
chang,PERSON,PERSON,1,
ami ami mi hera,PERSON,PERSON,1,
130,CARDINAL,CARDINAL,1,
HDFC Bank,ORG,ORG,1,
Holi,PERSON,PERSON,1,
ONS OF EMPLOYMENT,ORG,ORG,1,
2.5 Notices for Separation/ Termin,WORK_OF_ART,WORK_OF_ART,1,
Compa,ORG,ORG,1,
Company sh ce,PERSON,PERSON,1,
CBNITS India Private Limited,ORG,ORG,1,
Clie,PERSON,PERSON,1,
2.6 years,DURATION,(missed),1,
Standards of Business Conduct,WORK_OF_ART,WORK_OF_ART,1,
"Confide
Company",WORK_OF_ART,WORK_OF_ART,1,
Stan,PERSON,PERSON,1,
Non-Solicitation Agr,ORG,ORG,1,
7 working days,DATE,DATE,1,
doc,ORG,ORG,1,
Capgemini Technology Services India Limited,ORG,ORG,1,
299541,CARDINAL,CARDINAL,1,
Dear Sayantika Dutta,ORG,ORG,1,
Tejinder Sethi,ORG,ORG,1,
"Tejinder Sethi
",ORG,ORG,1,
Para Lane,PERSON,PERSON,1,
Beniapukur,ORG,ORG,1,
Kolkata-700014,ORG,ORG,1,
Dear Shaique Anwar,WORK_OF_ART,WORK_OF_ART,1,
Dear Sharika Rafique,ORG,ORG,1,
"Kolkata
Candidate ID",ORG,ORG,1,
15521575,DATE,DATE,1,
"Cognizant Technology Solutions India Private
Limited",ORG,ORG,1,
"INR 401,988/-",MONEY,ORG,1,
"INR 22,500",MONEY,ORG,1,
"INR 19,500/-",MONEY,PRODUCT,1,
Annual Total Remuneration,ORG,ORG,1,
"Rs.450,740/-",MONEY,(missed),1,
"INR 22,500/-",MONEY,(missed),1,
Graduation/Post-Graduation,ORG,ORG,1,
Cognizant Internship,ORG,ORG,1,
"the Cognizant
Internship",ORG,ORG,1,
GenC Training Post,ORG,ORG,1,
Cognizant GenC,ORG,ORG,1,
The Cognizant Internship,ORG,ORG,1,
the Continuous Skill Development,ORG,ORG,1,
Maya Sreekumar,PERSON,PERSON,1,
"126,000",CARDINAL,CARDINAL,1,
"75,600",CARDINAL,CARDINAL,1,
"88,188",CARDINAL,CARDINAL,1,
"359,988",CARDINAL,CARDINAL,1,
"382,488",CARDINAL,CARDINAL,1,
"19,500",CARDINAL,CARDINAL,1,
"401,988",CARDINAL,CARDINAL,1,
the Clock Group Personal Accident Insurance,ORG,ORG,1,
"• Group Term Life Insurance
• Employees' Compensation Insurance",ORG,ORG,1,
"Earned Leave
Sick Leave
Casual Leave
•",PERSON,PERSON,1,
Maternity Benefit Act,LAW,LAW,1,
the Cognizant India Leave,ORG,ORG,1,
Provident Fund Wages,ORG,ORG,1,
"Special
Payout",WORK_OF_ART,WORK_OF_ART,1,
Employees State Insurance,ORG,ORG,1,
Flexible Benefit Plan: Your,WORK_OF_ART,WORK_OF_ART,1,
the Annual Gross Compensation,ORG,ORG,1,
"GyanSys - Offer Of Employment - Shnouli Mukhherjee
",ORG,ORG,1,
"13, 2022",DATE,DATE,1,
2:00 PM,TIME,TIME,1,
2:37 pm,TIME,TIME,1,
Subject,PERSON,PERSON,1,
Dear Shnouli,ORG,ORG,1,
GyansysOffer of Employment,ORG,ORG,1,
DocuSign,PRODUCT,PRODUCT,1,
"Alternate Signing Method
Visit",ORG,ORG,1,
DocuSign.com,ORG,ORG,1,
"About DocuSign
Sign",CARDINAL,CARDINAL,1,
just minutes,TIME,TIME,1,
DocuSign,ORG,PRODUCT,1,
Digital Transaction,ORG,ORG,1,
Support Center,GPE,GPE,1,
the DocuSign Electronic Signature Service,ORG,ORG,1,
Dear Absar Shariq,ORG,ORG,1,
13915937,DATE,DATE,1,
"Absar Shariq
Company's",ORG,ORG,1,
"Rs.3,50,000/-",MONEY,(missed),1,
Company͛ s,PRODUCT,PRODUCT,1,
Overseas Deputation/International Assignment,ORG,ORG,1,
"Rs.2,00,000",MONEY,ORG,1,
seven(7) days,DATE,DATE,1,
CampBuzz,ORG,ORG,1,
Larsen & Toubro Infotech Ltd.,ORG,ORG,1,
"Nikhil Govekar
Sr.",PERSON,PERSON,1,
2Campus,CARDINAL,CARDINAL,1,
"August 21, 2019",DATE,DATE,1,
"p.a.
Rs",GPE,GPE,1,
"11,300",CARDINAL,CARDINAL,1,
A. Base Salary,WORK_OF_ART,WORK_OF_ART,1,
"26,300",CARDINAL,CARDINAL,1,
C. Total Target Cash,ORG,ORG,1,
"8,664",CARDINAL,CARDINAL,1,
"4,140",CARDINAL,CARDINAL,1,
D. Retirals & Other Benefits,ORG,ORG,1,
"34,398",CARDINAL,CARDINAL,1,
"350,000",CARDINAL,CARDINAL,1,
Spouse &,ORG,ORG,1,
"Rs. 3,00,000/-",MONEY,(missed),1,
"p.a.
Employees",GPE,GPE,1,
1.Basic,CARDINAL,CARDINAL,1,
Leave Encashment,ORG,ORG,1,
the ESIC Act,LAW,LAW,1,
Adhoc Allowance,ORG,ORG,1,
Bonus Act,EVENT,EVENT,1,
Bouquet,PERSON,ORG,1,
10% - 50%,PERCENT,PERCENT,1,
"Rs. 1,250/-",MONEY,(missed),1,
Conveyance Allowance,PERSON,PERSON,1,
"Rs. 1,600/-",MONEY,(missed),1,
"Rs. 1,100/-",MONEY,(missed),1,
"Rs. 2,200/-",MONEY,(missed),1,
Adhoc Allowance,GPE,ORG,1,
Income Tax Rules,ORG,ORG,1,
the Interview/Selection/Joining,ORG,ORG,1,
LTI Development Center/ Customer Site/ Partner,ORG,ORG,1,
2020,CARDINAL,CARDINAL,1,
"All Branches
Computer Application
",ORG,ORG,1,
1st July,DATE,DATE,1,
24 years,DURATION,DATE,1,
26 years,DURATION,(missed),1,
Diploma/after Graduation,ORG,ORG,1,
No Year,EVENT,EVENT,1,
HSC,GPE,GPE,1,
Supplementary,FAC,FAC,1,
Diploma Holders,ORG,ORG,1,
"Diploma(both),marks",PERSON,PERSON,1,
Diploma,GPE,PERSON,1,
"Post-Graduation
Percentages/CGPA",ORG,ORG,1,
Provisional/Passing,ORG,ORG,1,
"Diploma, Graduation,Post
Graduation",ORG,ORG,1,
Reattempts/ATKTs/Arrears,ORG,ORG,1,
the College/University,ORG,ORG,1,
"Internal,External",ORG,ORG,1,
Nature of Course,WORK_OF_ART,WORK_OF_ART,1,
SUMMER,WORK_OF_ART,WORK_OF_ART,1,
Pre-Employment Verification,ORG,ORG,1,
"Pre-Employment Medical
Certificate",ORG,ORG,1,
Dear Aditi Seal,ORG,ORG,1,
14294152,DATE,DATE,1,
"Rs.19,500/-",MONEY,(missed),1,
"Rs.450,500/-",MONEY,(missed),1,
"Rs. 19,500/-",MONEY,(missed),1,
Akanksha Singh,PERSON,PERSON,1,
CTC Including,ORG,ORG,1,
criterla,PERSON,PERSON,1,
Deputatlon/International Assignment Based,ORG,ORG,1,
Documents,NORP,NORP,1,
Dear Akash Ranjan Dubey,WORK_OF_ART,WORK_OF_ART,1,
"B.E / B.Tech, Electronics and",ORG,ORG,1,
"Communication Engineering
Candidate ID",ORG,ORG,1,
13915940,DATE,DATE,1,
Ranjan Dubey,PERSON,PERSON,1,
13915938,DATE,DATE,1,
"Akriti Gupta
Company's",PERSON,PERSON,1,
1message,CARDINAL,CARDINAL,1,
"LTI
",PRODUCT,PRODUCT,1,
"Ler's Solve
Ref:",ORG,ORG,1,
Ananya,GPE,GPE,1,
LTi,PERSON,PERSON,1,
Intimated,ORG,ORG,1,
03/10/2019,DATE,(missed),1,
"Anik Sarkar
Vill",PERSON,PERSON,1,
Dist - Murshidabad,ORG,ORG,1,
Near Adsr Office,ORG,ORG,1,
Berhampore-742303,ORG,ORG,1,
Dear Anik Sarkar,WORK_OF_ART,WORK_OF_ART,1,
"10,200/- per month",DATE,DATE,1,
"4,080/- per month",DATE,DATE,1,
"7,570/- per month",DATE,DATE,1,
Anik Sarkar,PERSON,PERSON,1,
"1,22,400",CARDINAL,CARDINAL,1,
"1,224",CARDINAL,CARDINAL,1,
"14,688",CARDINAL,CARDINAL,1,
"5,887",CARDINAL,CARDINAL,1,
"1,715",CARDINAL,CARDINAL,1,
"28,475",CARDINAL,CARDINAL,1,
"4,080",CARDINAL,CARDINAL,1,
"48,960",CARDINAL,CARDINAL,1,
"7,570",CARDINAL,CARDINAL,1,
"90,840",CARDINAL,CARDINAL,1,
"1,56,000",CARDINAL,CARDINAL,1,
Anirban Roy,PERSON,PERSON,1,
10:42 PM,TIME,TIME,1,
5:09 PM,TIME,TIME,1,
Anirban,ORG,ORG,1,
"30, 2020",DATE,DATE,1,
8:49 PM,TIME,TIME,1,
EIT Services,ORG,ORG,1,
"₹342,857.00",MONEY,(missed),1,
"₹360,000.00",MONEY,(missed),1,
"₹180,000.00",MONEY,(missed),1,
Flexible Benefit Plan,WORK_OF_ART,WORK_OF_ART,1,
the Regional Provident Fund Commissioner,ORG,ORG,1,
"Gratuity
Act, 1972",LAW,(missed),1,
"₹17,143",MONEY,(missed),1,
"Group Life Insurance, Personal Accident Insurance",ORG,ORG,1,
Hospitalization Insurance Coverage,ORG,ORG,1,
"Rs
13,976",MONEY,(missed),1,
Employee State Insurance Act 1948,LAW,(missed),1,
12 working days of sick−cum−casual,DATE,DATE,1,
CONDITIONS OF EMPLOYMENT,ORG,ORG,1,
2.1.Your,CARDINAL,CARDINAL,1,
51007431,DATE,DATE,1,
"the Notice
Period",LAW,LAW,1,
Salary,GPE,PERSON,1,
Basic Salary,PERSON,PERSON,1,
"2.8 Standards of Business Conduct
",WORK_OF_ART,WORK_OF_ART,1,
"the ""Standards of Business Conduct",LAW,LAW,1,
the Standards of Business Conduct,ORG,ORG,1,
2.11,CARDINAL,CARDINAL,1,
"a ""Confidentiality Agreement",LAW,LAW,1,
DXC Technology Employee's,ORG,ORG,1,
Intellectual Property Policy,ORG,ORG,1,
3 working days,DATE,DATE,1,
8292 8305,DATE,DATE,1,
Company Leased,ORG,ORG,1,
LTA,ORG,ORG,1,
four calendar years,DATE,DATE,1,
"Rs. 200,000",MONEY,(missed),1,
"Rs. 2,400",MONEY,(missed),1,
Rs.300,MONEY,(missed),1,
"Rs. 7,200",MONEY,(missed),1,
5a,CARDINAL,CARDINAL,1,
5b,CARDINAL,CARDINAL,1,
"Rs. 3,60,000",MONEY,(missed),1,
5c,CARDINAL,CARDINAL,1,
Chauffeur Allowance,PERSON,PERSON,1,
Rs. 3.6,MONEY,(missed),1,
"Rs.1,44,000",MONEY,(missed),1,
5d,CARDINAL,CARDINAL,1,
Maintenance Allowance: Balance of,PERSON,PERSON,1,
Chauffeur,ORG,ORG,1,
"Rs.26,400",MONEY,(missed),1,
Bonus/Exgratia,ORG,ORG,1,
"Rs. 21,",MONEY,(missed),1,
the end of the year,DATE,DATE,1,
"FBP Declaration
Telephone Reimbursement: Telephone and/or Broadband",ORG,ORG,1,
"INR 1,500",MONEY,ORG,1,
"INR 18,000",MONEY,(missed),1,
"INR
9,00,000",MONEY,(missed),1,
Flexible Benefits Plan,WORK_OF_ART,WORK_OF_ART,1,
Payroll,ORG,ORG,1,
The year,DATE,DATE,1,
1st April to 31st March,DATE,DATE,1,
that financial year,DATE,DATE,1,
"Q1
25%",PERCENT,PERCENT,1,
Q2 &,ORG,ORG,1,
Q3 &,ORG,ORG,1,
Q2,DATE,DATE,1,
Q4 &,ORG,ORG,1,
"Q1,Q2,Q3",ORG,ORG,1,
"April, May, June",DATE,DATE,1,
"July, August,",DATE,DATE,1,
Q3 −,PERSON,PERSON,1,
"October, November, December",DATE,DATE,1,
"January, February, March",DATE,DATE,1,
April,DATE,DATE,1,
that year,DATE,DATE,1,
3(d,CARDINAL,CARDINAL,1,
'Annualized Compensation & Benefits,WORK_OF_ART,WORK_OF_ART,1,
Provisional Certificates,ORG,ORG,1,
"Two
5",CARDINAL,CARDINAL,1,
Pan,ORG,ORG,1,
Copy,PERSON,PERSON,1,
Copy of Rental Agreement,ORG,ORG,1,
Voter,ORG,ORG,1,
Citibank,ORG,ORG,1,
Navy,ORG,ORG,1,
"Four
10",CARDINAL,CARDINAL,1,
First Name,ORG,ORG,1,
the Company Confidential Information Policy,ORG,ORG,1,
Company Confidential Information,ORG,ORG,1,
Confidential Information of Company,ORG,ORG,1,
Confidential Information or Proprietary Developments,ORG,ORG,1,
No Solicitation of Customers,ORG,ORG,1,
a Competing Line of Business,LAW,LAW,1,
No Solicitation of Company Employees,ORG,ORG,1,
the Company Employee,ORG,ORG,1,
Company Employee,ORG,ORG,1,
No Solicitation of Company Suppliers,ORG,ORG,1,
Company Supplier,PERSON,PERSON,1,
"Competing Line of
Business",WORK_OF_ART,WORK_OF_ART,1,
ODM,ORG,ORG,1,
each day,DATE,DATE,1,
Authority for Revision,ORG,ORG,1,
Tambaram,ORG,ORG,1,
600 045,CARDINAL,CARDINAL,1,
12/09/2019,DATE,(missed),1,
Ankur Chakraborty,PERSON,PERSON,1,
Flora Fountain,PERSON,PERSON,1,
Dear Ankur Chakraborty,ORG,ORG,1,
Learning Incentives Yyour,WORK_OF_ART,WORK_OF_ART,1,
the first Year,DATE,DATE,1,
CONSULTANCY,ORG,ORG,1,
Tata Censultancy Services Limited,ORG,ORG,1,
Kolkata- 700156,PERSON,PERSON,1,
A.UT,ORG,ORG,1,
400 021,CARDINAL,CARDINAL,1,
"4
SeMiew Developers Pvt Lid",ORG,ORG,1,
Secto,GPE,GPE,1,
135,CARDINAL,CARDINAL,1,
Gautam Buddh Nagar,ORG,ORG,1,
201304,DATE,DATE,1,
Indio) Limited,ORG,ORG,1,
Sopra Sterio Group,ORG,ORG,1,
Sopra Steria,WORK_OF_ART,WORK_OF_ART,1,
INR 400000,MONEY,ORG,1,
Group,ORG,ORG,1,
Europe,LOC,LOC,1,
This Letter of Intent,WORK_OF_ART,WORK_OF_ART,1,
INR 200.000,MONEY,(missed),1,
36 months,DURATION,DATE,1,
witi1,ORG,ORG,1,
July - September 2020,DATE,DATE,1,
CORPORATE0FFCE DTDC HOUSE,PERSON,PERSON,1,
Victra Road,FAC,FAC,1,
Bangaluru,PERSON,PERSON,1,
Tel.:080,PERSON,PERSON,1,
25365032/39,CARDINAL,CARDINAL,1,
DTDC Express Limited GT-TT-E1 D Anasuya Xundu,ORG,ORG,1,
Authorized Signatory Attashicheleboty,ORG,ORG,1,
ABM,LAW,LAW,1,
CMO,ORG,ORG,1,
the next twelve consecutive months,DATE,DATE,1,
"Rs 20,000/-",MONEY,(missed),1,
Twenty thousand 700059,DATE,DATE,1,
DTDC Express Limited,ORG,ORG,1,
404,CARDINAL,CARDINAL,1,
RAGHUNATHPUR,ORG,ORG,1,
National Apprenticeship Promotion Scheme,ORG,ORG,1,
Graduate Apprentice,ORG,ORG,1,
"Graduate Apprentice Trainee dpd Igroup DTDCA
",ORG,ORG,1,
Dear Amit,WORK_OF_ART,WORK_OF_ART,1,
"September 06, 2018",DATE,DATE,1,
Cardiac Rhythm & Heart Failure-Response Care Business,ORG,ORG,1,
al allowances,ORG,ORG,1,
September 2018,DATE,DATE,1,
Medtronic,ORG,ORG,1,
n s g e,PERSON,PERSON,1,
让L,ORG,ORG,1,
12.5457,CARDINAL,CARDINAL,1,
Amold Titus,PERSON,PERSON,1,
Indla Subcontinent,ORG,ORG,1,
Murnbal,GPE,GPE,1,
Youe,PERSON,PERSON,1,
18.GOVERINGLAW,CARDINAL,CARDINAL,1,
the Laws of India,WORK_OF_ART,WORK_OF_ART,1,
Jurisdiction,PERSON,PERSON,1,
non-English,NORP,NORP,1,
Including Ideas,PERSON,PERSON,1,
8.COMPANY INFORMATION& INTELLECTUALPROPERTY,ORG,ORG,1,
"ed
Scannea",PERSON,PERSON,1,
Camscan,GPE,GPE,1,
22 48810704,DATE,DATE,1,
12.OTHER,CARDINAL,CARDINAL,1,
EMPLOYEEADDRESS,ORG,ORG,1,
more than seven days,DATE,DATE,1,
inis,PERSON,PERSON,1,
ynt aus s,ORG,ORG,1,
14.NON,CARDINAL,CARDINAL,1,
Jo,PERSON,PERSON,1,
tel91-22,CARDINAL,CARDINAL,1,
48810704,DATE,DATE,1,
Solitalre Corporate Park,FAC,FAC,1,
the Foreign Corrupt Practices Act,LAW,LAW,1,
the Anti-Bribery Act,LAW,LAW,1,
Business Conduct Standards,ORG,ORG,1,
medtronic,ORG,ORG,1,
Mumbal- 400093,DATE,DATE,1,
Madhusudan Nair,PERSON,PERSON,1,
India Sub Continent,ORG,ORG,1,
CamScan,ORG,ORG,1,
tel +91-,PERSON,PERSON,1,
WORKING HOURS,ORG,ORG,1,
HOLIDAYS,PERSON,PERSON,1,
Commencement Date,ORG,ORG,1,
SECRECY& CONFIDENTIALITY a)You,ORG,ORG,1,
ma eygm,PERSON,PERSON,1,
MEDTRONIC,ORG,ORG,1,
383691,DATE,DATE,1,
Pan Number:,PRODUCT,PRODUCT,1,
4/2,CARDINAL,CARDINAL,1,
B/H-11,ORG,ORG,1,
"Bhukailash Road
Kolkata - 700023",FAC,FAC,1,
"September 06,2018",DATE,DATE,1,
Cardiac Rhythm & Heart Failure-Response Care,ORG,ORG,1,
India Medtronic Private Limited,ORG,ORG,1,
CONFIRMATION,ORG,ORG,1,
the Probation Period,EVENT,EVENT,1,
Probation Notice Period,WORK_OF_ART,WORK_OF_ART,1,
Prot,PERSON,PERSON,1,
Notice Per ln e lent,WORK_OF_ART,WORK_OF_ART,1,
Solitare Oorporate Park,GPE,GPE,1,
"Mumbal-40093,Inda",GPE,GPE,1,
Scannea,PERSON,PERSON,1,
"Location Kolkata
Components Amount - INR",PERSON,PERSON,1,
Basic Salary,WORK_OF_ART,PERSON,1,
"152,919",CARDINAL,CARDINAL,1,
Flexible Pay Components,ORG,ORG,1,
"76,460",CARDINAL,CARDINAL,1,
"13,200",CARDINAL,CARDINAL,1,
"60,000",CARDINAL,CARDINAL,1,
Mediclaim Insurance,ORG,ORG,1,
"128,333",CARDINAL,CARDINAL,1,
"436,912",CARDINAL,CARDINAL,1,
Variable Pay Incentive,WORK_OF_ART,WORK_OF_ART,1,
12 %,PERCENT,PERCENT,1,
"18,350",CARDINAL,CARDINAL,1,
Retirals Gratuity,ORG,ORG,1,
"7,355",CARDINAL,CARDINAL,1,
"25,705",CARDINAL,CARDINAL,1,
"550,000",CARDINAL,CARDINAL,1,
two 2 Quarters,DATE,DATE,1,
quarter end,DATE,DATE,1,
one quarter,DATE,DATE,1,
"INR 300,000",MONEY,(missed),1,
the Medical Insurance for Hospitalization for Self,ORG,ORG,1,
••,ORG,ORG,1,
"INR 30,000/-",MONEY,(missed),1,
33.33%,PERCENT,PERCENT,1,
Merit Cycle,PERSON,PERSON,1,
AL Date 2018.0907,ORG,ORG,1,
Amold Timus,PERSON,PERSON,1,
"India Subcontinent
Scanned",ORG,ORG,1,
Ashish,NORP,NORP,1,
Dear Aswani,ORG,ORG,1,
Dear Jayanta,GPE,GPE,1,
Dear Joydeep,ORG,ORG,1,
Dear Tausef,ORG,ORG,1,
Intel Technology India Pvt,ORG,ORG,1,
"3000
#23-56P",MONEY,MONEY,1,
Bellandur Post,ORG,ORG,1,
29-Jul-18,PRODUCT,PRODUCT,1,
the India Immigration Department,ORG,ORG,1,
Intel Technology India Pvt. Ltd,ORG,ORG,1,
"Exempt, Technical, Non Commission",ORG,ORG,1,
Grade 3,PERSON,PERSON,1,
Mondays,DATE,DATE,1,
Fridays,DATE,DATE,1,
8:00 am - 5:00 pm,TIME,TIME,1,
1 hour,TIME,TIME,1,
12:00 noon to,TIME,TIME,1,
1:00 pm,TIME,TIME,1,
"Rs. 855,340",MONEY,(missed),1,
"Rs.
8,724.47",MONEY,(missed),1,
"the 1st to
15th of the month",DATE,DATE,1,
the 1st of the month,DATE,DATE,1,
1st of the following month,DATE,DATE,1,
Quarterly Profit Bonus,ORG,ORG,1,
QPB,ORG,ORG,1,
"FOCAL Review
Salary",ORG,ORG,1,
April of each year,DATE,DATE,1,
"Rs. 100,000",MONEY,(missed),1,
the Employee Stock Participation Plan,ORG,ORG,1,
20 working days per year annual,DATE,DATE,1,
12 working days per year,DATE,DATE,1,
calendar year,DATE,DATE,1,
"India Labour
Law",FAC,FAC,1,
"Transfer Clause
Management",ORG,ORG,1,
"Intel
Corporation",ORG,ORG,1,
Employer(s,ORG,ORG,1,
Non Compliance,PERSON,PERSON,1,
U.S.A.,GPE,GPE,1,
the Employee Agreement,LAW,LAW,1,
15 business days,DATE,DATE,1,
"Vasanthi Naidu
Declaration & Acknowledgement",PERSON,PERSON,1,
Personal Data,ORG,ORG,1,
the Information Technology,ORG,ORG,1,
Grade,LOC,LOC,1,
"22,674",CARDINAL,CARDINAL,1,
Dear Pritam,WORK_OF_ART,WORK_OF_ART,1,
Dear Shubham,PERSON,PERSON,1,
TIMELINES,ORG,ORG,1,
"GeM Portal
Date of Presentation and Personal
Interaction",ORG,ORG,1,
"Presentation and Personal
Interaction",EVENT,EVENT,1,
120 days,DURATION,DATE,1,
"Background
Request for Proposals",WORK_OF_ART,WORK_OF_ART,1,
Time Period for Issuance of Tariff Order,ORG,ORG,1,
"Tariff Order
",ORG,ORG,1,
"Tariff Order
Sequence of Activities",ORG,ORG,1,
10-12,CARDINAL,CARDINAL,1,
"Bidder
Criteria",ORG,ORG,1,
Key Personnel,GPE,GPE,1,
Proposal Due Date,WORK_OF_ART,WORK_OF_ART,1,
"3.10
Clarification",CARDINAL,CARDINAL,1,
Shortfall,ORG,ORG,1,
13-18,CARDINAL,CARDINAL,1,
Substitution of Key Personnel,ORG,ORG,1,
19-22,CARDINAL,CARDINAL,1,
Key Personnels,LOC,LOC,1,
Form-4,CARDINAL,CARDINAL,1,
Performance Bank Guarantee,ORG,ORG,1,
Public Notice No,EVENT,EVENT,1,
Clause 1.1.1,EVENT,EVENT,1,
Tariff Guidelines 2011,ORG,ORG,1,
General Terms and Conditions on GeM Portal,ORG,ORG,1,
the Official Gazette,FAC,FAC,1,
Central Government,ORG,ORG,1,
26.09.2019,CARDINAL,CARDINAL,1,
one and a half million,CARDINAL,CARDINAL,1,
three and half million,MONEY,MONEY,1,
section 13,LAW,LAW,1,
1A,CARDINAL,CARDINAL,1,
the Official Gazette,ORG,FAC,1,
1.(1,CARDINAL,CARDINAL,1,
the Airports Economic Regulatory of,ORG,ORG,1,
OfficialGazette,ORG,ORG,1,
Functions of Authority,ORG,ORG,1,
the AERA Act 2008,LAW,LAW,1,
Rule 88,LAW,LAW,1,
1937,DATE,DATE,1,
"Aircraft Act, 1934",LAW,(missed),1,
Aeronautical Service,ORG,ORG,1,
Section 2(a,LAW,(missed),1,
"Approach in Economic Regulation of Airport
Operators
Direction",ORG,ORG,1,
28.02.2011,CARDINAL,CARDINAL,1,
02.08.2010,CARDINAL,CARDINAL,1,
Regulatory Philosophy,ORG,ORG,1,
Approach in Economic Regulation,ORG,ORG,1,
Cargo Facility,ORG,ORG,1,
Ground Handling,PERSON,PERSON,1,
"Major Airports
Direction",ORG,ORG,1,
10.01.2011,CARDINAL,CARDINAL,1,
"Ground
Handling and Supply of Fuel",PERSON,PERSON,1,
13.06.2016,DATE,DATE,1,
Normative Approach,ORG,ORG,1,
23.01.2017,CARDINAL,CARDINAL,1,
Regulatory Approach,PERSON,PERSON,1,
"the National Civil Aviation
Policy",ORG,ORG,1,
NCAP-2016,ORG,ORG,1,
"the
Government of India",ORG,ORG,1,
20/,CARDINAL,CARDINAL,1,
"Concession to Regional
Connectivity Scheme",ORG,ORG,1,
Aam Naagrik,PERSON,PERSON,1,
Order No,LAW,LAW,1,
Determination of Useful,ORG,ORG,1,
42/ 2018-19,DATE,DATE,1,
Determination of Fair Rate of Return,ORG,ORG,1,
https://aera.gov.in,GPE,GPE,1,
Multi Year Tariff,EVENT,EVENT,1,
"the Airport
Airports Authority of India",FAC,FAC,1,
Lucknow International Airport Ltd.,ORG,ORG,1,
"Lucknow
Fourth Control
1.2 Request",PERSON,PERSON,1,
assignment:-,ORG,ORG,1,
Lucknow,GPE,PERSON,1,
the Terms of Reference / Scope of Work,ORG,ORG,1,
"Pune International
Airport",FAC,FAC,1,
"Pune
Airports Authority of India",ORG,ORG,1,
CCSIA,ORG,ORG,1,
"Lucknow
Lucknow
International Airport
Ltd.",ORG,ORG,1,
Bid,PERSON,PERSON,1,
Technical Evaluation,ORG,ORG,1,
Complete Evaluation Process,ORG,ORG,1,
Section 4,LAW,LAW,1,
QCBS Approach: Quality,ORG,ORG,1,
70%,PERCENT,PERCENT,1,
Para 4.2,PRODUCT,PRODUCT,1,
Corrigenda/ Addenda,PERSON,PERSON,1,
corrigenda,PERSON,PERSON,1,
GeM Special Terms and Conditions for Hiring of Consultants Milestone/ Deliverable Based,ORG,ORG,1,
GeM Service Level Agreement,ORG,ORG,1,
MSEs,ORG,ORG,1,
GeM Bid Document,PRODUCT,PRODUCT,1,
the Selected Applicant,ORG,ORG,1,
AERA,PERSON,ORG,1,
Trial Balance,PERSON,PERSON,1,
Concession Agreement,ORG,ORG,1,
SSA,ORG,ORG,1,
Land Lease,ORG,ORG,1,
the Control Period,ORG,ORG,1,
O&M,ORG,ORG,1,
the Aggregate Revenue Requirement,ORG,ORG,1,
Assist the Authority,ORG,ORG,1,
the Control Period,LOC,ORG,1,
Tribunal/ Court of Law,ORG,ORG,1,
Sequence of Activities,ORG,ORG,1,
Para 5.1,PRODUCT,PRODUCT,1,
Milestone 2,PRODUCT,PRODUCT,1,
Stakeholders,NORP,NORP,1,
Stakeholders Consultation Meeting,ORG,ORG,1,
Finalization,PRODUCT,PRODUCT,1,
Assisting AERA,ORG,PERSON,1,
Aeronautical Tariffs,ORG,ORG,1,
Tariff Order,LAW,ORG,1,
Public Noice No,ORG,ORG,1,
18.11.2025,DATE,CARDINAL,1,
Criteria,ORG,ORG,1,
Key,ORG,ORG,1,
The Proposed Financial Experts and Aviation Expert,ORG,ORG,1,
"Mathematical
Statistics / Mathematics",ORG,ORG,1,
"Economics/
Economics",ORG,ORG,1,
Branch,ORG,ORG,1,
Transport and Logistics (Roads,ORG,ORG,1,
"Bridges, Urban Public Transport",ORG,ORG,1,
Ports,ORG,ORG,1,
"Waterways, Logistics Infrastructure",ORG,ORG,1,
Bulk Material Transportation Pipelines,ORG,ORG,1,
LNG Storage,ORG,ORG,1,
Energy Storage System,ORG,ORG,1,
"Telecommunication
Towers",WORK_OF_ART,WORK_OF_ART,1,
Telecommunications & Telecom Services,ORG,ORG,1,
Data Centres,ORG,ORG,1,
Sanitation (Solid Waste Management,ORG,ORG,1,
"Sewage, Irrigation, Dams, Channels",ORG,ORG,1,
Storm Water Drainage System,ORG,ORG,1,
"Social and Commercial Infrastructure (Education Institutions, Hospitals, Sports Infrastructures",ORG,ORG,1,
"Tourism Infrastructure, Storage for Agriculture",ORG,ORG,1,
Cold Chasin,PERSON,PERSON,1,
Terminal Markets,ORG,ORG,1,
"Affordable Housing, Affordable Rental Housing Complex",ORG,ORG,1,
Oil Wells,PERSON,PERSON,1,
Refinery,ORG,ORG,1,
Advisory,ORG,ORG,1,
Consultancy Services,ORG,ORG,1,
Deployment of Key Personnel,ORG,ORG,1,
3.4 Language,CARDINAL,CARDINAL,1,
Form 1,DATE,DATE,1,
Requisite Forms and Documents,ORG,ORG,1,
Para 4.1,DATE,DATE,1,
3.8.2,CARDINAL,CARDINAL,1,
Rail,PERSON,PERSON,1,
Rs. 2250/,MONEY,(missed),1,
Rs. 338/,MONEY,(missed),1,
Rs. 900/,MONEY,(missed),1,
Proposal,LAW,PERSON,1,
3.10,CARDINAL,CARDINAL,1,
the Selected Bidder,ORG,ORG,1,
Team Leader,ORG,ORG,1,
the Conditions of Eligibility,ORG,ORG,1,
three days',DATE,DATE,1,
4.1.3 Subsequent,PERSON,PERSON,1,
the GeM Portal,WORK_OF_ART,WORK_OF_ART,1,
the Key Personnels,LOC,LOC,1,
4.2.3 Technical,ORG,ORG,1,
70,DATE,DATE,1,
"Key
Personnel",ORG,ORG,1,
around 30,CARDINAL,CARDINAL,1,
Thirty) minutes,TIME,TIME,1,
4.2.2,CARDINAL,CARDINAL,1,
"Personal Interaction
Total Max
Marks
Team",ORG,ORG,1,
10 marks,MONEY,MONEY,1,
06,CARDINAL,CARDINAL,1,
7 years,DURATION,(missed),1,
04 marks,MONEY,MONEY,1,
Max Marks,PERSON,PERSON,1,
4.2.4 The Technical Proposals,WORK_OF_ART,WORK_OF_ART,1,
Technical Marks,ORG,ORG,1,
4.2.3,DATE,DATE,1,
the GeM Portal,ORG,WORK_OF_ART,1,
4.3.2,CARDINAL,CARDINAL,1,
Financial Proposal,LOC,LOC,1,
TORwithin,ORG,ORG,1,
70 %,PERCENT,PERCENT,1,
the Selection Process or Selection,ORG,ORG,1,
4.5.3,CARDINAL,CARDINAL,1,
GeM Portal General Terms and Conditions,ORG,ORG,1,
nine months,DATE,DATE,1,
4.5.4,CARDINAL,CARDINAL,1,
4.5.5,CARDINAL,CARDINAL,1,
the Performance Security,WORK_OF_ART,ORG,1,
4.5.6,CARDINAL,CARDINAL,1,
RFP/ Agreement,ORG,ORG,1,
4.5.7,CARDINAL,CARDINAL,1,
Rs.100/,MONEY,(missed),1,
Contract Order / Letter of Award,ORG,ORG,1,
4.7 Substitution of Key Personnel,ORG,ORG,1,
4.7.1 Unless the AERA,WORK_OF_ART,WORK_OF_ART,1,
the Key Personnel(s,LOC,LOC,1,
Key Personnel(s,GPE,GPE,1,
4.7.3,CARDINAL,CARDINAL,1,
Selected,ORG,ORG,1,
25 days,DURATION,DATE,1,
the Liquidated Damages,ORG,ORG,1,
0.5%,PERCENT,PERCENT,1,
Point 5,LAW,LAW,1,
Sr,GPE,GPE,1,
Prohibited Practices,WORK_OF_ART,WORK_OF_ART,1,
RFP,ORG,ORG,1,
Lucknow – reg,ORG,ORG,1,
Private Limited/ Limited Company,ORG,ORG,1,
"Indian Partnership Act, 1932",LAW,(missed),1,
"Limited Liability Partnership Act, 2008",LAW,(missed),1,
Proposal,LOC,PERSON,1,
the Indian Penal Code,LAW,LAW,1,
Public Health,ORG,ORG,1,
National Security,ORG,ORG,1,
120 (one hundred and twenty) days,DURATION,(missed),1,
the Financial Bid(s,ORG,ORG,1,
the RFP Document,ORG,ORG,1,
"Lucknow
State",ORG,ORG,1,
Proprietorship/ Partnership Firm/ Limited Liability Partnership/ Private Limited/ Limited,ORG,ORG,1,
the Proprietorship/ Partnership Firm/ Limited Liability Partnership/ Private Limited/ Limited Company/,ORG,ORG,1,
PAN No,ORG,ORG,1,
Authorized Signatory,ORG,ORG,1,
Reference Clause,WORK_OF_ART,WORK_OF_ART,1,
Team Leader/ Financial Expert,ORG,ORG,1,
Name of Key Personnel,ORG,ORG,1,
"Institute
Month & Year",ORG,ORG,1,
the month and,DATE,DATE,1,
"'Eligible
Assignments'",WORK_OF_ART,WORK_OF_ART,1,
3.3(v,CARDINAL,CARDINAL,1,
3.3(v,DATE,CARDINAL,1,
assignment/,NORP,NORP,1,
the Authorized Signatory,ORG,ORG,1,
the of the month of 20XX,DATE,DATE,1,
"the ""Authority",WORK_OF_ART,WORK_OF_ART,1,
Request,FAC,FAC,1,
2030-31,DATE,DATE,1,
Agreement Value,WORK_OF_ART,WORK_OF_ART,1,
Key Personnel,WORK_OF_ART,GPE,1,
2025-26,QUANTITY,DATE,1,
Annexure of Agreement,WORK_OF_ART,WORK_OF_ART,1,
Contract Order / Letter,PERSON,PERSON,1,
theAgreement,ORG,ORG,1,
the working days,DATE,DATE,1,
Authorized Representatives,ORG,ORG,1,
1.9.1,CARDINAL,CARDINAL,1,
1.9.2,CARDINAL,CARDINAL,1,
11 24695040,DATE,DATE,1,
the Multi Year,EVENT,EVENT,1,
Termination of Agreement,LAW,LAW,1,
1 (one) weeks,DURATION,(missed),1,
seasonal,DATE,DATE,1,
Goods,NORP,NORP,1,
"2.10
Termination of Agreement",MONEY,MONEY,1,
Proposals,GPE,GPE,1,
Clause 3.7,ORG,ORG,1,
the Force Majeure,ORG,ORG,1,
60 (sixty) days,DURATION,(missed),1,
"2.10.3
Cessation",CARDINAL,CARDINAL,1,
Clauses 2.5,ORG,ORG,1,
2.10.4,CARDINAL,CARDINAL,1,
Clauses 3.6,ORG,ORG,1,
2.10.5,CARDINAL,CARDINAL,1,
2.10.6,CARDINAL,CARDINAL,1,
Clause 2.10.2,ORG,ORG,1,
3.1.2,CARDINAL,CARDINAL,1,
TOR,WORK_OF_ART,WORK_OF_ART,1,
3.1.3,CARDINAL,CARDINAL,1,
3.2.1,CARDINAL,CARDINAL,1,
3.2.6,CARDINAL,CARDINAL,1,
Clauses 3.2.4,ORG,ORG,1,
Selection Process,ORG,ORG,1,
the Selection Process,LAW,EVENT,1,
Applicable Laws,PRODUCT,WORK_OF_ART,1,
3.5.1,CARDINAL,CARDINAL,1,
Consultancy Documents,WORK_OF_ART,WORK_OF_ART,1,
3.6.2,CARDINAL,CARDINAL,1,
3.6.3,CARDINAL,CARDINAL,1,
"the Authority
Materials",ORG,ORG,1,
"3.8
Accuracy",QUANTITY,QUANTITY,1,
2.4(d,DATE,DATE,1,
CONSULTANT,ORG,ORG,1,
KEY,ORG,ORG,1,
"4.3
Substitution of Key Personnel",CARDINAL,CARDINAL,1,
AUTHORITY,ORG,ORG,1,
"this Contract
The Authority",LAW,LAW,1,
Contract,PERSON,ORG,1,
"6.2
Mode",PRODUCT,PRODUCT,1,
45 (forty five) days,DURATION,(missed),1,
1 (one) year,DURATION,(missed),1,
the Authority of the Deliverables,ORG,ORG,1,
ten percent,PERCENT,PERCENT,1,
FAIRNESS,NORP,NORP,1,
Good Faith,PERSON,PERSON,1,
"8.2
Operation",MONEY,MONEY,1,
Primary Buyer,PERSON,PERSON,1,
Jurisdiction of Courts,ORG,ORG,1,
Airport Economic Regulatory Authority,ORG,ORG,1,
FORMAT OF PERFORMANCE BANK GUARANTEE,ORG,ORG,1,
the Airports Economic Regulatory Authority of India,ORG,ORG,1,
Guarantee for Rs,ORG,ORG,1,
Tribunal,ORG,ORG,1,
Guarantees & Co-acceptances,ORG,ORG,1,
2010,DATE,DATE,1,
AERA/20010,PERSON,PERSON,1,
"18th November, 2025",DATE,DATE,1,
The Airports Economic Regulatory Authority of India,ORG,ORG,1,
EOI,ORG,ORG,1,
Twenty Two,CARDINAL,CARDINAL,1,
Deloitte Touche Tohmatsu India LLP ',ORG,ORG,1,
KPMG India Services LLP ',ORG,ORG,1,
PricewaterhouseCoopers Private Limited ',ORG,ORG,1,
SBI Capital Markets Limited ',ORG,ORG,1,
Steer Davies Gleave India Private Limited ',ORG,ORG,1,
PKF Sridhar & Santhanam LLP ',ORG,ORG,1,
M/s Amit Ray & Company ',ORG,ORG,1,
Engineers India Limited ',ORG,ORG,1,
M/s RITES Limited ',ORG,ORG,1,
M/s MECON Limited ',ORG,ORG,1,
ICF Consulting India Private Limited ',ORG,ORG,1,
xvii) M/s ABPS Infrastructure Advisory Private Limited ',LAW,LAW,1,
Adroit & Co. ',ORG,ORG,1,
Brahmayya & Co.,ORG,ORG,1,
Fichtner Consulting Engineers,ORG,ORG,1,
M/s Shridhar & Associates ',ORG,ORG,1,
MPPA,FAC,FAC,1,
less than 6,CARDINAL,CARDINAL,1,
Techno Economic,ORG,ORG,1,
three Years,DATE,DATE,1,
CBS,ORG,ORG,1,
01/2025,CARDINAL,CARDINAL,1,
17.10.2025,CARDINAL,CARDINAL,1,
"Public Notice
No",ORG,ORG,1,
04/2020-21,CARDINAL,CARDINAL,1,
29.06.2020,CARDINAL,CARDINAL,1,
30.11.2025,CARDINAL,CARDINAL,1,
Sprungh,PERSON,PERSON,1,
InderpalSingh,ORG,ORG,1,
Network Intelligence,ORG,ORG,1,
the MDR Team,ORG,ORG,1,
8 July 2021,DATE,DATE,1,
"Rs. 30,100/-",MONEY,(missed),1,
6.0,CARDINAL,CARDINAL,1,
mutualy,GPE,GPE,1,
less than two years,DATE,DATE,1,
24 Ecospact,WORK_OF_ART,WORK_OF_ART,1,
2garrias,CARDINAL,CARDINAL,1,
22 17157,DATE,DATE,1,
CSTI,ORG,ORG,1,
2-z,QUANTITY,QUANTITY,1,
Copy 2,PRODUCT,PRODUCT,1,
Monitor Triage,ORG,ORG,1,
Assist Sr. Threat Analysts,ORG,ORG,1,
Network Intelligence India Pvt.Ltd.,ORG,ORG,1,
40069,DATE,DATE,1,
T91,ORG,ORG,1,
22283920:%,CARDINAL,CARDINAL,1,
2?AABCNS18.3F 17,DATE,DATE,1,
Semorn,NORP,NORP,1,
Hones,GPE,GPE,1,
September 1 2019,DATE,DATE,1,
Akshay,PERSON,PERSON,1,
"Jeratagi Jevargi Taluk
Jeratgi",PERSON,PERSON,1,
Kalaburagi,GPE,GPE,1,
Site Supervisor,WORK_OF_ART,WORK_OF_ART,1,
"September 23, 2019",DATE,DATE,1,
"Rs. 2,40,000/-",MONEY,(missed),1,
Broukfield,GPE,GPE,1,
Kundanchal,ORG,ORG,1,
Bangolore-56037,GPE,GPE,1,
Indio,GPE,GPE,1,
"Scanner Gol
",PERSON,PERSON,1,
8UpOn,CARDINAL,CARDINAL,1,
Select Home Interior Designers Pvt Ltd.,ORG,ORG,1,
Kar,PERSON,PERSON,1,
"Designs, Sales & Marketing",ORG,ORG,1,
ResInteric Designers,ORG,ORG,1,
Stanned Bx,PERSON,PERSON,1,
7er,ORDINAL,ORDINAL,1,
1S3,CARDINAL,CARDINAL,1,
15CVOo4,DATE,DATE,1,
Intra Management,ORG,ORG,1,
Noble infra Management Services,ORG,ORG,1,
Noble,PERSON,PERSON,1,
HR&Manager,DESIGNATION,(missed),1,
1h,CARDINAL,CARDINAL,1,
MANOHARA,ORG,ORG,1,
"Anitha B R.
Subject",PERSON,PERSON,1,
Site Engineering-reg,ORG,ORG,1,
Rs.12000/-,MONEY,(missed),1,
KIRiAATKEDVAKSTERIKARORIGINAOARUARSNSARDAIAAUREILRUaRRA,PERSON,PERSON,1,
86/87/88,DATE,(missed),1,
BANGARPET,ORG,ORG,1,
"Sanjana Enterprises
No",ORG,ORG,1,
3rd Main,ORG,ORG,1,
Talakaveri Layout,PERSON,PERSON,1,
Amruthahalli,PERSON,PERSON,1,
9916290799,MONEY,MONEY,1,
"Anusha G R
",PERSON,PERSON,1,
ACCOUNTANT,ORG,ORG,1,
Sanjana Enterprises,ORG,ORG,1,
Date of Appointment:1s March 2021,WORK_OF_ART,WORK_OF_ART,1,
6 hours,TIME,TIME,1,
"Preparation of Quotations, Inspection",ORG,ORG,1,
Attendance,PERSON,PERSON,1,
Tracking of Progress,WORK_OF_ART,WORK_OF_ART,1,
"Preparation of Invoices, Submissions to the Clients",ORG,ORG,1,
Technical Auditing,ORG,ORG,1,
Safety Auditing,ORG,ORG,1,
One year,DATE,DATE,1,
the Extension of Service,ORG,ORG,1,
Performance Appraisal,PERSON,PERSON,1,
Sanjana Enterprises,PERSON,ORG,1,
97411991,DATE,DATE,1,
"Architha S.
Subject",PERSON,PERSON,1,
Site Engineering,ORG,ORG,1,
Rs. 12000-,MONEY,(missed),1,
a year y ou're,DATE,DATE,1,
"86/87/88,BATHALAHALLI",DATE,(missed),1,
"BANGARPET TALU
KOLAR DISTRICT",PERSON,PERSON,1,
S.J.C. Institute of Technologv,ORG,ORG,1,
Dear ARNAB CHAUDHURI,WORK_OF_ART,WORK_OF_ART,1,
Leave Benefits(On.successful,ORG,ORG,1,
"3, months'",DATE,DATE,1,
CLU,ORG,ORG,1,
Secrecv/Confidentiality,ORG,ORG,1,
3Odays,CARDINAL,CARDINAL,1,
ConstructignsPvt,ORG,ORG,1,
"Bangeiore
Human Resources",ORG,ORG,1,
"General Contacing
Strictly Confidrntial
Ref",WORK_OF_ART,WORK_OF_ART,1,
062,CARDINAL,CARDINAL,1,
"Sept, 21129",DATE,DATE,1,
Arunkumar,PERSON,PERSON,1,
21st August,DATE,DATE,1,
28/2,MONEY,MONEY,1,
"Main, Ganesha Block",WORK_OF_ART,WORK_OF_ART,1,
94494 18857,DATE,DATE,1,
FUU,ORG,ORG,1,
Curenl Cti,PERSON,PERSON,1,
Matnmiatit,PRODUCT,PRODUCT,1,
Contat Nubes,PERSON,PERSON,1,
"Date of Birth, Fduratiomal (Jualifuatunn- f unutts",WORK_OF_ART,WORK_OF_ART,1,
"PAS
Card",ORG,ORG,1,
Matagnuernt,PERSON,PERSON,1,
nparry,ORG,ORG,1,
Joining Company Your,WORK_OF_ART,WORK_OF_ART,1,
1115,DATE,DATE,1,
PRABHODITA,ORG,ORG,1,
"ARUNKUMAR S.
S",PERSON,PERSON,1,
Kondarajanahalli,PERSON,PERSON,1,
Kolar Tq& DT,ORG,ORG,1,
Dear Arun,PERSON,PERSON,1,
CIVIL TRAINER- QUALITY,WORK_OF_ART,WORK_OF_ART,1,
PRABHODITA SERVICES INDIA PVT LTD,ORG,ORG,1,
4th Stage,ORG,ORG,1,
Karnataka-570009,ORG,ORG,1,
"October 11, 2021",DATE,DATE,1,
"Rs. 14,000/-",MONEY,(missed),1,
Fourteen Thousand,CARDINAL,CARDINAL,1,
Terms and Conditions of Appointment,ORG,ORG,1,
Education Certificate,ORG,ORG,1,
PRABHODITA SERVICES INDIA PvT LTD,ORG,ORG,1,
Ral,PRODUCT,PRODUCT,1,
09/10/2021,DATE,(missed),1,
ARUNKUMAR,PERSON,PERSON,1,
Civil Trainer,PERSON,PERSON,1,
"Karnataka
Department",ORG,ORG,1,
"06
Months",DATE,DATE,1,
CTC Fixed,ORG,ORG,1,
14000,DATE,DATE,1,
"Professional Tax
Medical Insurance
Employee Net",ORG,ORG,1,
Target Vs,ORG,ORG,1,
1SJ15CVO19,CARDINAL,CARDINAL,1,
Mohan Babu,PERSON,PERSON,1,
29ANLPM9017D2ZR,CARDINAL,CARDINAL,1,
Bhavan G,PERSON,PERSON,1,
Dear Mr/Ms,ORG,ORG,1,
1 1000/-,CARDINAL,CARDINAL,1,
27.08.2020,CARDINAL,CARDINAL,1,
one-nmonth,CARDINAL,CARDINAL,1,
Opp Allahabad Bank,ORG,ORG,1,
"B.B Road,",FAC,FAC,1,
Vapasandra,GPE,GPE,1,
1Si15CVO1,CARDINAL,CARDINAL,1,
1/|,CARDINAL,CARDINAL,1,
"tiot.g gBAi
PTopriclor",QUANTITY,QUANTITY,1,
kim,PERSON,PERSON,1,
Bramhini A,PERSON,PERSON,1,
Iyear,ORG,ORG,1,
Lunch,NORP,NORP,1,
"CONSTRJCT
Lakshmi",ORG,ORG,1,
08156274542,DATE,DATE,1,
9535846399,DATE,DATE,1,
Ciuil,ORG,ORG,1,
327,MONEY,MONEY,1,
Post,ORG,ORG,1,
Vijayapura Hobli,PERSON,PERSON,1,
Devanahalli Taluk,PERSON,PERSON,1,
2nd Main Road,FAC,FAC,1,
1S315CVoa3,CARDINAL,CARDINAL,1,
this 27th Day of September 2021,DATE,DATE,1,
Fifth,ORDINAL,ORDINAL,1,
Pritech Park SEZ Survey,FAC,FAC,1,
Bangalore 560103 India,ORG,ORG,1,
Poornima Shenoy,PERSON,PERSON,1,
24) years,DATE,DATE,1,
Ravi Prakash Vand,ORG,ORG,1,
45,MONEY,DATE,1,
Amruth,GPE,GPE,1,
Bangalore 560092,PERSON,PERSON,1,
"the ""Trainee DBOR",PRODUCT,PRODUCT,1,
Teritory,NORP,NORP,1,
"the Company, Company's",ORG,ORG,1,
the Term of the Agreement,FAC,FAC,1,
INR 26250,MONEY,ORG,1,
Twenty Six Thousand,MONEY,MONEY,1,
5.1 month,DURATION,DATE,1,
Sevices,ORG,ORG,1,
the Confidential Information of the Company,ORG,ORG,1,
"the Confidential
Information",ORG,ORG,1,
Contractors,ORG,ORG,1,
Indemnified Party,WORK_OF_ART,WORK_OF_ART,1,
the Indemnified Party,ORG,ORG,1,
the Indemnifying Party's,ORG,ORG,1,
3) months,DATE,DATE,1,
the Effective Date ie.,ORG,ORG,1,
27th September 2021 to 13h,DATE,DATE,1,
Dec 2021,DATE,DATE,1,
10.5,CARDINAL,CARDINAL,1,
Al disputes,PERSON,PERSON,1,
Detween Parties,WORK_OF_ART,WORK_OF_ART,1,
the Term of this Agreement,PERSON,PERSON,1,
2) years,DATE,DATE,1,
the Term of this Agreement,FAC,PERSON,1,
"AS OF THE DATE WRITTEN HEREIN.
",WORK_OF_ART,WORK_OF_ART,1,
Alorica,PRODUCT,PRODUCT,1,
1SJ16CV0,CARDINAL,CARDINAL,1,
44C6,CARDINAL,CARDINAL,1,
lyear,DATE,DATE,1,
Afier,ORG,ORG,1,
Lunch,PERSON,NORP,1,
GvS CONSTRwCTIO,PRODUCT,PRODUCT,1,
08156 274542,DATE,DATE,1,
9845053935,DATE,DATE,1,
262,MONEY,MONEY,1,
Chickballapur-562 101,PRODUCT,PRODUCT,1,
Mustoor Road,PERSON,PERSON,1,
10days,DURATION,(missed),1,
"2 Main Road
Vapasanora
CHICKBALLAPUR- 562101",FAC,FAC,1,
T4,ORG,ORG,1,
03.10.2020,CARDINAL,CARDINAL,1,
Divya SA,PERSON,PERSON,1,
30/1,MONEY,MONEY,1,
Venkatapura,GPE,GPE,1,
ShidlaghattaTq,GPE,GPE,1,
0as,ORDINAL,ORDINAL,1,
Ste L iCer,ORG,ORG,1,
7jt4,PRODUCT,PRODUCT,1,
Vistara Stuctures,PERSON,PERSON,1,
Ben,PERSON,PERSON,1,
Sni,PERSON,PERSON,1,
10:31 AM,TIME,TIME,1,
Gmail Fwd:,PERSON,PERSON,1,
BSR Infratech,ORG,ORG,1,
9:35 PM,TIME,TIME,1,
10:10 am,TIME,TIME,1,
"Saturday, July 03, 2021 4:57 PM",DATE,DATE,1,
Dear Girish Babu U S,WORK_OF_ART,WORK_OF_ART,1,
05.07.2021,CARDINAL,CARDINAL,1,
Original Offer/Appointment Letter,ORG,ORG,1,
9606965445,DATE,DATE,1,
Project Location Contact,ORG,ORG,1,
Phani,PERSON,PERSON,1,
9959898734,DATE,DATE,1,
Gmail Fwd,PERSON,PERSON,1,
Congralulations,ORG,ORG,1,
"Hearty v v n
Thanks & Regards",ORG,ORG,1,
"Corp HR Team
BSR Infratech India Ltd",ORG,ORG,1,
851,MONEY,MONEY,1,
Sahakarnagar,PRODUCT,PRODUCT,1,
092,CARDINAL,CARDINAL,1,
23623700/01,CARDINAL,CARDINAL,1,
Cell:9481272727,PERSON,PERSON,1,
80 23623703,DATE,DATE,1,
Regional Office,ORG,ORG,1,
49,MONEY,MONEY,1,
Madapur,PERSON,PERSON,1,
500 081,CARDINAL,CARDINAL,1,
40 23114278,DATE,DATE,1,
10,MONEY,CARDINAL,1,
Yeditha,PERSON,PERSON,1,
East Godavari,GPE,GPE,1,
Andhra Pradesh,ORG,ORG,1,
8855 231737,DATE,DATE,1,
851,CARDINAL,MONEY,1,
Sahakaranagar,GPE,GPE,1,
Benga,GPE,GPE,1,
"Bank Name
PE
GIRISH BABUUS",ORG,ORG,1,
ESI NG,ORG,ORG,1,
"UAN No
TECHNICAL DEPARTMENT",ORG,ORG,1,
05.07 202,CARDINAL,CARDINAL,1,
8asic,CARDINAL,CARDINAL,1,
452,CARDINAL,CARDINAL,1,
"3,048.00",CARDINAL,CARDINAL,1,
"1,655.00",CARDINAL,CARDINAL,1,
933.00,CARDINAL,CARDINAL,1,
"13,127 00",DATE,DATE,1,
"Total Deduction
Amount",ORG,ORG,1,
TWELVE THOUSAND,CARDINAL,CARDINAL,1,
Kupees Oniy,PERSON,PERSON,1,
"89714 36645
",DATE,DATE,1,
86939 81444,DATE,DATE,1,
natarajsjcit 123@gmail.com,CARDINAL,CARDINAL,1,
M.V. Extension,PERSON,PERSON,1,
M.G. Road,PERSON,PERSON,1,
Chikkaballapura,GPE,GPE,1,
MV,PERSON,PERSON,1,
Hontl,ORG,ORG,1,
Guruprasad Hugar,PERSON,PERSON,1,
onc-month,DATE,DATE,1,
2015,CARDINAL,CARDINAL,1,
7A91KA01TCA4244,CARDINAL,CARDINAL,1,
Natne,PERSON,PERSON,1,
Mrs HARSHA K,PERSON,PERSON,1,
Annerutc,PERSON,PERSON,1,
5alar,CARDINAL,CARDINAL,1,
thc aic,PERSON,PERSON,1,
du1s,ORG,ORG,1,
11-0ct-21,DATE,DATE,1,
9:00,TIME,TIME,1,
1uricaled,CARDINAL,CARDINAL,1,
3pypointncnt,CARDINAL,CARDINAL,1,
Noeds Manpwwer Support Services,ORG,ORG,1,
Employecs,ORG,ORG,1,
"localG115
Sal",PERSON,PERSON,1,
1o,CARDINAL,CARDINAL,1,
acecoun,NORP,NORP,1,
Monday to Satturday,DATE,DATE,1,
Similzriy,GPE,GPE,1,
the wnrking hours,TIME,TIME,1,
Yout COntract,PERSON,PERSON,1,
Elevcn,GPE,GPE,1,
Esnploymet Period,WORK_OF_ART,WORK_OF_ART,1,
Contrat,ORG,ORG,1,
Employment Period,ORG,ORG,1,
Supervisors/,WORK_OF_ART,WORK_OF_ART,1,
Lo,PERSON,PERSON,1,
Tight,ORG,ORG,1,
"Conidentiality, Discipline and Confliet",WORK_OF_ART,WORK_OF_ART,1,
Fegd,PERSON,PERSON,1,
SRNE Tower,FAC,FAC,1,
Colony,PERSON,PERSON,1,
80 FeetRcad,CARDINAL,CARDINAL,1,
80 26595431,DATE,DATE,1,
26798228,DATE,DATE,1,
Quality Human Resources,ORG,ORG,1,
MAX,ORG,ORG,1,
IHayt,ORG,ORG,1,
15alig,CARDINAL,CARDINAL,1,
dugroupwsld.in-www.dsiaxpropertics.cu,PERSON,PERSON,1,
COMrANY,ORG,ORG,1,
DSM/RD,ORG,ORG,1,
Dear r. Harshith,ORG,ORG,1,
Wilh,PERSON,PERSON,1,
1he,ORDINAL,ORDINAL,1,
"Engineer""on",DESIGNATION,(missed),1,
Efective Date of Appointnent,ORG,ORG,1,
02-Jan-2020,CARDINAL,CARDINAL,1,
Der,PERSON,PERSON,1,
"al Bangalore
Place",PERSON,PERSON,1,
pUsition,ORG,ORG,1,
1IC,CARDINAL,CARDINAL,1,
4)An,CARDINAL,CARDINAL,1,
Remuneration/Monthly Remuneration,ORG,ORG,1,
"Rs. 1,44,000/-",MONEY,(missed),1,
Ruees One Lakh Forty Four Thousand,ORG,ORG,1,
Ou,PERSON,PERSON,1,
Rs. 12.000/-,MONEY,(missed),1,
dlonth,ORDINAL,ORDINAL,1,
Hemanth Kumar N,FAC,FAC,1,
Passport,ORG,ORG,1,
Driving License,PERSON,PERSON,1,
Last month,DATE,DATE,1,
the last financial year /,DATE,DATE,1,
"the Annexurel
Flexible Benefits Plan Guidelines",ORG,ORG,1,
0-50%,PERCENT,PERCENT,1,
at least one,CARDINAL,CARDINAL,1,
IT Ministry,ORG,ORG,1,
"Rs 26,400",MONEY,(missed),1,
Professional 1,ORG,ORG,1,
aintenance & Chauffeur Allowance,ORG,ORG,1,
Transport Allowance,ORG,ORG,1,
"Telephone / Broadband Reimbursement
Thanking You",ORG,ORG,1,
-Human Resources,PERSON,PERSON,1,
"Employee State Insurance Act, 1948",LAW,(missed),1,
COst,ORG,ORG,1,
2.0,CARDINAL,CARDINAL,1,
Incentive Cornpensation,ORG,ORG,1,
"INR 17,142.85",MONEY,(missed),1,
Management,ORG,ORG,1,
45 hours,TIME,TIME,1,
9:00 am to 6:30 pm,TIME,TIME,1,
Friday,DATE,DATE,1,
half hour,TIME,TIME,1,
12 holidays in,DATE,DATE,1,
De se p ne,PERSON,PERSON,1,
Non-Disclosure,ORG,ORG,1,
al,NORP,NORP,1,
wItn,ORG,ORG,1,
1.2 months,DURATION,DATE,1,
2.3 months,DURATION,DATE,1,
a Service Agreement,LAW,LAW,1,
Guarantee,ORG,ORG,1,
05/20/2020,DATE,(missed),1,
The Company,WORK_OF_ART,WORK_OF_ART,1,
SUCcesstul,ORG,ORG,1,
joinin9,ORG,ORG,1,
"U72900TN2015FTC102489
Registered Office",ORG,ORG,1,
SDF Buildings,ORG,ORG,1,
"Tambaram Sanatorium, Chennai",ORG,ORG,1,
44-22628080/22623880,DATE,DATE,1,
15J16CV4J4,CARDINAL,CARDINAL,1,
Madankumar V S,PERSON,PERSON,1,
Trainee Quantity Surveyor,WORK_OF_ART,WORK_OF_ART,1,
"Rs. 12,000/-",MONEY,(missed),1,
Twelve thousand only,CARDINAL,CARDINAL,1,
Offer,ORG,PERSON,1,
Manu S,PERSON,PERSON,1,
Maikappa,PERSON,PERSON,1,
4/27,CARDINAL,CARDINAL,1,
Hudi,ORG,ORG,1,
Bidar,PERSON,PERSON,1,
Karnataka-585329,PERSON,PERSON,1,
Dear Manikappa,ORG,ORG,1,
Measure,ORG,ORG,1,
HomeLane.com,ORG,ORG,1,
2.Commencement,CARDINAL,CARDINAL,1,
Shanthala Naga,PERSON,PERSON,1,
Gnpioynen,GPE,GPE,1,
Yw,PERSON,PERSON,1,
WiiCh,ORG,ORG,1,
Ompany,ORG,ORG,1,
the end of the first,DATE,DATE,1,
"INR 3,20,000",MONEY,ORG,1,
eighteen months,DATE,DATE,1,
Confidentiality Agreement,WORK_OF_ART,WORK_OF_ART,1,
Date of Commencement,WORK_OF_ART,WORK_OF_ART,1,
HomeLanei,ORG,ORG,1,
Oor SiCk,ORG,ORG,1,
each Group Company,ORG,ORG,1,
Tund,PERSON,PERSON,1,
assOciation,ORG,ORG,1,
ga,ORG,ORG,1,
Hire,PERSON,PERSON,1,
the Employment Period,ORG,ORG,1,
Awfhs,PERSON,PERSON,1,
Diae,PERSON,PERSON,1,
professiona lism,PERSON,PERSON,1,
Human Resources,ORG,ORG,1,
11.Termination,CARDINAL,CARDINAL,1,
Thirty-day,DATE,DATE,1,
12.Event,CARDINAL,CARDINAL,1,
Afis Samrah Plaza,PERSON,PERSON,1,
HomelLane,WORK_OF_ART,WORK_OF_ART,1,
Event of Breach,WORK_OF_ART,WORK_OF_ART,1,
EBect,ORG,ORG,1,
e.are,GPE,GPE,1,
8.personally,CARDINAL,CARDINAL,1,
13.Garden,CARDINAL,CARDINAL,1,
Thirty days,DATE,DATE,1,
and/or (d,ORG,ORG,1,
14.Comparny,CARDINAL,CARDINAL,1,
EXept,ORG,ORG,1,
recorad5,ORG,ORG,1,
15.No,CARDINAL,CARDINAL,1,
16.Miscellan,CARDINAL,CARDINAL,1,
this Enmployment Agreement,LAW,LAW,1,
this Employment Areement,ORG,ORG,1,
the Subscription Agreement,LAW,LAW,1,
the Homevista Decor,ORG,ORG,1,
HomevistaDecor,ORG,ORG,1,
Salary Structure,WORK_OF_ART,WORK_OF_ART,1,
"1,28,000",CARDINAL,CARDINAL,1,
"10,667",CARDINAL,CARDINAL,1,
"64,000",CARDINAL,CARDINAL,1,
"5,333",CARDINAL,CARDINAL,1,
"1,06,400",CARDINAL,CARDINAL,1,
"8,867",CARDINAL,CARDINAL,1,
Provident Fund Employer,ORG,ORG,1,
800|,CARDINAL,CARDINAL,1,
"Provident Fund Employer
Provident Fund",ORG,ORG,1,
"Professional Tax
Take Home",ORG,ORG,1,
"2,74,400",CARDINAL,CARDINAL,1,
"22,867",CARDINAL,CARDINAL,1,
"1S115VO1
1SJ1hCVOh",CARDINAL,CARDINAL,1,
1.ENK,CARDINAL,CARDINAL,1,
Manoj,PERSON,PERSON,1,
411,MONEY,MONEY,1,
Kandavarapete,ORG,ORG,1,
13000/-,CARDINAL,CARDINAL,1,
Thirteen thousand,MONEY,MONEY,1,
26/07/2020,DATE,PRODUCT,1,
V&P,ORG,ORG,1,
Gauribidanur,PERSON,PERSON,1,
1S145C,CARDINAL,CARDINAL,1,
29AALFA4608H1ZD,CARDINAL,CARDINAL,1,
CBS/C1,ORG,ORG,1,
ABC CONSTRUCTION COMPANY,ORG,ORG,1,
9449779207,DATE,DATE,1,
7619430148,DATE,DATE,1,
"Ref
Date",ORG,ORG,1,
Mohammed Jaffer,PERSON,PERSON,1,
two weekly,DATE,DATE,1,
03,CARDINAL,CARDINAL,1,
10 2020,DATE,DATE,1,
Namratha K,PERSON,PERSON,1,
Dear Nayamath Pasha,WORK_OF_ART,WORK_OF_ART,1,
4B,CARDINAL,CARDINAL,1,
Background,FAC,FAC,1,
TOur,ORG,ORG,1,
"The ""Compersation Annesyre",LAW,LAW,1,
Organizstin,ORG,ORG,1,
the end of three,DATE,DATE,1,
two months or,DATE,DATE,1,
the beginning of the year,DATE,DATE,1,
MOBILITY,PERSON,PERSON,1,
Derore,PERSON,PERSON,1,
Companies,PRODUCT,PRODUCT,1,
Company s Compensation and Promotion,ORG,ORG,1,
the Management of the Company,ORG,ORG,1,
DISCOVERIES,ORG,ORG,1,
EMPLOYMENT,ORG,ORG,1,
Bonito Designs,PERSON,PERSON,1,
Senior Manager-,DESIGNATION,(missed),1,
Bonito Designs Pvt Ltd,ORG,ORG,1,
"14,438",CARDINAL,CARDINAL,1,
"5,775",CARDINAL,CARDINAL,1,
"3,63,400",CARDINAL,CARDINAL,1,
"30,283",CARDINAL,CARDINAL,1,
"1,73,250",CARDINAL,CARDINAL,1,
"69,300",CARDINAL,CARDINAL,1,
"Basic Salary
Gross Salary",WORK_OF_ART,WORK_OF_ART,1,
"1,20,850",CARDINAL,CARDINAL,1,
"3,85,000",CARDINAL,CARDINAL,1,
"38,500",CARDINAL,CARDINAL,1,
"32,083",CARDINAL,CARDINAL,1,
15J15C,CARDINAL,CARDINAL,1,
Design Vedh Architeet Construction,ORG,ORG,1,
Pallavi SN,PERSON,PERSON,1,
29AAPKBZ25F1Z,CARDINAL,CARDINAL,1,
9880995054,DATE,DATE,1,
Netafim Irrigation India Pvt. Ltd.,ORG,ORG,1,
Kolar Taluk,ORG,ORG,1,
DATE:28-08-2019,DATE,(missed),1,
"15000/-
3",CARDINAL,CARDINAL,1,
two holidays in a month,DATE,DATE,1,
September 2019,DATE,DATE,1,
Srr Veikateshwara lrigation Systems,ORG,ORG,1,
ge,ORG,ORG,1,
"noesij dr.
O1",PERSON,PERSON,1,
Mo CR5/C1,ORG,ORG,1,
29AAL,CARDINAL,CARDINAL,1,
ABC CONSTRUTION,ORG,ORG,1,
Noar M.G Stadun,PERSON,PERSON,1,
HVA,ORG,ORG,1,
Priv,ORG,ORG,1,
Li,PERSON,PERSON,1,
Bangaiare,ORG,ORG,1,
Tarding Orders,WORK_OF_ART,WORK_OF_ART,1,
Leave Beriefits,ORG,ORG,1,
l c o m p l,ORG,ORG,1,
Earnedlezve,PERSON,PERSON,1,
"the Standing Orders, rules & regulatians",ORG,ORG,1,
Ma,PERSON,PERSON,1,
"Secrec/Confidentiality
You",ORG,ORG,1,
"ci re S2
Directors",PERSON,PERSON,1,
excAT,ORG,ORG,1,
amy ma.,PERSON,PERSON,1,
Termination of Senyvice,ORG,ORG,1,
tne ron-efaance,PERSON,PERSON,1,
empiogm,GPE,GPE,1,
ngt,PERSON,PERSON,1,
Comcamy,PERSON,PERSON,1,
eu w,PERSON,PERSON,1,
Yeariy,GPE,GPE,1,
i o n s Pvt. Ltd.,ORG,ORG,1,
"Engalora
H",ORG,ORG,1,
Dt.6-04-2021,DATE,(missed),1,
S.D,PERSON,PERSON,1,
Somanathanhalli,PERSON,PERSON,1,
Channarayaptana,ORG,ORG,1,
Hasan dist-5731,ORG,ORG,1,
7892963819,CARDINAL,CARDINAL,1,
"Rs. 22,000/-",MONEY,(missed),1,
Twenty two thousand,CARDINAL,CARDINAL,1,
Admin,PERSON,PERSON,1,
DRS,ORG,ORG,1,
1ST1CV4d,CARDINAL,CARDINAL,1,
061,CARDINAL,CARDINAL,1,
28th August,DATE,DATE,1,
15J1 6,CARDINAL,CARDINAL,1,
General Cortract,ORG,ORG,1,
the Contact Numbers,ORG,ORG,1,
"Date of Birth, Educational Qualifications
Documents",WORK_OF_ART,WORK_OF_ART,1,
Card and Permanent Address Proof,ORG,ORG,1,
"Infracon Structre
Authoried Signatory",ORG,ORG,1,
R2823 Cross,ORG,ORG,1,
08-2021,DATE,DATE,1,
Rangaswamy N,ORG,ORG,1,
Devanahalli,PERSON,PERSON,1,
Fmail,PERSON,PERSON,1,
Consultaney,PERSON,PERSON,1,
0.700km,QUANTITY,QUANTITY,1,
NH,ORG,ORG,1,
NIH4,PRODUCT,PRODUCT,1,
Bangalore to Malur Section,ORG,ORG,1,
26.400,CARDINAL,CARDINAL,1,
Malur,ORG,ORG,1,
Bangarpet Section,ORG,ORG,1,
53.500,CARDINAL,CARDINAL,1,
Bangarpet,PERSON,PERSON,1,
Bethamangala Section(Package-111,ORG,ORG,1,
Bangalore Chennai Expressway,ORG,ORG,1,
Bharatmala Pariyojna,ORG,ORG,1,
"Rs.25,000/-",MONEY,(missed),1,
2 Photocopy of Educations & Experience,ORG,ORG,1,
last three months,DATE,DATE,1,
20-08-2021,DATE,DATE,1,
K&J Projects Privatojnited,ORG,ORG,1,
Syed Foorqan Rezvi,WORK_OF_ART,WORK_OF_ART,1,
NIT,ORG,ORG,1,
Ravi Nagar,PERSON,PERSON,1,
Nagpur 440 033 Maharashtra,ORG,ORG,1,
CIN No,ORG,ORG,1,
1S316CV44,CARDINAL,CARDINAL,1,
Lakshmi Constructicns,PERSON,PERSON,1,
274542,DATE,DATE,1,
22.07.2019,CARDINAL,CARDINAL,1,
"Rakesh 8K
NPO rad",PRODUCT,PRODUCT,1,
Near Canara Bank,PERSON,PERSON,1,
Chickalper Taluk,PERSON,PERSON,1,
2Yoa,CARDINAL,CARDINAL,1,
4your,CARDINAL,CARDINAL,1,
1a,CARDINAL,CARDINAL,1,
Infra Support Engineering Consultants Pvt,ORG,ORG,1,
Ce rified Company,ORG,ORG,1,
Kalym Nagan,PERSON,PERSON,1,
56004,DATE,DATE,1,
36,CARDINAL,CARDINAL,1,
vostrtrasuoort.n,ORG,ORG,1,
Engineerkg,PERSON,PERSON,1,
6364033303,CARDINAL,CARDINAL,1,
1mal,CARDINAL,CARDINAL,1,
"Rs 1,59,996/-",MONEY,(missed),1,
Breakdown,PERSON,PERSON,1,
1n,CARDINAL,CARDINAL,1,
yon1ng,ORG,ORG,1,
KREIS,ORG,ORG,1,
Kolar District However,ORG,ORG,1,
int1matton,PERSON,PERSON,1,
wil be,ORG,ORG,1,
Ths,PERSON,PERSON,1,
educaton qualifications,ORG,ORG,1,
17025 2005,DATE,DATE,1,
Batawadl,PERSON,PERSON,1,
Riyakath M,PERSON,PERSON,1,
Rs.12500/-,MONEY,(missed),1,
09th,ORDINAL,ORDINAL,1,
Renewadle Enei Solutio,PERSON,PERSON,1,
Reportiny Relationship,WORK_OF_ART,WORK_OF_ART,1,
Eneigy Sorage,PERSON,PERSON,1,
180.Azimuth,CARDINAL,CARDINAL,1,
Engneering Calculatons,ORG,ORG,1,
Rescanch,NORP,NORP,1,
Rs. 15.000/-,MONEY,(missed),1,
"Rs 1.80,000-",MONEY,(missed),1,
Rs. 0,MONEY,(missed),1,
0ur,ORDINAL,ORDINAL,1,
Vacation and Personal Energeney Time,ORG,ORG,1,
180A7imuth,CARDINAL,CARDINAL,1,
between you and 180Azimuth,DATE,DATE,1,
Azimuth Renewable Energy Solutions,ORG,ORG,1,
five business days,DATE,DATE,1,
Candidatc's Signauure,ORG,ORG,1,
September 09th 2020,DATE,DATE,1,
15J15VOET,CARDINAL,CARDINAL,1,
1e,CARDINAL,CARDINAL,1,
Institute of Technology,ORG,ORG,1,
7h day,DATE,DATE,1,
"Secrecy/Confidentiality
You",ORG,ORG,1,
"Specia Allowae
",PERSON,PERSON,1,
Pinnacle Prime Constructions Pvt. Ltd.,ORG,ORG,1,
"angalora
Human ResourcesMahager
Employee",PERSON,PERSON,1,
1ST15,CARDINAL,CARDINAL,1,
Architect,DESIGNATION,(missed),1,
10.2020,CARDINAL,CARDINAL,1,
"Shiva Reddy N V
Sub",PERSON,PERSON,1,
1S316CV432,CARDINAL,CARDINAL,1,
"Infra Management Services
Date",ORG,ORG,1,
"Noble Infia
Management Services",ORG,ORG,1,
PrivateLi,ORG,ORG,1,
Dear SOSHIL H M,WORK_OF_ART,WORK_OF_ART,1,
Eptitled Leave,PERSON,PERSON,1,
Secrecy/Confidentiaiity,ORG,ORG,1,
Pinnacle Prime Constructions Pvt,ORG,ORG,1,
22/07/2019,DATE,(missed),1,
K.N.Yarappa,PERSON,PERSON,1,
Kuruburu,PERSON,PERSON,1,
Chikkaballapur,GPE,GPE,1,
Mylandahalli,PERSON,PERSON,1,
Karnataka - 563125,GPE,GPE,1,
23d July 2019,DATE,DATE,1,
Expecied,PERSON,PERSON,1,
A1,PRODUCT,PERSON,1,
Magadi Toligate Signal,ORG,ORG,1,
Ph:080-23145383,DATE,DATE,1,
-Manager,DESIGNATION,(missed),1,
16115cV 10,CARDINAL,CARDINAL,1,
23/05/2021,DATE,(missed),1,
Quantity Surveyor - reg,ORG,ORG,1,
"Quantity Surveyor""with",ORG,ORG,1,
"Civil
Abhiram Construciions",ORG,ORG,1,
OBLE,ORG,ORG,1,
"Management Services
Date",ORG,ORG,1,
"SJC Institute of Technolcgy
Chickbalapur
",ORG,ORG,1,
Osition of Jr. Enginee,ORG,ORG,1,
Management Services,ORG,ORG,1,
"11,000/- per month",DATE,DATE,1,
iihS 1etter is 10i,DATE,DATE,1,
en1pioymeni,ORG,ORG,1,
sendiny ihe,PERSON,PERSON,1,
25045cVLLE,CARDINAL,CARDINAL,1,
Syed Owais,PERSON,PERSON,1,
Deign Cces,ORG,ORG,1,
Rs. 18000/-p.m.during,MONEY,(missed),1,
later every year,DATE,DATE,1,
1 day,DURATION,DATE,1,
Sunday,DATE,DATE,1,
ercert witm,PERSON,PERSON,1,
"Komal Kapoor
Founder",PERSON,PERSON,1,
1SJ16C,CARDINAL,CARDINAL,1,
"Rs. 15,000/-",MONEY,(missed),1,
Fifteen thousand only,DATE,DATE,1,
Ofer,PERSON,PERSON,1,
Shashank,PERSON,PERSON,1,
"Photocopy of Academic Qualification Certificates
Residential",ORG,ORG,1,
"3H,16/32",CARDINAL,CARDINAL,1,
Hextrapoint,ORG,ORG,1,
Bangalore - 560 004,ORG,ORG,1,
ABHIRAM CONSTRUCnONS,ORG,ORG,1,
TANCY,ORG,ORG,1,
23/05/202,DATE,CARDINAL,1,
Engineer-,DESIGNATION,(missed),1,
Rs.13000-,MONEY,(missed),1,
Avhiram Construciions,ORG,ORG,1,
KOLAR-563101,GPE,GPE,1,
CmScnner,PERSON,PERSON,1,
1SJ16,CARDINAL,CARDINAL,1,
CV436,PRODUCT,PRODUCT,1,
02 9ACros,CARDINAL,CARDINAL,1,
Jakkur,ORG,ORG,1,
Mar Roat,PERSON,PERSON,1,
"Jukk Layt
Bengu",PERSON,PERSON,1,
0464,CARDINAL,CARDINAL,1,
1O,CARDINAL,CARDINAL,1,
MA,GPE,GPE,1,
Tlats,PERSON,PERSON,1,
Vinod Kinar,PERSON,PERSON,1,
1203,DATE,DATE,1,
Lagncer Ile,PERSON,PERSON,1,
"K2
-pet wnth",DATE,DATE,1,
monod m hse,ORG,ORG,1,
Emayee,ORG,ORG,1,
Tor,ORG,ORG,1,
Vistata Sluuctares,PERSON,PERSON,1,
1SJ 15CVi25|,CARDINAL,CARDINAL,1,
"Strictly Confidential
Ref",WORK_OF_ART,WORK_OF_ART,1,
058,CARDINAL,CARDINAL,1,
Yashasvini B. A,PERSON,PERSON,1,
Dear Sir,WORK_OF_ART,WORK_OF_ART,1,
"12th Sept, 2020",DATE,DATE,1,
Contat Numbers,PERSON,PERSON,1,
vou,ORG,ORG,1,
"Date of Birth, Educational Qualifications Documents",WORK_OF_ART,WORK_OF_ART,1,
"Generol Controacting
",PERSON,PERSON,1,
Infracqn,GPE,GPE,1,
Authorized Signatory,WORK_OF_ART,ORG,1,
1 & 2,PRODUCT,PRODUCT,1,
NO 40,LAW,LAW,1,
12188,CARDINAL,CARDINAL,1,
Rajesh Bathina,PERSON,PERSON,1,
Karnal,GPE,GPE,1,
Position/ Hours,WORK_OF_ART,WORK_OF_ART,1,
Computer/Laptop,ORG,ORG,1,
"Computer Monitor
Mouse/Keyboard
",PERSON,PERSON,1,
the IT Service Desk at,ORG,ORG,1,
"Zoom, Slack",ORG,ORG,1,
Desk,ORG,ORG,1,
Home Office Safety and Security,ORG,ORG,1,
the Employee Invention Assignment and,ORG,ORG,1,
Confidentiality the Employment Agreement,ORG,ORG,1,
up to 10%,PERCENT,PERCENT,1,
Viasat's Travel Expense Reimbursement,ORG,ORG,1,
Mailing/Home Address,ORG,ORG,1,
No.40,GPE,GPE,1,
Salai,PERSON,PERSON,1,
Kandanchavadi,PERSON,PERSON,1,
Perungudi,NORP,NORP,1,
600 096,CARDINAL,CARDINAL,1,
AP,ORG,ORG,1,
Home,ORG,ORG,1,
Workday,DATE,DATE,1,
P&C BP,ORG,ORG,1,
Chennai,GPE,ORG,1,
Haryana,GPE,PERSON,1,
P&C,GPE,GPE,1,
9885154274,DATE,DATE,1,
Viasat,FAC,WORK_OF_ART,1,
Vinod Sivadas,PERSON,PERSON,1,
People & Culture,ORG,ORG,1,
Viasat Remote Work Policy,WORK_OF_ART,WORK_OF_ART,1,
"Pulkit Garg
Date",ORG,ORG,1,
07-07-2023,DATE,DATE,1,
"Sineka Narayanan
Gandhi",PERSON,PERSON,1,
Recruiter,PERSON,PERSON,1,
Quess Staffing Solutions,ORG,ORG,1,
G R Complex - Chennai Office,ORG,ORG,1,
Six,CARDINAL,CARDINAL,1,
Intranet/Employee Portal,ORG,ORG,1,
APPLICABLITY,ORG,ORG,1,
one hour,TIME,TIME,1,
The hours,TIME,TIME,1,
"Rs217,824.00",MONEY,GPE,1,
Incentive Pay,WORK_OF_ART,WORK_OF_ART,1,
KPI,WORK_OF_ART,WORK_OF_ART,1,
Incentive Pay,PERSON,WORK_OF_ART,1,
Bi-Annual,GPE,GPE,1,
Profession Tax,ORG,ORG,1,
a calendar year,DATE,DATE,1,
Employee Portal,ORG,ORG,1,
"Intranet/Employee
Portal",ORG,ORG,1,
five working days,DATE,DATE,1,
Confidential Information or Proprietary Information of the Company,ORG,ORG,1,
"Blower, Prevention of Sexual Harassment Policy",ORG,ORG,1,
the last working day of the month,DATE,DATE,1,
Fifty-eight,CARDINAL,CARDINAL,1,
58) years of age,DATE,DATE,1,
the Date of Birth,ORG,ORG,1,
10.4In,CARDINAL,CARDINAL,1,
10.6On,CARDINAL,CARDINAL,1,
10.7You,ORG,ORG,1,
Paragraph,LOC,LOC,1,
Intellectual Properties,ORG,ORG,1,
10.1All,CARDINAL,CARDINAL,1,
the Company (Proprietary Information,ORG,ORG,1,
10.3Subject,CARDINAL,CARDINAL,1,
14.1You,CARDINAL,CARDINAL,1,
15.1,CARDINAL,CARDINAL,1,
16.1,CARDINAL,CARDINAL,1,
GRIEVANCE REDRESSAL COMMITTEE,ORG,ORG,1,
17.1,CARDINAL,CARDINAL,1,
Grievance Redressal Committee,ORG,ORG,1,
Industrial Relations Code,ORG,ORG,1,
GRC,ORG,ORG,1,
18.1,CARDINAL,CARDINAL,1,
Standing Orders,ORG,ORG,1,
19.1,CARDINAL,CARDINAL,1,
20.1,CARDINAL,CARDINAL,1,
This Letter of Appointment,WORK_OF_ART,WORK_OF_ART,1,
the The Company,ORG,ORG,1,
"Sineka Narayanan
Designation",PERSON,PERSON,1,
Bi-Annual,PERSON,GPE,1,
Flexi Benefit Plan,LAW,LAW,1,
Flexi Benefit Plan',LAW,LAW,1,
the same month,DATE,DATE,1,
Additional Special Allowance,ORG,ORG,1,
K. M. Narayanan,PERSON,PERSON,1,
about 22,DATE,DATE,1,
Permanent Account,ORG,ORG,1,
HTML,ORG,ORG,1,
XML,ORG,ORG,1,
Representatives,ORG,ORG,1,
Two) years,DATE,DATE,1,
Clause 3.2(i,EVENT,EVENT,1,
3.2(iii,CARDINAL,CARDINAL,1,
3.2(iv,CARDINAL,CARDINAL,1,
3.2(v,CARDINAL,CARDINAL,1,
3.2(vi,CARDINAL,CARDINAL,1,
Three) years,DATE,DATE,1,
Five) years,DATE,DATE,1,
4.1(iii,CARDINAL,CARDINAL,1,
Non-Disclosure and Confidentiality Obligations,ORG,ORG,1,
"Non-Compete
",ORG,ORG,1,
more than 2%,PERCENT,PERCENT,1,
Fifteen) days,DATE,DATE,1,
March 31st,DATE,DATE,1,
Non-Solicit,ORG,ORG,1,
Non-Disparage,ORG,ORG,1,
Clauses 2,ORG,ORG,1,
"the Effective Date:
Quess House",ORG,ORG,1,
6.1.2,CARDINAL,CARDINAL,1,
6.1.3,CARDINAL,CARDINAL,1,
this Agreement of his,WORK_OF_ART,WORK_OF_ART,1,
the Company and/or Quess,ORG,ORG,1,
this Clause 8.4,PRODUCT,PRODUCT,1,
91-7708713652,CARDINAL,CARDINAL,1,
080 61056001,CARDINAL,CARDINAL,1,
Ruchi Ahluwalia,PERSON,PERSON,1,
IKYA Human Capital Solutions Limited,ORG,ORG,1,
THE SEXUAL HARASSMENT OF WOMEN,ORG,ORG,1,
Ministry of Law and Justice,ORG,ORG,1,
9th December 2013,DATE,DATE,1,
Unwelcome,NORP,NORP,1,
WhatsApp,ORG,ORG,1,
Sexual Harassment Implied,ORG,ORG,1,
Interference,PERSON,PERSON,1,
3) three months,DATE,DATE,1,
Complaints,ORG,ORG,1,
Complainant,PERSON,PERSON,1,
10 (ten) days,DURATION,(missed),1,
90days,DURATION,(missed),1,
Section 509,LAW,(missed),1,
Conflict of Interest,ORG,WORK_OF_ART,1,
Quess Group,ORG,ORG,1,
Protection of Company Property,ORG,ORG,1,
Confidentiality of Information,ORG,ORG,1,
Integrity of Financial,ORG,ORG,1,
Company,GPE,ORG,1,
Policy,LOC,LOC,1,
Anti-Corruption Policy: All,LAW,LAW,1,
Corrupt Practices Act 1977,LAW,(missed),1,
"Gifts, Entertainment",ORG,ORG,1,
Quess Corp Limited's,ORG,ORG,1,
Abuse of Authority,ORG,ORG,1,
Breach of Contract,ORG,ORG,1,
Manipulation of Company,ORG,ORG,1,
Financial Irregularities,ORG,ORG,1,
Misuse of Company's,ORG,ORG,1,
alert@quesscorp,ORG,ORG,1,
Alcohol,ORG,ORG,1,
Anti-Smoking Policy: Smoking,ORG,ORG,1,
Identity Card/Access Card Policy: Identity Cards and Access Cards,ORG,ORG,1,
Riotous,PERSON,PERSON,1,
Drunken,ORG,ORG,1,
Falsification of Records: Falsification,ORG,ORG,1,
Group Medical Insurance Coverage & Group Term Life Insurance,ORG,ORG,1,
Group Insurance Policies,ORG,ORG,1,
"Group
Personal
Accident
Sum
Insured
Group Term
Life Insurance -
",ORG,ORG,1,
"Per Annum
L1",ORG,ORG,1,
"5,50,000
5,50,000
40,00,000",QUANTITY,QUANTITY,1,
Lacs,ORG,ORG,1,
"25,00,000",CARDINAL,CARDINAL,1,
Basic-,GPE,GPE,1,
190 days,DURATION,DATE,1,
Dear Mr Santanu Banerjee,WORK_OF_ART,WORK_OF_ART,1,
"Digital
Marketing and Lead Generation",WORK_OF_ART,WORK_OF_ART,1,
3rd March 2021,DATE,DATE,1,
DL - 54,DATE,DATE,1,
DL Block,ORG,ORG,1,
Bidhannagar,PERSON,PERSON,1,
700091,DATE,DATE,1,
"Rs. 26,500/-",MONEY,(missed),1,
Departmental Head,ORG,ORG,1,
The working hours,TIME,TIME,1,
09:00 am to 06:00 pm,TIME,TIME,1,
Saturday,DATE,DATE,1,
Dipak Tewary,ORG,ORG,1,
Reddensoft Infotech Pvt,ORG,ORG,1,
Santanu Banerjee,PERSON,PERSON,1,
"Beachwood School
Satyajit Ray Sarani",ORG,ORG,1,
City Centre,FAC,FAC,1,
0343-2606556,DATE,DATE,1,
CBSE,ORG,ORG,1,
2430237,CARDINAL,CARDINAL,1,
15550,DATE,DATE,1,
"ANKITA DUTTA
Designation",ORG,ORG,1,
Blood Group,ORG,ORG,1,
"Contact No.:8116222834
Address",ORG,ORG,1,
4/11,CARDINAL,CARDINAL,1,
Nibedita Place,PERSON,PERSON,1,
FEMALE,PERSON,PERSON,1,
0001,DATE,DATE,1,
2018-19,DATE,DATE,1,
Paper Name,PERSON,PERSON,1,
Book Review,ORG,ORG,1,
Khatoon Controller,PERSON,PERSON,1,
"SW Cement
MEGHNA BHUI
",ORG,ORG,1,
"Blood Group: A+
Issuing Authority
Code",ORG,ORG,1,
20310,CARDINAL,CARDINAL,1,
ASST,ORG,ORG,1,
"Leave Days
Bank A/C
Depart",ORG,ORG,1,
1800.00,CARDINAL,CARDINAL,1,
1548.00,CARDINAL,CARDINAL,1,
3348.00,CARDINAL,CARDINAL,1,
23459.00,CARDINAL,CARDINAL,1,
Computer,ORG,ORG,1,
NORTH EAST MANAGEMENT CONSULTANTS PVT.,ORG,ORG,1,
MUSIANG LAMARE,PERSON,PERSON,1,
1522.00,CARDINAL,CARDINAL,1,
Payslip,PERSON,PERSON,1,
"RAJESH NEMU
--------------------------------------------------------------------------------------------------------------------------------------------------------------------------------",PERSON,PERSON,1,
13809.00,CARDINAL,CARDINAL,1,
6905.00,CARDINAL,CARDINAL,1,
690.00,CARDINAL,CARDINAL,1,
1381.00,CARDINAL,CARDINAL,1,
200.00,CARDINAL,CARDINAL,1,
26807.00,CARDINAL,CARDINAL,1,
"Niladri Karmakar
Blood Group",PERSON,PERSON,1,
B+ ID,ORG,ORG,1,
01/06/2022,DATE,(missed),1,
604,CARDINAL,CARDINAL,1,
Action Area III,LOC,LOC,1,
"Registered Office
ASO 306",ORG,ORG,1,
South Wing,GPE,GPE,1,
Action Area II C,EVENT,EVENT,1,
Kolkata - 700161,ORG,ORG,1,
Burdwan,GPE,GPE,1,
Dear Ekta,ORG,ORG,1,
Customer Support Senior,ORG,ORG,1,
at least 10,CARDINAL,CARDINAL,1,
GOC Services,ORG,ORG,1,
Meenakshi Technova,ORG,ORG,1,
119,CARDINAL,CARDINAL,1,
128,CARDINAL,CARDINAL,1,
Financial District,GPE,GPE,1,
Nanakramguda Village,GPE,GPE,1,
Serilingampally Mandal,ORG,ORG,1,
Ranga Reddy District,PERSON,PERSON,1,
Telangana 500032,DATE,DATE,1,
Durgapur-713204,ORG,ORG,1,
1.a,CARDINAL,CARDINAL,1,
1.b,CARDINAL,CARDINAL,1,
1.c,CARDINAL,CARDINAL,1,
1.d,CARDINAL,CARDINAL,1,
180,CARDINAL,CARDINAL,1,
"May 21, 2022",DATE,DATE,1,
Appendix A.,PERSON,PERSON,1,
three additional months,DATE,DATE,1,
Customer Support Senior Associate,ORG,ORG,1,
2.b,CARDINAL,CARDINAL,1,
2.c,CARDINAL,CARDINAL,1,
2.d,CARDINAL,CARDINAL,1,
2.e,CARDINAL,CARDINAL,1,
2.f,CARDINAL,CARDINAL,1,
the Compensation Breakdown,ORG,ORG,1,
Appendix B.,PERSON,PERSON,1,
3.b,CARDINAL,CARDINAL,1,
"Appendix B.
",PERSON,PERSON,1,
3.c,CARDINAL,CARDINAL,1,
3.e,CARDINAL,CARDINAL,1,
31 December,DATE,DATE,1,
4.a,CARDINAL,CARDINAL,1,
4.c,CARDINAL,CARDINAL,1,
6.a,CARDINAL,CARDINAL,1,
6.b,CARDINAL,CARDINAL,1,
6.c,CARDINAL,CARDINAL,1,
work day,DATE,DATE,1,
"Working Hours
7.a",TIME,TIME,1,
any days,DATE,DATE,1,
weekends,DATE,DATE,1,
Termination of Employment Relationship,ORG,ORG,1,
8.a,CARDINAL,CARDINAL,1,
8.b,CARDINAL,CARDINAL,1,
8.c Misconduct,ORG,ORG,1,
8.c.i,CARDINAL,CARDINAL,1,
ten days,DATE,DATE,1,
8.c.ii,CARDINAL,CARDINAL,1,
8.c.iii,PRODUCT,PRODUCT,1,
the GOC Code of Conduct,LAW,LAW,1,
8.e,CARDINAL,CARDINAL,1,
8.f,CARDINAL,CARDINAL,1,
8.g,CARDINAL,CARDINAL,1,
9.a,CARDINAL,CARDINAL,1,
9.b,CARDINAL,CARDINAL,1,
9.c,CARDINAL,CARDINAL,1,
Boards of Directors,ORG,ORG,1,
"Advisory
Boards",ORG,ORG,1,
"Anti-Discrimination and Harassment
We",LAW,LAW,1,
11.a,CARDINAL,CARDINAL,1,
the period of,DATE,DATE,1,
"Termination
Date",WORK_OF_ART,WORK_OF_ART,1,
11.b,CARDINAL,CARDINAL,1,
the period of six months,DATE,DATE,1,
the twelve months,DATE,DATE,1,
11.c,CARDINAL,CARDINAL,1,
11.d,CARDINAL,CARDINAL,1,
Related Corporations',ORG,ORG,1,
12.b,CARDINAL,CARDINAL,1,
12.b.ii,CARDINAL,CARDINAL,1,
12.c,CARDINAL,CARDINAL,1,
12.d,CARDINAL,CARDINAL,1,
14.a,CARDINAL,CARDINAL,1,
14.b,CARDINAL,CARDINAL,1,
Copyright Board,ORG,ORG,1,
the Copyright Act,LAW,LAW,1,
14.f,CARDINAL,CARDINAL,1,
14.g,CARDINAL,CARDINAL,1,
14(e,CARDINAL,CARDINAL,1,
14.i.ii,CARDINAL,CARDINAL,1,
"Data Privacy
You",ORG,ORG,1,
16.a,CARDINAL,CARDINAL,1,
Intranet,PERSON,PERSON,1,
IT Systems,WORK_OF_ART,WORK_OF_ART,1,
16.b,CARDINAL,CARDINAL,1,
Company IT Systems,ORG,ORG,1,
18.b,CARDINAL,CARDINAL,1,
the GOC Code,LAW,LAW,1,
Conduct and Business Courtesies Policy,ORG,ORG,1,
the United States Foreign Corrupt Practices Act,ORG,ORG,1,
FCPA,PRODUCT,PRODUCT,1,
FCPA,FAC,PRODUCT,1,
18.d,CARDINAL,CARDINAL,1,
the Export Administration Regulations,LAW,LAW,1,
"the International
Traffic in Arms Regulations",ORG,ORG,1,
EAR,ORG,ORG,1,
19.a,CARDINAL,CARDINAL,1,
Related Corporations of the Company,ORG,ORG,1,
19.b,CARDINAL,CARDINAL,1,
Exhibits,ORG,ORG,1,
"Related Corporation of GOC Services India Private
Limited",ORG,ORG,1,
19.c.ii,CARDINAL,CARDINAL,1,
20.a,DATE,DATE,1,
Related Corporation of the Company,ORG,ORG,1,
20.b,CARDINAL,CARDINAL,1,
"Waiver
Waiver",PERSON,PERSON,1,
"Assigns
The Company",PERSON,PERSON,1,
"September 29, 2021",DATE,DATE,1,
"Sachin Pande
HR Business Partner",ORG,ORG,1,
"Integrity and Ethics
● You",ORG,ORG,1,
"Background Checks
● You",ORG,ORG,1,
"GOC Services India Private Limited
Date",ORG,ORG,1,
"INR 252,012.00",MONEY,PRODUCT,1,
"INR 100,805.00",MONEY,(missed),1,
"INR 60,183.00",MONEY,ORG,1,
"INR 41,300.00",MONEY,(missed),1,
Target Total,ORG,ORG,1,
"INR 454,300.00",MONEY,(missed),1,
"INR 30,241.00",MONEY,ORG,1,
"INR 12,097.00",MONEY,ORG,1,
"INR 42,338.00",MONEY,PERSON,1,
"INR 496,638.00",MONEY,(missed),1,
The GOC Bonus Plan,WORK_OF_ART,WORK_OF_ART,1,
Annual Bonus,FAC,FAC,1,
the full calendar year,DATE,DATE,1,
the Provident Fund Scheme,ORG,ORG,1,
240 days,DURATION,DATE,1,
the relevant year,DATE,DATE,1,
the Employee Data,ORG,ORG,1,
"Performance, Compensation & Benefits",ORG,ORG,1,
google.com,ORG,ORG,1,
the Employee Data the Company,ORG,ORG,1,
8),CARDINAL,CARDINAL,1,
Dogfooding,ORG,ORG,1,
Temps,ORG,ORG,1,
Vendors,ORG,ORG,1,
April 29 2022,DATE,DATE,1,
"Prafull Singh
NTPC Tanda",PERSON,PERSON,1,
Fatehpur Kanhuara,PERSON,PERSON,1,
Makhdoom Nagar,PERSON,PERSON,1,
Ambedkar Nagar,PERSON,PERSON,1,
Uttar Pradesh,ORG,ORG,1,
Dear Prafull Singh,WORK_OF_ART,WORK_OF_ART,1,
"INR 19,000,000/-",MONEY,ORG,1,
Nineteen Lakh,WORK_OF_ART,WORK_OF_ART,1,
Tekion Corp.,ORG,ORG,1,
"up to 4,000",CARDINAL,CARDINAL,1,
Tekion under Tekion's,ORG,ORG,1,
Equity Incentive Plan,LAW,LAW,1,
Tekion,ORG,ORG,1,
"4,000",CARDINAL,CARDINAL,1,
twenty-five percent,PERCENT,PERCENT,1,
the Board of Directors of Tekion,ORG,ORG,1,
Plan,EVENT,ORG,1,
Tekion's Board of Directors,ORG,ORG,1,
9:30AM to 6:30 PM,TIME,TIME,1,
"Procedures, Rules & Regulations",ORG,ORG,1,
Central or State Government,ORG,ORG,1,
India Company,ORG,ORG,1,
Confidentiality Agreement,ORG,WORK_OF_ART,1,
"Personal Data or Information
The Company",ORG,ORG,1,
Tekion Employee Invention Assignment and Confidentiality Agreement,ORG,ORG,1,
the Human Resources Team,ORG,ORG,1,
Sowmya Mallaiah,ORG,ORG,1,
"Tekion India Private Limited
Tekion India Private Limited",ORG,ORG,1,
"475,000",CARDINAL,CARDINAL,1,
"237,500",CARDINAL,CARDINAL,1,
"36,000",CARDINAL,CARDINAL,1,
"39,583",CARDINAL,CARDINAL,1,
"144,000",CARDINAL,CARDINAL,1,
"MAINTENANCE ALLOWANCE
",PERSON,PERSON,1,
"28,800",CARDINAL,CARDINAL,1,
DRIVER ALLOWANCE,PERSON,PERSON,1,
"10,800",CARDINAL,CARDINAL,1,
"18,43,000",CARDINAL,CARDINAL,1,
"57,000",CARDINAL,CARDINAL,1,
"1,900,000",CARDINAL,CARDINAL,1,
"INR 500,000",MONEY,ORG,1,
India Group Personal Accident Insurance,ORG,ORG,1,
"Oct 28, 2021",DATE,DATE,1,
12:08,CARDINAL,CARDINAL,1,
Dear ARINDAM,ORG,ORG,1,
9:00:00 AM,TIME,TIME,1,
2 weeks,DURATION,DATE,1,
E-Mail,ORG,ORG,1,
8th November 2021,DATE,DATE,1,
"F d & Oth
Mi",ORG,ORG,1,
"Accommodation, Food & Other Miscellaneous",ORG,ORG,1,
2 working days,DATE,DATE,1,
"Global Campus Hiring Team
Wipro Limited
Wipro",WORK_OF_ART,WORK_OF_ART,1,
Wipro Technical,ORG,ORG,1,
Rabindra Pally,WORK_OF_ART,WORK_OF_ART,1,
713203,DATE,DATE,1,
"Probation, Confirmation & Termination
You",ORG,ORG,1,
3(threejmonths,CARDINAL,CARDINAL,1,
15days,DURATION,(missed),1,
any date,DATE,DATE,1,
GH/CL/WEEK OFF/,ORG,ORG,1,
the Income Tax Act,LAW,LAW,1,
COMPANY(ANNUALLY,GPE,GPE,1,
Edutech Solutions,ORG,ORG,1,
"June 21, 2021",DATE,DATE,1,
"Dodda Kannelli
",PERSON,PERSON,1,
28440011/12,CARDINAL,CARDINAL,1,
28440256,DATE,DATE,1,
Dear ARNAB GHANTY,WORK_OF_ART,WORK_OF_ART,1,
"Terms & Conditions of Scholarship
PROFILE",ORG,ORG,1,
Institution / University,ORG,ORG,1,
Scholarship/Stipend,ORG,ORG,1,
"INR 12,",MONEY,(missed),1,
Group Life Insurance,ORG,ORG,1,
"Rs.14,",MONEY,(missed),1,
"Rs 2,",MONEY,(missed),1,
"Consolidated
Scholarship",ORG,ORG,1,
Second year,DATE,DATE,1,
Third year,DATE,DATE,1,
Fourth year,DATE,DATE,1,
Employees' State Insurance Corporation Act,ORG,ORG,1,
0.75%,PERCENT,PERCENT,1,
Scholarship,GPE,GPE,1,
fourth year,DATE,DATE,1,
PIP,ORG,ORG,1,
"INR 1,250/-",MONEY,(missed),1,
the last semester,DATE,DATE,1,
the beginning of the semester,DATE,DATE,1,
60 Months,DATE,DATE,1,
1.5 months,DURATION,DATE,1,
58.5 months,DURATION,(missed),1,
60 months,DURATION,DATE,1,
Seventy five thousand,CARDINAL,CARDINAL,1,
PROJECT READINESS PROGRAM,ORG,ORG,1,
Wipro's - Talent Transformation Department,ORG,ORG,1,
Wipro for,ORG,ORG,1,
Software Systems,ORG,ORG,1,
Computing Systems,ORG,ORG,1,
"Infrastructure Management, Data Analytics",ORG,ORG,1,
"Cloud,",ORG,ORG,1,
Digital & Cyber,ORG,ORG,1,
Embedded Systems,ORG,ORG,1,
the University at the beginning of each semester,ORG,ORG,1,
2 hours,TIME,TIME,1,
9:00am,CARDINAL,CARDINAL,1,
WILP Program,ORG,ORG,1,
CGPA,ORG,ORG,1,
less than 5.5,CARDINAL,CARDINAL,1,
the Dissertation Project / Dissertation,ORG,ORG,1,
Teamwork,ORG,ORG,1,
the WILP Team,ORG,ORG,1,
Mode,PERSON,PERSON,1,
WILP Academy,ORG,ORG,1,
lieu thereof,PERSON,PERSON,1,
one months' (,DATE,DATE,1,
8:30am to 6:00pm,TIME,TIME,1,
45 minutes,TIME,TIME,1,
The full day,DATE,DATE,1,
Led Training,PERSON,PERSON,1,
the Scholar Trainees,ORG,ORG,1,
Completion/Cancellation of Academic Program,ORG,ORG,1,
The Talent Transformation,WORK_OF_ART,WORK_OF_ART,1,
360 degree,QUANTITY,QUANTITY,1,
Corporate Readiness Program - CRP,ORG,ORG,1,
CRP,ORG,ORG,1,
Trainee,ORG,PERSON,1,
Project Based Learning,WORK_OF_ART,WORK_OF_ART,1,
Wipro Ltd,ORG,ORG,1,
"Accommodation, Food & Other Miscellaneous Expenses
Travel",ORG,ORG,1,
"Accommodation, Food &",ORG,ORG,1,
Rs.400,MONEY,(missed),1,
"Rs.3,200",MONEY,(missed),1,
22/6/2021,DATE,(missed),1,
80),DATE,DATE,1,
2844,DATE,DATE,1,
"Sarjapur
Road
E :",WORK_OF_ART,WORK_OF_ART,1,
AW-2021-484,CARDINAL,CARDINAL,1,
Associate - Operations,ORG,ORG,1,
"Rs. 6,92,000.00/-",MONEY,(missed),1,
Performance Linked,PERSON,PERSON,1,
"Rs. 84,000.00/-",MONEY,(missed),1,
Awign Enterprises Pvt,ORG,ORG,1,
Annanya Sarthak,PERSON,PERSON,1,
1032,DATE,DATE,1,
Sector 1,LAW,LAW,1,
Vasundhara,PERSON,PERSON,1,
Ghaziabad,GPE,GPE,1,
108,MONEY,MONEY,1,
2nd& 3rd Floor,ORG,ORG,1,
Startuphuts Building,PERSON,PERSON,1,
27th,ORDINAL,ORDINAL,1,
Main Rd,FAC,FAC,1,
Layout,GPE,GPE,1,
Karnataka 560102 Phone,ORG,ORG,1,
Hrishikesh Bharati,PERSON,PERSON,1,
"Bankola Colliery Mashan Dhoura Ukhra
Subject: Offer of Employment",ORG,ORG,1,
Dear Hrishikesh,PERSON,PERSON,1,
Accenture Solutions Pvt. Ltd.,ORG,ORG,1,
Company or Accenture,WORK_OF_ART,WORK_OF_ART,1,
Advanced Technology Center,ORG,ORG,1,
Terms of Employment',WORK_OF_ART,WORK_OF_ART,1,
few weeks,DATE,DATE,1,
Onboarding.doc.ase@accenture.com,ORG,ORG,1,
Skill Primers,PERSON,PERSON,1,
the Fundamental Skill Primer,FAC,FAC,1,
Primer,ORG,ORG,1,
the Terms of Employment,ORG,ORG,1,
Fundamental Skill,ORG,ORG,1,
"INR 10,000",MONEY,(missed),1,
Terms of Employment with Accenture,ORG,ORG,1,
Accenture Recruitment Portal,ORG,ORG,1,
Countdown,PERSON,PERSON,1,
the first days,DATE,DATE,1,
weeks,DATE,DATE,1,
ACKNOWLEDGED,ORG,ORG,1,
Mahesh Vasudeo Zurale,PERSON,PERSON,1,
Advanced Technology Centers,ORG,ORG,1,
India Hrishikesh Bharati Date,ORG,ORG,1,
"INR 3,00,000",MONEY,(missed),1,
B)Local Variable Bonus,ORG,ORG,1,
0% to 8.5%,PERCENT,PERCENT,1,
the Fiscal year,DATE,DATE,1,
Accenture India,LOC,LOC,1,
Indian Provident Fund,ORG,ORG,1,
all International Workers,ORG,ORG,1,
"3,00,000",CARDINAL,CARDINAL,1,
8.5%,PERCENT,PERCENT,1,
"25,500",CARDINAL,CARDINAL,1,
"3,25,500",CARDINAL,CARDINAL,1,
"8,000",CARDINAL,CARDINAL,1,
"3,33,500",CARDINAL,CARDINAL,1,
Company Financial,ORG,ORG,1,
INR 300000/-,MONEY,ORG,1,
up to three,CARDINAL,CARDINAL,1,
Supplemental,NORP,NORP,1,
Supplemental Life,WORK_OF_ART,WORK_OF_ART,1,
the Employee Stock Purchase Plan,ORG,ORG,1,
NYSE,ORG,ORG,1,
ESPP,ORG,ORG,1,
The Employee Share Purchase Plan,ORG,ORG,1,
Accenture Limited,ORG,ORG,1,
"INR 2,500",MONEY,ORG,1,
2021 5,DATE,DATE,1,
"the Medical Insurance, Personal Accident Insurance and Life Insurance and Relocation Assistance",ORG,ORG,1,
July 1st 2017,DATE,DATE,1,
the service month,DATE,DATE,1,
•Original & Copy of X,ORG,ORG,1,
XII,ORG,ORG,1,
PG / UG Degrees,ORG,ORG,1,
•Original & Copy of Degree/PG,ORG,ORG,1,
Aadhaar,PRODUCT,ORG,1,
"Hrishikesh Bharati
Application Development",PERSON,PERSON,1,
Advisory Equity,WORK_OF_ART,WORK_OF_ART,1,
Advisory Equity,ORG,WORK_OF_ART,1,
"this Clause Intellectual Property Rights
The Deliverables",ORG,ORG,1,
Deliverable,PERSON,PERSON,1,
3) years,DATE,DATE,1,
the Republic of India,GPE,GPE,1,
this Agreement on the Effective Date,WORK_OF_ART,WORK_OF_ART,1,
"CONTRACTUAL EMPLOYMENT AGREEMENT
TEMPLATE
This Commission Sales Agreement",ORG,ORG,1,
"12th day of October, 2016",DATE,DATE,1,
Delhi/NCR,ORG,ORG,1,
Annex A.,PERSON,PERSON,1,
XXXX,PERSON,PERSON,1,
Salary (Commission,ORG,ORG,1,
The Salary (Commission,WORK_OF_ART,WORK_OF_ART,1,
60] days,DATE,DATE,1,
60 Days,DATE,DATE,1,
4 NON,QUANTITY,QUANTITY,1,
the Sales Representative's,ORG,ORG,1,
Weekly Sales Report,WORK_OF_ART,WORK_OF_ART,1,
INDEMNITY,ORG,ORG,1,
this Implementation Agreement,LAW,LAW,1,
the third business day,DATE,DATE,1,
Implementation Partner and Client,ORG,ORG,1,
this Implementation Agreement,WORK_OF_ART,LAW,1,
the date and year first,DATE,DATE,1,
MoU Companies,ORG,ORG,1,
193,CARDINAL,CARDINAL,1,
228,CARDINAL,CARDINAL,1,
Student Exchange,ORG,ORG,1,
266,CARDINAL,CARDINAL,1,
294,CARDINAL,CARDINAL,1,
Sookshmas,PERSON,PERSON,1,
"Summer Internship
",EVENT,EVENT,1,
1/02/19,DATE,CARDINAL,1,
1/02/21,DATE,CARDINAL,1,
09/01/20,DATE,(missed),1,
23/11/18,DATE,CARDINAL,1,
22/10/20,DATE,(missed),1,
Demos,PERSON,PERSON,1,
Toyota,ORG,ORG,1,
"Kirloskar
Motors Pvt",ORG,ORG,1,
Centre of Excellence,ORG,ORG,1,
Training and Internship https://www.rrce.org/news/inter,WORK_OF_ART,WORK_OF_ART,1,
"2 Years
Skill",DATE,DATE,1,
Industrial Visit,ORG,ORG,1,
Workshop on How,WORK_OF_ART,WORK_OF_ART,1,
Legal & Ethical Steps,ORG,ORG,1,
"RRCE
Webinar on Design Validation",ORG,ORG,1,
Lifetime Fiber Optics,ORG,ORG,1,
"Robotics Process
Automation",WORK_OF_ART,WORK_OF_ART,1,
Fundamentals https://www.rrce.org/news/robot,PERSON,PERSON,1,
Understanding Embedded,ORG,ORG,1,
Lifetime Python Image Processing,WORK_OF_ART,WORK_OF_ART,1,
Connecting Industries,ORG,ORG,1,
Institution and Students,ORG,ORG,1,
https://www.rrce.org/news/conn,GPE,GPE,1,
Internships Program,ORG,ORG,1,
"3D Printing Technologies
Buiding a New World https://www.rrce.org/news/3dprinting-technologies-buildinga-new-world/
",WORK_OF_ART,WORK_OF_ART,1,
Digital Job Opportunities,ORG,ORG,1,
Trends and Oppprtunities in Civil Engineering https://www.rrce.org/news/trend,WORK_OF_ART,WORK_OF_ART,1,
Personality Management,ORG,ORG,1,
https://www.rrce.org/news/perso,NORP,NORP,1,
https://www.rrce.org/news/plann,PRODUCT,PRODUCT,1,
Radha,PERSON,PERSON,1,
"Lifetime New Journey of Online
Learning",ORG,ORG,1,
Mindset,GPE,GPE,1,
Lean 5S,ORG,ORG,1,
"My SQL
Database& Soft",ORG,ORG,1,
Guidance,PERSON,PERSON,1,
3 Day,DATE,DATE,1,
"Design &
Development of Embedded
System",ORG,ORG,1,
"Lifetime Internship Training
",WORK_OF_ART,WORK_OF_ART,1,
"AI & ML 5G https://www.rrce.org/news/aiml-5g/
Stress Management During
Lockdown",ORG,ORG,1,
Cyber Security,ORG,ORG,1,
SelectSmart Digital,ORG,ORG,1,
Lean Manufacturing,ORG,ORG,1,
VLSI Design Verilog,ORG,ORG,1,
https://www.rrce.org/news/proto,CARDINAL,CARDINAL,1,
Power Seminar,FAC,FAC,1,
https://www.rrce.org/news/3days-fdp-on-aws-certifiedcloud-practitioner/,DURATION,(missed),1,
402,CARDINAL,CARDINAL,1,
Lifetime IoT - CoE,ORG,ORG,1,
09/01/21,DATE,(missed),1,
https://www.rrce.org/news/3day-workshop-on-design10,DURATION,(missed),1,
"Cloud Computing
Architecture",PERSON,PERSON,1,
https://www.rrce.org/news/5days-sdp-on-aws-cloudcomputing-architecture/,DURATION,(missed),1,
Data Science,ORG,ORG,1,
3 Days,DATE,DATE,1,
02/01/18,DATE,(missed),1,
30/12/18,DATE,CARDINAL,1,
"Students
Internship",ORG,ORG,1,
One day,DATE,DATE,1,
Platform https://www.rrce.org/news/on,PERSON,PERSON,1,
Datafoundry,PERSON,PERSON,1,
Data Authorization,ORG,ORG,1,
Algorithmic Approach,PERSON,PERSON,1,
Tool,ORG,ORG,1,
CSV,ORG,ORG,1,
"Pharma
Faculty Development
Programme",ORG,ORG,1,
"Training and Internship https://www.rrce.org/rrce/wpcontent/uploads/2016/12/DVV3.5.2.1.pdf
Institute for research",WORK_OF_ART,WORK_OF_ART,1,
"Venjay
Systems",ORG,ORG,1,
"Energy
Department",ORG,ORG,1,
"Manasagang
Submission",PERSON,PERSON,1,
National Workshop,ORG,ORG,1,
Altair,PERSON,PERSON,1,
https://www.rrce.org/news/three,CARDINAL,CARDINAL,1,
"Faculty Development
Program",ORG,ORG,1,
"the Multi-Radio
IoT Board
Technical Seminar",ORG,ORG,1,
"Application
Development Services",ORG,ORG,1,
"Student Development
Program",ORG,ORG,1,
9/11/17,DATE,CARDINAL,1,
"Saakshin
Pvt",ORG,ORG,1,
18/09/15,DATE,CARDINAL,1,
17/09/19,DATE,(missed),1,
"MoUs
INSTITUTE OF TECHNOLOGY PETRONAS",ORG,ORG,1,
ia,PERSON,PERSON,1,
20th day of,DATE,DATE,1,
352875U,DATE,DATE,1,
Kuala Lumpur City Centre,GPE,GPE,1,
50088,DATE,DATE,1,
"Kuata
Lumpur",ORG,ORG,1,
Visvesveraya,LOC,LOC,1,
1-4201514,CARDINAL,CARDINAL,1,
New Deihi & Govt,ORG,ORG,1,
"EEE & Mech
Departments",ORG,ORG,1,
PETRONAS,ORG,ORG,1,
Teknologi PETRONAS,PERSON,PERSON,1,
Pdia,ORG,ORG,1,
RajaRajeswart Group of Institutions,ORG,ORG,1,
Indla,ORG,ORG,1,
Alil India Council for Technical Education,ORG,ORG,1,
Visvesvaraya Teohnological University,ORG,ORG,1,
1.1.6,CARDINAL,CARDINAL,1,
Intemational,ORG,ORG,1,
ASEAN,ORG,ORG,1,
1.1.8,CARDINAL,CARDINAL,1,
1.1.9,CARDINAL,CARDINAL,1,
Students,ORG,ORG,1,
summer,DATE,DATE,1,
1.1.10 Exchange,ORG,ORG,1,
RajaRajeswari Group of Institution's,ORG,ORG,1,
UTP,ORG,ORG,1,
Parlies,LOC,LOC,1,
tothe Recelving Party,ORG,ORG,1,
Confidentlal Information,ORG,ORG,1,
the Confidentiel Information,ORG,ORG,1,
the Disdosing Party,ORG,ORG,1,
Confidential Informnation,ORG,ORG,1,
Baceurd,PERSON,PERSON,1,
eny n,ORG,ORG,1,
"Petnyy
Rit",ORG,ORG,1,
Background,GPE,FAC,1,
Coilaboration,FAC,FAC,1,
"Intellectual Property
Rights",ORG,ORG,1,
"the MoU.
4.2 Termination",FAC,FAC,1,
"the MoU
Elther Party",ORG,ORG,1,
India & Malaysla,ORG,ORG,1,
n s n n s,ORG,ORG,1,
Intelleotuat,PERSON,PERSON,1,
10.2 s,CARDINAL,CARDINAL,1,
Brand Malerials,ORG,ORG,1,
11.3,CARDINAL,CARDINAL,1,
Se,PERSON,PERSON,1,
termns,CARDINAL,CARDINAL,1,
32610,CARDINAL,CARDINAL,1,
Seri Iskandar,PERSON,PERSON,1,
Perak,GPE,GPE,1,
Facsimile,PRODUCT,PRODUCT,1,
3688151,DATE,DATE,1,
"Rejarajeswari College of Engineering
No",ORG,ORG,1,
+91-80-2843,DATE,(missed),1,
Mohamed Ibrahim Bin Abdul Mutellb,PERSON,PERSON,1,
Alliance Office,ORG,ORG,1,
Designation Nmo Preekdent,ORG,ORG,1,
Kamnataka Er,PERSON,PERSON,1,
"Kumar R.
",PERSON,PERSON,1,
RajaRajeswari College of Engineerng,ORG,ORG,1,
14,DATE,DATE,1,
Mysore Rd,PERSON,PERSON,1,
MEMS,ORG,ORG,1,
"an ""Incubation Center",ORG,ORG,1,
a Memorandum of Understanding,WORK_OF_ART,WORK_OF_ART,1,
2.An,CARDINAL,CARDINAL,1,
1200,CARDINAL,CARDINAL,1,
6.RRCE,CARDINAL,CARDINAL,1,
COMPANY,ORG,ORG,1,
B. Application of Technology,ORG,ORG,1,
Self-Learning,ORG,ORG,1,
Layout Moodalapalya,PERSON,PERSON,1,
Karnataka Phone,PERSON,PERSON,1,
080-23504212,CARDINAL,CARDINAL,1,
10.Except,CARDINAL,CARDINAL,1,
Comapnyshall,PERSON,PERSON,1,
1996,DATE,DATE,1,
6rt,ORDINAL,ORDINAL,1,
02/08/2023,DATE,(missed),1,
Priyadarshini Layout,PERSON,PERSON,1,
Moodalapalya,PERSON,PERSON,1,
Karnataka Phone:080-23504212,PERSON,PERSON,1,
www.sookshmas.com 28 and year,DATE,DATE,1,
HOD CSE Name,ORG,ORG,1,
"Academic Head
Date",PERSON,PERSON,1,
"Pnfesor Hoo
Depantnesrk",PERSON,PERSON,1,
DSE,ORG,ORG,1,
RRCLE,ORG,ORG,1,
www.sookshmas.com 29,DATE,DATE,1,
MGR Educational & Research,ORG,ORG,1,
This Memorandumof Understanding,WORK_OF_ART,WORK_OF_ART,1,
MoU,WORK_OF_ART,ORG,1,
DEPARTMENTAL,ORG,ORG,1,
560085,DATE,DATE,1,
A. RAJARAJESWARI COLLEGE OF ENGINEERING,ORG,ORG,1,
"Development and Placement
Training",ORG,ORG,1,
Conducting Faculty Development Programs,ORG,ORG,1,
"Faculty
Development / Certification Programs",ORG,ORG,1,
RRCE Campus,PERSON,PERSON,1,
Virtual,PERSON,PERSON,1,
"Data Science, Robotics",ORG,ORG,1,
Artificial Intelligence (AI,ORG,ORG,1,
"the ""Core Consulting Team""comprises",ORG,ORG,1,
Single Point of Contact,ORG,ORG,1,
Department Head,ORG,ORG,1,
Hardware,ORG,ORG,1,
Faculty In-charge,WORK_OF_ART,WORK_OF_ART,1,
RRCEcampus,ORG,ORG,1,
Workshop/Training,ORG,ORG,1,
thirty six,CARDINAL,CARDINAL,1,
36) months,DATE,DATE,1,
thirty six months,DATE,DATE,1,
Either Party,ORG,ORG,1,
AR/VR,ORG,ORG,1,
AI,GPE,GPE,1,
I. Training,PERSON,PERSON,1,
is50,ORG,ORG,1,
IV.,ORG,ORG,1,
Food & Lodging Facility,ORG,ORG,1,
RRCEwill,ORG,ORG,1,
the Foreground Intellectual Property,ORG,ORG,1,
Non Solicitation,ORG,ORG,1,
MoUis,PRODUCT,PRODUCT,1,
DEPARTMENT OF COMPUTER SCIENCE,ORG,ORG,1,
Bangalore - 74,ORG,ORG,1,
560085has,CARDINAL,CARDINAL,1,
S. USHA,PERSON,PERSON,1,
Professor & Head,ORG,ORG,1,
"Witnesses Witnesses
Prabaharan",ORG,ORG,1,
A-Square,PRODUCT,PRODUCT,1,
BCCHS Layout,PERSON,PERSON,1,
M. Visvesvaraya Square,PERSON,PERSON,1,
Karnataka 560062,GPE,GPE,1,
I. PURPOSE & SCOPE Bug,ORG,ORG,1,
Bangalore-560062,ORG,ORG,1,
Programming,GPE,GPE,1,
decades,DATE,DATE,1,
Corp. Office,ORG,ORG,1,
M.Visvesvaraya Square,PERSON,PERSON,1,
Resort,GPE,GPE,1,
Kanakpura Main Road,PERSON,PERSON,1,
38,CARDINAL,CARDINAL,1,
Faculty Members & f.Infrastucture development,ORG,ORG,1,
2.Jobs,CARDINAL,CARDINAL,1,
"Bangalore-560060
Department of Electronics and Communication Engineering",ORG,ORG,1,
Bangalore560060,GPE,GPE,1,
Communication Engineering RajaRajeswari College of Engineering,ORG,ORG,1,
5.Technical,CARDINAL,CARDINAL,1,
National Skill Development Corporation,ORG,ORG,1,
Skill Development and Entrepreneurship,ORG,ORG,1,
Skill Development,ORG,ORG,1,
AWS,ORG,ORG,1,
Programming,ORG,GPE,1,
25 years,DURATION,(missed),1,
UGCourses & 7 PG Courses,ORG,ORG,1,
"Faculty Members & f.Infrastructure development
",ORG,ORG,1,
V.EFFECTIVE DATE& DURATION,ORG,ORG,1,
Terms &Conditions,ORG,ORG,1,
23-01-2019,DATE,DATE,1,
20-01-2021,DATE,DATE,1,
23/01/2019,DATE,(missed),1,
BENGALURU,ORG,ORG,1,
10/01/2019,DATE,DATE,1,
SHIVALINGAIAH,PERSON,PERSON,1,
Bangalore-560006,ORG,ORG,1,
Department Of ElectricalAnd Electronies Engineering,ORG,ORG,1,
Rajarajeswari College Of Engineering & X-Ciencia Technologies India Pvt Ltd,ORG,ORG,1,
XCiencia Technologies India Pvt Ltd,ORG,ORG,1,
Likewise X-Ciencia Technologies,PERSON,PERSON,1,
44,CARDINAL,CARDINAL,1,
"X-Ciencia
",PRODUCT,PRODUCT,1,
45,CARDINAL,DATE,1,
ISO NAACA' Accredited NBA ACT,LAW,LAW,1,
"the day, month",DATE,DATE,1,
X-CIENCIA TECHNOLOGIES,ORG,ORG,1,
HOD Electrical and Electronics Department,ORG,ORG,1,
46,CARDINAL,CARDINAL,1,
DT 10.01.2019,DATE,DATE,1,
DEPARTMENT OF ELECTRICAL AND ELECTRONICS ENGINEERING,ORG,ORG,1,
Students Exchange,ORG,ORG,1,
Faculty Exchange,ORG,ORG,1,
Infrastructure Development of the department,ORG,ORG,1,
C.KL,ORG,ORG,1,
Ramohalli Crcss,PERSON,PERSON,1,
47,CARDINAL,CARDINAL,1,
Department of Electronics And Communication Engineering,ORG,ORG,1,
48,CARDINAL,CARDINAL,1,
RRCE &X-Ciencia Technologies India Pvt Ltd,ORG,ORG,1,
Faculty Members & b.Projects c.Student Internship f.Infrastructure,ORG,ORG,1,
Email PI,ORG,ORG,1,
Vijayanagar,GPE,PRODUCT,1,
Bangalore-560040will,ORG,ORG,1,
10-01-2019,DATE,DATE,1,
09-01-2021,DATE,DATE,1,
Party Al,ORG,ORG,1,
"Party B] ROFESSUR &HEAD
",ORG,ORG,1,
Date 10/01 2019 Date DEPT,ORG,ORG,1,
Di &,ORG,ORG,1,
CSt Sponsored,PERSON,PERSON,1,
23rdNovember 2018,DATE,DATE,1,
InfoTech Pvt. Ltd,ORG,ORG,1,
Microasoft,PERSON,PERSON,1,
Education Partner,ORG,ORG,1,
"L107,LajpatNagar-Il",PRODUCT,PRODUCT,1,
NewDelhi-110024and,GPE,GPE,1,
RajaRajeshwari,ORG,ORG,1,
Infotech Resource,ORG,ORG,1,
100 2880+GST,PRODUCT,PRODUCT,1,
Oracle,PERSON,ORG,1,
50 7900,DATE,DATE,1,
"Autodesk, Adobe",ORG,ORG,1,
COE,ORG,ORG,1,
1st50,CARDINAL,CARDINAL,1,
ATS,ORG,ORG,1,
pi Kits,PERSON,PERSON,1,
Certifications,ORG,ORG,1,
Oracle & Microsoft Certification,ORG,ORG,1,
40-50,CARDINAL,CARDINAL,1,
"Project
Cross",ORG,ORG,1,
Training CH,PERSON,PERSON,1,
Project NI PUNE RPO,ORG,ORG,1,
23112018,CARDINAL,CARDINAL,1,
52,CARDINAL,CARDINAL,1,
Data Science and Data Analytics,ORG,ORG,1,
Microsoft Certifications,ORG,ORG,1,
three years i.e.,DATE,DATE,1,
"November 2018 to 22TMdOctober 2021,same",DATE,DATE,1,
academic year,DATE,DATE,1,
Certification,PRODUCT,PRODUCT,1,
Microsoft /Oracle/Certiport,ORG,ORG,1,
Resource Partner,ORG,ORG,1,
Resource Partnerto,ORG,ORG,1,
Principal Campus PUNE,PERSON,PERSON,1,
231112018,DATE,DATE,1,
53,CARDINAL,CARDINAL,1,
Computers,NORP,NORP,1,
LCD Projector's,ORG,ORG,1,
the Certification Exam,LAW,LAW,1,
Resource,ORG,ORG,1,
weekends/holidays,EVENT,EVENT,1,
68hrs,CARDINAL,CARDINAL,1,
FREE,ORG,ORG,1,
the Govt of India,LOC,LOC,1,
Microsoft/Certiport/ Oracle,ORG,ORG,1,
the Rules of Arbitration of the Indian Council Of Arbitration,ORG,ORG,1,
ResourcePartner,ORG,ORG,1,
50,CARDINAL,CARDINAL,1,
EC,ORG,ORG,1,
efakho9,PERSON,PERSON,1,
54,DATE,DATE,1,
Sr Certification Certification Exam Cost,ORG,ORG,1,
College Reg Program,ORG,ORG,1,
Attempts Share Amount Duration,PRODUCT,PRODUCT,1,
RUF,ORG,ORG,1,
DevMapped,ORG,ORG,1,
Microsoft MTA,ORG,ORG,1,
98-735,CARDINAL,CARDINAL,1,
Oracle IOT Summer / 7900+ Gst,ORG,ORG,1,
50-60,CARDINAL,CARDINAL,1,
winter,DATE,DATE,1,
Summer 7900+ Gst,DATE,DATE,1,
55,CARDINAL,CARDINAL,1,
Oracle sql/plsq,ORG,ORG,1,
6900+,DATE,DATE,1,
Deepak Rajkumar Garg,PERSON,PERSON,1,
Business Development,ORG,ORG,1,
"Authorized Signatory Authorized Signatory
RamSignatüress",WORK_OF_ART,WORK_OF_ART,1,
23/11118,CARDINAL,CARDINAL,1,
RAJARAJESWARI Principal Date231112018,ORG,ORG,1,
56,CARDINAL,CARDINAL,1,
03:41 PM,TIME,TIME,1,
Reference NONACC,PERSON,PERSON,1,
"kaksfcI08/ KENGERI1/ KA-BN
Purchased",FAC,FAC,1,
Reference RAJARAJESWARI COLLEGE OF ENGINEERING BANGALORE,PERSON,PERSON,1,
Description MOU,PERSON,PERSON,1,
First Party RAJARAJESWARI COLLEGE OF ENGINEERING BANGALORE,ORG,ORG,1,
20th November 2020,DATE,DATE,1,
Mandir,ORG,ORG,1,
011,CARDINAL,CARDINAL,1,
Medini Ramchalli Cross,ORG,ORG,1,
Halan,PERSON,PERSON,1,
201111-20,DATE,DATE,1,
Raja Rajeswari College of Engineering,ORG,ORG,1,
1organisations,CARDINAL,CARDINAL,1,
PMI,ORG,ORG,1,
AUTODESK,PERSON,PERSON,1,
"Bentley
Learning Partner Institute",ORG,ORG,1,
0ß,CARDINAL,CARDINAL,1,
CAD/CAM/CAE Programs,ORG,ORG,1,
Autodesk Products,WORK_OF_ART,WORK_OF_ART,1,
Autodesk Revit -Architecture,PERSON,PERSON,1,
MEP,ORG,ORG,1,
Steel Design,ORG,ORG,1,
3DS,CARDINAL,CARDINAL,1,
Autodesk Inventor,PERSON,PERSON,1,
First & Second Party,ORG,ORG,1,
s methne quality,ORG,ORG,1,
20.1f.202ò,CARDINAL,CARDINAL,1,
"the Training, Internship and Placement Services",ORG,ORG,1,
19.11.2024,CARDINAL,CARDINAL,1,
every academic year,DATE,DATE,1,
the ee el o tu et o e es (d os sie s,GPE,GPE,1,
Raja Rajeswari College of Engineering MEDINI,ORG,ORG,1,
Mysore Road,WORK_OF_ART,WORK_OF_ART,1,
INDIA Karnataka,PERSON,PERSON,1,
the First Partv,ORG,ORG,1,
Mohan Kumar K Dr.,ORG,ORG,1,
"the Institute
V. 20112020",ORG,ORG,1,
Kargohalli Cross,PERSON,PERSON,1,
231,MONEY,MONEY,1,
V Ramesh,PERSON,PERSON,1,
OSI 0001-2008,ORG,ORG,1,
RRCE-Blr/Admin/Civil/MOU/2020-21,ORG,ORG,1,
"Autodesk Learning Partner
Vijayanagar",PERSON,PERSON,1,
the Memorandumof Understanding (,ORG,ORG,1,
V.lau,GPE,GPE,1,
2oluz20200,CARDINAL,CARDINAL,1,
the Department,ORG,ORG,1,
"Department of Civil Engineerlng
Sponsored",ORG,ORG,1,
09.05.2018,DATE,DATE,1,
College Details,ORG,ORG,1,
0001-2008,DATE,DATE,1,
ISO NAACA',LAW,LAW,1,
Oracle Academy,ORG,ORG,1,
se Mn s,PERSON,PERSON,1,
CAD Training and Placement Services,ORG,ORG,1,
09/05/2018,DATE,(missed),1,
08/05/2019,DATE,ORG,1,
"Kumbalgodu, Mysore Road Bengaluru-560",ORG,ORG,1,
074 62,CARDINAL,CARDINAL,1,
Pl:.080-28437124/28437375,DATE,DATE,1,
Opp Maruti Mandir,ORG,ORG,1,
560040,DATE,DATE,1,
Kallur,PERSON,PERSON,1,
10-May-2019,DATE,DATE,1,
kaksfcl08/,PERSON,PERSON,1,
"KA-BA
Certificate",ORG,ORG,1,
"Article 12 Bond
Purchasedby
Description of Document
Description
AGREEMENT
Consideration Price (Rs",LAW,LAW,1,
this Tenth day of May,DATE,DATE,1,
the Ninth day of May,DATE,DATE,1,
Bidadi,GPE,GPE,1,
Stamp Certificate,ORG,ORG,1,
the Competeni Authority,ORG,ORG,1,
No.1,PRODUCT,PRODUCT,1,
VTU,ORG,ORG,1,
Permitted Successors,ORG,ORG,1,
Toyota Motor Corporation of Japan,ORG,ORG,1,
Kirloskar Group,ORG,ORG,1,
Corporate Social Responsibility,ORG,ORG,1,
CSR,ORG,ORG,1,
"VTU, Belagavi &",ORG,ORG,1,
Grade Accredited,PERSON,PERSON,1,
Internationally Accredited,ORG,ORG,1,
Engineering Education,ORG,ORG,1,
CV,GPE,GPE,1,
MBA,WORK_OF_ART,WORK_OF_ART,1,
the Excellernce Centre,ORG,ORG,1,
the PDD Department,ORG,ORG,1,
Claus 3,PERSON,PERSON,1,
PIN,ORG,ORG,1,
562 109,CARDINAL,CARDINAL,1,
Prashanth S,PERSON,PERSON,1,
080-66292261,CARDINAL,CARDINAL,1,
08028437373,CARDINAL,CARDINAL,1,
the Dispute Notice,ORG,ORG,1,
the Arbitration Act,LAW,LAW,1,
TITLES,ORG,ORG,1,
AR,ORG,ORG,1,
4OZ,CARDINAL,CARDINAL,1,
TOYOTA KIRLOSKAR MOTOR PVT.,ORG,ORG,1,
KML,ORG,ORG,1,
RBalalem &hna pvinp,ORG,ORG,1,
Innova,PERSON,PERSON,1,
2KD,CARDINAL,CARDINAL,1,
1ND 1400525,DATE,DATE,1,
LOSK,ORG,ORG,1,
AR MO,PERSON,PERSON,1,
Mercury,ORG,ORG,1,
2B Block,PRODUCT,PRODUCT,1,
Prestige Tech Park,GPE,GPE,1,
Sarjapur,PERSON,PERSON,1,
"F +91.80.66.29.4700
www.altair-india",PRODUCT,PRODUCT,1,
"November 19, 2016",DATE,DATE,1,
M/s RajaRajeswari College of Engineering,ORG,ORG,1,
Mysore Rd,GPE,PERSON,1,
Center of Excellence,ORG,ORG,1,
Altair,ORG,PERSON,1,
HyperWorks,ORG,ORG,1,
CoE,ORG,ORG,1,
"Satish.ramakrishna@altair.com
H/P",ORG,ORG,1,
91,CARDINAL,CARDINAL,1,
9845,DATE,DATE,1,
450,CARDINAL,CARDINAL,1,
Thursday,DATE,DATE,1,
February 2021,DATE,DATE,1,
Manufacturers' Association,ORG,ORG,1,
"Bangalore
Department of Mechanical Engineering",ORG,ORG,1,
11 th Day of February 2021,DATE,DATE,1,
Bangalore between Indian Machine Tool Manufacturers' Association Technology Centre,ORG,ORG,1,
Bangalore Intemational Exhibition Centre Campus,ORG,ORG,1,
562123,DATE,DATE,1,
Bangalore Department of Mechanical Engineering,ORG,ORG,1,
Moogambigai Charitable and Education Trust,WORK_OF_ART,WORK_OF_ART,1,
MCET,ORG,ORG,1,
Initiatives Viz,PERSON,PERSON,1,
"Finishing School, Design Institute",ORG,ORG,1,
Guest Lectures,PERSON,PERSON,1,
Industrial Practices,ORG,ORG,1,
"Industrial Visits, Placement Assistance Etc",ORG,ORG,1,
IMTMA Bangalore Centre,ORG,ORG,1,
Finishing School in Production Engineering,ORG,ORG,1,
Finishing School in Production Engineering Expenses for Finishing School,ORG,ORG,1,
"IMTMA
Intemship",ORG,ORG,1,
IMTMA Faculty,ORG,ORG,1,
Finishing School,ORG,ORG,1,
Validity of the MOU,ORG,ORG,1,
twenty four months,DATE,DATE,1,
"M Krishnamoorth
Sr",PERSON,PERSON,1,
"Training
",PERSON,PERSON,1,
IMTMA,PERSON,ORG,1,
"Preetham
Sr",PERSON,PERSON,1,
Digvij,PERSON,PERSON,1,
"Bangalore
Certificate No",WORK_OF_ART,WORK_OF_ART,1,
RAJARAJESWARI COLLEGE OF ENGINEERING BLORE,ORG,ORG,1,
"Article 12 Bond
Description MOUJ",LAW,LAW,1,
"First Party MS PONGU VENTURES CHENNAI
",ORG,ORG,1,
This Memorandum of Understanding (,WORK_OF_ART,WORK_OF_ART,1,
Building of an Innovation and Incubation Center in Colleg,WORK_OF_ART,WORK_OF_ART,1,
"January, 2019",DATE,DATE,1,
23-01-2019)at,DATE,(missed),1,
Stantp Certficate,ORG,ORG,1,
Certrficate,ORG,ORG,1,
Pvt Ltd,ORG,ORG,1,
Pallikaranai,GPE,GPE,1,
Chennaioooo,GPE,GPE,1,
Tva,ORG,ORG,1,
RajaRajeswari College of Engineering(RRCE,ORG,ORG,1,
"the""Second",TIME,TIME,1,
B. Pongu Ventures,ORG,ORG,1,
SSS-Start,ORG,ORG,1,
Scratch Program,ORG,ORG,1,
Pre-Startup Services,ORG,ORG,1,
"RajaRajeswari Engineering
College",ORG,ORG,1,
Campus Pre-Incubation,PERSON,PERSON,1,
E. This MOU,ORG,ORG,1,
Allocate Space for Incubation,WORK_OF_ART,WORK_OF_ART,1,
Incub,NORP,NORP,1,
Proto- c. Access to Lab Facilities,ORG,ORG,1,
Programmes,ORG,ORG,1,
Innovation,LAW,LAW,1,
2.Responsibilities,CARDINAL,CARDINAL,1,
Innovators,NORP,NORP,1,
tomorrow,DATE,DATE,1,
"Design Thinking, Creative Thinking",ORG,ORG,1,
Regarding Innovation,WORK_OF_ART,WORK_OF_ART,1,
the College Incubation,ORG,ORG,1,
"Cutl 3
Management",PERSON,PERSON,1,
the Top Management,ORG,ORG,1,
Cognitive,NORP,NORP,1,
between50,DATE,DATE,1,
100 hours,TIME,TIME,1,
Design Thinking,ORG,ORG,1,
20 - 40,CARDINAL,CARDINAL,1,
10 - 20,CARDINAL,CARDINAL,1,
Minimum 2,PERSON,PERSON,1,
a Startup Business,WORK_OF_ART,WORK_OF_ART,1,
"Rs 35,000",MONEY,(missed),1,
GST per month for1year,DATE,DATE,1,
31stJanuary 2020,DATE,DATE,1,
"AVijay Qut 4
",PERSON,PERSON,1,
G. Vinoth,PERSON,PERSON,1,
S'Vijayanand,PERSON,PERSON,1,
M/S. PonguVentures Pvt.Ltd,ORG,ORG,1,
"Rajarajeswari CollegeofEngineeing
Chennai-600",PERSON,PERSON,1,
Startup Business Analysis & Reports,ORG,ORG,1,
Discovery,PRODUCT,PRODUCT,1,
Idea Validation / Proof of Concept a5),ORG,ORG,1,
Model Canvas,PERSON,PERSON,1,
Setting Milestone & Creating Initial Traction for Startup,ORG,ORG,1,
"Teaser Deck
Ar",PERSON,PERSON,1,
CF,ORG,ORG,1,
Greenfield,PERSON,PERSON,1,
Pitch Deck b8,PERSON,PERSON,1,
12 83,DATE,DATE,1,
Fuzzy Front End of Innovation,ORG,ORG,1,
Innovation Management c3) Design Thinking,ORG,ORG,1,
Lean Startup,ORG,ORG,1,
Frugal Startup,PERSON,PERSON,1,
FundingModel,ORG,ORG,1,
Shared Economy & 21st,ORG,ORG,1,
Entrepreneurship,EVENT,EVENT,1,
Business Modeling,ORG,ORG,1,
Pitch,PERSON,PERSON,1,
13 84,CARDINAL,CARDINAL,1,
Workshop / Seminar Series,EVENT,EVENT,1,
Digital Marketing,ORG,ORG,1,
Self Motivated d8,PERSON,PERSON,1,
6P How toSell,ORG,ORG,1,
Tech Products/Services,ORG,ORG,1,
Etiquette,PERSON,PERSON,1,
3D Printing d12,PRODUCT,PRODUCT,1,
Avijatt,PERSON,PERSON,1,
Annexure A & B,ORG,ORG,1,
Student Startup Business Creation,ORG,ORG,1,
the Innovation Clubthrough,ORG,ORG,1,
4th year Students,DATE,DATE,1,
"Rs. 12,000per",MONEY,(missed),1,
Annexure A & B.,ORG,ORG,1,
Workshop,ORG,ORG,1,
"Host
Institution",ORG,ORG,1,
Airport,EVENT,PERSON,1,
StartupCreation Meetings,ORG,ORG,1,
Seminars,ORG,ORG,1,
3 hours,TIME,TIME,1,
Bvijau Culk,ORG,ORG,1,
15 86,DATE,DATE,1,
allocate3000 Sqft,PERSON,PERSON,1,
"10,000Sq",CARDINAL,CARDINAL,1,
Team,ORG,ORG,1,
Qull,PERSON,PERSON,1,
16 87,DATE,DATE,1,
"Annexure F
Program",PRODUCT,PRODUCT,1,
first 3 Months,DATE,DATE,1,
Feb 5th2019morning,PERSON,PERSON,1,
"Rajarajeswari College of Engineering
Meeting",ORG,ORG,1,
3rdyear,CARDINAL,CARDINAL,1,
2019 afternoon,TIME,TIME,1,
Feb 6th2019 Afternoon,PERSON,PERSON,1,
"ACS College of Engineering
Meeting",ORG,ORG,1,
forACS,PERSON,PERSON,1,
3 3,CARDINAL,CARDINAL,1,
"Problem
Statement",PERSON,PERSON,1,
b)3,ORG,ORG,1,
"Idea Generation through March5th 2019Afternoon
Creative and Cognitive Thinking",WORK_OF_ART,WORK_OF_ART,1,
Management and Faculty of RR,ORG,ORG,1,
1 PM,TIME,TIME,1,
Creative Thinking,ORG,ORG,1,
"Mar 7th2019
College",PERSON,PERSON,1,
2TMd month,DATE,DATE,1,
2d2019Morning,CARDINAL,CARDINAL,1,
2d month,DATE,DATE,1,
Problem Apr,PERSON,PERSON,1,
ACS College,ORG,ORG,1,
Pongu Ventures,ORG,ORG,1,
4th2019Afternoon,CARDINAL,CARDINAL,1,
3 Month Program,DATE,DATE,1,
9 months,DURATION,(missed),1,
April end 2019,DATE,DATE,1,
89,CARDINAL,CARDINAL,1,
Janway,PERSON,PERSON,1,
"Annexure F
Program Schedule",PRODUCT,PRODUCT,1,
first 4 Months,DATE,DATE,1,
Prineipal,PERSON,PERSON,1,
Leb,PERSON,PERSON,1,
1 2019,DATE,DATE,1,
"Morng
ACS College of Engineering",ORG,ORG,1,
3 year,DURATION,DATE,1,
selectinginnovators &,ORG,ORG,1,
"1"" month",DATE,DATE,1,
Teara Mar,PERSON,PERSON,1,
12th 2019,DATE,DATE,1,
Cognitive Thinking,ORG,ORG,1,
Idea Generatton,WORK_OF_ART,WORK_OF_ART,1,
13h,DATE,DATE,1,
"Management and Faculty of ACS
",ORG,ORG,1,
2 month,DURATION,DATE,1,
17th 2019,DATE,DATE,1,
Afternoon,TIME,TIME,1,
ACS College Ideas,ORG,ORG,1,
Po,GPE,GPE,1,
AC'S College,ORG,ORG,1,
18 2019,DATE,DATE,1,
Afternoon Pongu Ventures,ORG,ORG,1,
May 8th 2019,DATE,DATE,1,
May 9th 2019,DATE,DATE,1,
May 10th 2019,DATE,DATE,1,
10 11,DATE,DATE,1,
8 months,DURATION,(missed),1,
May end 2019,DATE,DATE,1,
Seminar on Business Model Canvassing,WORK_OF_ART,WORK_OF_ART,1,
U NDERSTANDI NG,ORG,ORG,1,
Kottagarahalli,PERSON,PERSON,1,
magadi taluk ramnagar district,PERSON,PERSON,1,
Partner / Second Party,WORK_OF_ART,WORK_OF_ART,1,
"/ Mentorship / Real-time Projects /
Placement",EVENT,EVENT,1,
SelectSrnart Platform,PRODUCT,PRODUCT,1,
Jlt*Ll,PERSON,PERSON,1,
Herernafter,PERSON,PERSON,1,
"Uct ms suc
AS",ORG,ORG,1,
ps,ORG,ORG,1,
CS,ORG,ORG,1,
TSERT,ORG,ORG,1,
cts,ORG,ORG,1,
VC,PRODUCT,PRODUCT,1,
Society for Education Res,ORG,ORG,1,
Authorlzed Signatory,ORG,ORG,1,
LElss,ORG,ORG,1,
"I*ul*,r",PERSON,PERSON,1,
11:56 AM,TIME,TIME,1,
kaksfcl08/ KENGERI1/,FAC,FAC,1,
"Article 12 Bond
Description : MOU
Consideration Price (Rs",LAW,LAW,1,
First Party M D GÉNERIS TECHNOLOGIES PVT LTD BANGALORE,ORG,ORG,1,
Memorandumof Understanding,ORG,ORG,1,
Thi,PERSON,PERSON,1,
"Internships, Mentorship, Placements",WORK_OF_ART,WORK_OF_ART,1,
Project Opportunities,ORG,ORG,1,
"this 05th day of March, 2019",DATE,DATE,1,
Intorm the Competent Authority,ORG,ORG,1,
Moogambigai Charitable & Educational Trust,ORG,ORG,1,
RajaRajeswari Medical College & Hospital,ORG,ORG,1,
202,MONEY,MONEY,1,
Mysuru,GPE,GPE,1,
4881st Cross Road,ORG,ORG,1,
Mentorships,ORG,ORG,1,
Placement Recruitment and College Projects,ORG,ORG,1,
Hosted Model,PERSON,PERSON,1,
HostedSolution,PERSON,PERSON,1,
AWS S3,ORG,ORG,1,
Commercial Model,PERSON,PERSON,1,
Model Description,PERSON,PERSON,1,
Rs. 2000/-,MONEY,(missed),1,
K.Kam,GPE,GPE,1,
95,CARDINAL,CARDINAL,1,
Cheque,NORP,NORP,1,
Generis Technologies Private Limited,WORK_OF_ART,WORK_OF_ART,1,
CTDS (Center for Test and Data,ORG,ORG,1,
15working days,DATE,DATE,1,
year 2019,DATE,DATE,1,
1.Kamm 4,CARDINAL,CARDINAL,1,
96,CARDINAL,CARDINAL,1,
5.4Hardware,CARDINAL,CARDINAL,1,
5.4.1,CARDINAL,CARDINAL,1,
SQL Database,FAC,FAC,1,
File Stack,ORG,ORG,1,
October 2018,DATE,DATE,1,
THREE years,DATE,DATE,1,
Vendor,ORG,ORG,1,
Non-Disclosure Agreements,ORG,ORG,1,
Governing Law/ Arbitration,ORG,ORG,1,
The Agreement,WORK_OF_ART,WORK_OF_ART,1,
9.Non-Solicitation,ORG,ORG,1,
last six months,DATE,DATE,1,
Governmental,GPE,GPE,1,
Scanned,ORG,ORG,1,
66,CARDINAL,CARDINAL,1,
the day and,DATE,DATE,1,
Technologies Pvt Ltd,ORG,ORG,1,
Name KALYANAM KANNON,GPE,GPE,1,
05/02/19,DATE,(missed),1,
CamScanner100,ORG,ORG,1,
proJects,ORG,ORG,1,
"Projects /
Placernent",ORG,ORG,1,
Visits / Otht,ORG,ORG,1,
SelectSmart Platform,ORG,ORG,1,
institution{s,ORG,ORG,1,
student(s) &,ORG,ORG,1,
Kaiyanam Kannan,PERSON,PERSON,1,
International Society for Education Res,ORG,ORG,1,
Authorized Signatory with Name,WORK_OF_ART,WORK_OF_ART,1,
Designatron,PERSON,PERSON,1,
488,CARDINAL,CARDINAL,1,
lsERT /,ORG,ORG,1,
Selectsmart,PERSON,PERSON,1,
/ Mentorship / Real,EVENT,EVENT,1,
lsERTandthepartnerhavejointlysignedthisagreementon,PERSON,PERSON,1,
"Authorized Signatory with Name,",WORK_OF_ART,WORK_OF_ART,1,
ForPartner,ORG,ORG,1,
Kariyappanadoddi,NORP,NORP,1,
hobli ramanagara taluk,PERSON,PERSON,1,
"Kunrbalgodu, Mysore Road",ORG,ORG,1,
302,MONEY,MONEY,1,
Riches,ORG,ORG,1,
"Society for Education Research & Techrrology
Authorized Signatory with Name",ORG,ORG,1,
ffil,ORG,ORG,1,
s,ORG,ORG,1,
NDENSTANDIN6,PRODUCT,PRODUCT,1,
Eduqalion Research and Technology,ORG,ORG,1,
First Party'',ORG,ORG,1,
Rajaraieswari Group,ORG,ORG,1,
Rajaraieswari College of Engineering,ORG,ORG,1,
Kunrbalgotiu,GPE,GPE,1,
ACS College of Engineering',ORG,ORG,1,
11207,DATE,DATE,1,
Mysore Roaci,PERSON,PERSON,1,
48,MONEY,CARDINAL,1,
4th Cross Rd,ORG,ORG,1,
Naagarabhaavi,GPE,GPE,1,
15[RT,CARDINAL,CARDINAL,1,
Providers,ORG,ORG,1,
rnslitution$,PRODUCT,PRODUCT,1,
tomnrtrcia,PERSON,PERSON,1,
0ther,CARDINAL,CARDINAL,1,
"c0mpanY
&",ORG,ORG,1,
stu dent(s,PERSON,PERSON,1,
aErees,ORG,ORG,1,
"Prcgi""arr",PERSON,PERSON,1,
"r$,\r",ORG,ORG,1,
Authorized Signatnry,PERSON,PERSON,1,
ndiliorr-,PERSON,PERSON,1,
thr Pertnef,PERSON,PERSON,1,
"al
Ba^t(^F(-oRF",PERSON,PERSON,1,
"t.'ri::r',iy '",ORG,ORG,1,
"111,,::to'O",CARDINAL,CARDINAL,1,
27,CARDINAL,CARDINAL,1,
12:22 PM,TIME,TIME,1,
"Article 12 Bond
Description : AGREEMENT
Consideration Price (Rs",LAW,LAW,1,
Second Party First Party Stamp Duty Amount(Rs,ORG,ORG,1,
THIS AMENDMENT TO FACILITIES AGREEMENT,EVENT,EVENT,1,
AmendmentNo,PERSON,PERSON,1,
1 date,DATE,DATE,1,
this 14th day of October 2020,DATE,DATE,1,
Ofice RR Mdical College,ORG,ORG,1,
ARNATAKA GOVERN KARNATAKA GOVER,PERSON,PERSON,1,
105,CARDINAL,CARDINAL,1,
Tata Consultancy Services Limited,ORG,ORG,1,
July 2020,DATE,DATE,1,
this Amendment 1.2,WORK_OF_ART,WORK_OF_ART,1,
2 Months,DATE,DATE,1,
One Hundred and Fifty,CARDINAL,CARDINAL,1,
150 days,DURATION,DATE,1,
LISP,ORG,ORG,1,
the Termination Charges,ORG,ORG,1,
Road 106 Insure,ORG,ORG,1,
Equipment,ORG,ORG,1,
the month of August,DATE,DATE,1,
2 months)instead,DURATION,(missed),1,
49 – 63 Months,WORK_OF_ART,WORK_OF_ART,1,
Il s s s,PERSON,PERSON,1,
Moogambigai Charitable For,ORG,ORG,1,
"Venguswamy Ramaswamy
Dateidmin WitnessedBy",PERSON,PERSON,1,
Hysore Road Date,EVENT,EVENT,1,
01:12 PM,TIME,TIME,1,
SOCIETY LTD,ORG,ORG,1,
Tal.:BANGALORE,PERSON,PERSON,1,
14th day of,DATE,DATE,1,
29 day,DURATION,(missed),1,
Moogambigai Charitable and,ORG,ORG,1,
Educational Trust,ORG,ORG,1,
Moogan Admin V College,PERSON,PERSON,1,
"Mysore Road
Tata Consultancy Services Limited",ORG,ORG,1,
"Companies Act, 1956and",LAW,(missed),1,
02 July 2020and Amendment,DATE,DATE,1,
5 Year 11 Months,DATE,DATE,1,
the period of 1st,DATE,DATE,1,
May 2021,DATE,DATE,1,
31st July 2021,DATE,DATE,1,
Moogambige Educational Trust,ORG,ORG,1,
Rcad 109,PRODUCT,PRODUCT,1,
49-71(65+6,DATE,DATE,1,
49-65Months,CARDINAL,CARDINAL,1,
3.1 This Amendment,TIME,TIME,1,
this Facilities Agreement,LAW,LAW,1,
this date,DATE,DATE,1,
year first,DATE,DATE,1,
Mooambigal Charitable and,ORG,ORG,1,
Drs Vuayanand Medical College Campus Name,ORG,ORG,1,
Venguswamy Ramaswamy,PERSON,PERSON,1,
Apps MGmail YouTube Maps Reading,ORG,ORG,1,
COE Institution Profile FDP Nomination Feedback Rajarajeswari College Of Engineering,ORG,ORG,1,
Bangalore Rajarajeswari College Of Engineering,ORG,ORG,1,
Bangalore Renew,PERSON,PERSON,1,
Bangalore ICT Academy,ORG,ORG,1,
Allocated,PERSON,PERSON,1,
08028437375,DATE,DATE,1,
Next Renewal Date Period,ORG,ORG,1,
29 Oct 2022,DATE,DATE,1,
295 days,DURATION,DATE,1,
Updote Current Membership Status,WORK_OF_ART,WORK_OF_ART,1,
Period Seats,ORG,ORG,1,
Apps M Gmail YouTube Maps Reading,ORG,ORG,1,
CCE Institution Profile FDP Nomination Feedback Engineering,ORG,ORG,1,
"Bangalore Rajarajeswari College Of Center of Excellence
S.No List",ORG,ORG,1,
the Center of Excellence,ORG,ORG,1,
"Renewal Date Status
EMC Data Science COAE
",ORG,ORG,1,
Oracle Academy Membership,ORG,ORG,1,
Automation Academy,ORG,ORG,1,
MEMORANDUMOF,ORG,ORG,1,
26/04/2018,DATE,(missed),1,
"Ramohallicross, Kumbalgodu",ORG,ORG,1,
Hassan-573201and,GPE,GPE,1,
SRIKANTAIAH,PERSON,PERSON,1,
PARAMESHCHARI,PERSON,PERSON,1,
BoardofDirectors,ORG,ORG,1,
Research,ORG,ORG,1,
113,CARDINAL,CARDINAL,1,
Rajarajeswari College of Engineering & LOGINWARE SOFTTEC PVT. LTD,ORG,ORG,1,
Department of ElectricalAnd Electronics Engineering,ORG,ORG,1,
"Rajarajeswari Collegeof
Engineering",PERSON,PERSON,1,
114,CARDINAL,CARDINAL,1,
Matlab,PERSON,PERSON,1,
Controller,ORG,ORG,1,
Department of Electrical,ORG,ORG,1,
LOGINWARE,NORP,NORP,1,
115,CARDINAL,CARDINAL,1,
RIASC,ORG,ORG,1,
LoginWBafT Softtec Pvt,PERSON,PERSON,1,
800,CARDINAL,CARDINAL,1,
PARAMESHCHARI Dept,PERSON,PERSON,1,
Robotics,PERSON,PERSON,1,
Matlab,ORG,PERSON,1,
Pcb,ORG,ORG,1,
"Department of Electrical
And Electronics Engineering",ORG,ORG,1,
Rajarajeswari College of Engineeringfor,ORG,ORG,1,
"Visveswaraya Technological
University",ORG,ORG,1,
LOGINWARE SOFTTEC PVT,ORG,ORG,1,
TLuy Ramohalli Cross,ORG,ORG,1,
"HOD
Electrical and Electronics Engineering",ORG,ORG,1,
MR,GPE,GPE,1,
DIRECTOR Professor & HOD,ORG,ORG,1,
Softtec,NORP,NORP,1,
Rajarajeswari College Of Engineering Bengaluru,ORG,ORG,1,
DEPARTMENT OF PHYSICS,ORG,ORG,1,
KERALA,ORG,ORG,1,
this 7th day of March 2016,DATE,DATE,1,
RajaRajeswari Group of Institutions,ORG,ORG,1,
"Visvesvaraya
Technological University",ORG,ORG,1,
Post Graduate College,ORG,ORG,1,
Edat,ORG,ORG,1,
Kunhimangalam Panchayat,PERSON,PERSON,1,
the Kannur University,ORG,ORG,1,
fifty four years ago,DATE,DATE,1,
S. Sivaramakrishna Iyer,PERSON,PERSON,1,
the 15th of July 1965,DATE,DATE,1,
The Payyanur Educational Society,ORG,ORG,1,
over two thousand,CARDINAL,CARDINAL,1,
the Collaboration All Confidential Information,ORG,ORG,1,
India & Thailand,ORG,ORG,1,
Brand Materials,WORK_OF_ART,WORK_OF_ART,1,
the Brand Materials,ORG,ORG,1,
Brand Materials,ORG,WORK_OF_ART,1,
"RRCE
Research Centre",ORG,ORG,1,
"Ph.D. Associate Professor
Bangalore-",WORK_OF_ART,WORK_OF_ART,1,
074,PRODUCT,CARDINAL,1,
IND Rajarajeswari College of Engineering Department of Physics Name,ORG,ORG,1,
CHEMISTRY PAYYANUR COLLEGE,ORG,ORG,1,
327,CARDINAL,MONEY,1,
June 2018,DATE,DATE,1,
RajarajeshwariCollege of Engineering,ORG,ORG,1,
Intel TechnologyIndia Private Limited,ORG,ORG,1,
23-56P,CARDINAL,CARDINAL,1,
"Sector 56,Gurgaon",PERSON,PERSON,1,
anIntel,ORG,ORG,1,
General Understandingregarding,ORG,ORG,1,
MoUshall,ORG,ORG,1,
SP S,ORG,ORG,1,
1stJune 2018,DATE,DATE,1,
RegisteredOffice,ORG,ORG,1,
Gurgaon,GPE,GPE,1,
Haryana - 122011,ORG,ORG,1,
SPM MI II,ORG,ORG,1,
Dinecton FILE,FAC,FAC,1,
this day,DATE,DATE,1,
12/03/2018between,CARDINAL,CARDINAL,1,
byDr,PERSON,PERSON,1,
"Arunachalam
M",PERSON,PERSON,1,
HOD-EEE-RRCE(Which,ORG,ORG,1,
723,CARDINAL,CARDINAL,1,
1stFloor,CARDINAL,CARDINAL,1,
Lakshmi Narayana Complex,ORG,ORG,1,
Basaveshwar Nagar 2nd Stage,ORG,ORG,1,
560086,DATE,DATE,1,
Engineers,ORG,ORG,1,
Asia,LOC,LOC,1,
enquiry@rrce,ORG,ORG,1,
136,CARDINAL,CARDINAL,1,
Rajarajeswari College Of Engineering & PROLIFIC,ORG,ORG,1,
Andwhereas,PRODUCT,PRODUCT,1,
Memorandum,PERSON,PERSON,1,
tCo Et E E,WORK_OF_ART,WORK_OF_ART,1,
137,CARDINAL,CARDINAL,1,
PROLIFIC and Department Of Electrical And Electronics Engineering,ORG,ORG,1,
Rajarajeswari College Of Engineeringhereby,ORG,ORG,1,
"138
RajaRajeswari College of Engineering",ORG,ORG,1,
"Rajarajeswari College Of Engineering
",ORG,ORG,1,
R.,NORP,NORP,1,
139,CARDINAL,CARDINAL,1,
MEMORANDUM OF UNDERSTANDING(DT12.03.2018,ORG,ORG,1,
Drivesand Robotics,ORG,ORG,1,
140,CARDINAL,CARDINAL,1,
"PROLIFIC SYSTEMS
& HOD Electrical and Electronics Engineering
TECHNOLOGIES PVT LTD",ORG,ORG,1,
Rajarajeswari College Of Engineerir,ORG,ORG,1,
R. ANANTHARAMAN&,ORG,ORG,1,
Ramchalli Cross,ORG,ORG,1,
141,CARDINAL,CARDINAL,1,
UC Berkeley -IAG & FICE,ORG,ORG,1,
November 2018,DATE,DATE,1,
UC Berkeley-IAG & FICE Education Private Limited,ORG,ORG,1,
Bangalore,ORG,PERSON,1,
207,MONEY,MONEY,1,
University of California Berkeley's Innovation Acceleration Group,ORG,ORG,1,
India Smart City Micro Accelerator Program,ORG,ORG,1,
IAG Advisory Board,ORG,ORG,1,
Train the Trainer academy,ORG,ORG,1,
April 2019,DATE,DATE,1,
7-week,DATE,DATE,1,
Phase 1,LAW,LAW,1,
the Micro Accelerator,ORG,ORG,1,
Micro Accelerator,ORG,ORG,1,
3-day,DATE,DATE,1,
UC Berkeley,ORG,ORG,1,
"INR 1,500,000",MONEY,ORG,1,
Fifteen,CARDINAL,CARDINAL,1,
"INR13,00,000",MONEY,(missed),1,
Thirteen,CARDINAL,CARDINAL,1,
2A,CARDINAL,CARDINAL,1,
2B,CARDINAL,CARDINAL,1,
the Micro Accelerators,ORG,ORG,1,
Third,ORDINAL,ORDINAL,1,
the Third Party Intellectual Property,ORG,ORG,1,
Third Party Intellectual Property,ORG,ORG,1,
theProgram,ORG,ORG,1,
5.Trademarks,CARDINAL,CARDINAL,1,
Marks,ORG,PERSON,1,
"the ""UC Marks",EVENT,EVENT,1,
an Affiliation Agreement between,LAW,LAW,1,
the UC Marks,FAC,FAC,1,
UC Berkeley's Office of Marketing & Business Outreach,ORG,ORG,1,
"Recording
Institute",ORG,ORG,1,
"Non-Solicitation
Institute",ORG,ORG,1,
Institute Institute,ORG,ORG,1,
B. Institute,ORG,ORG,1,
4175 1855,DATE,DATE,1,
India Post,ORG,ORG,1,
17.Amendment,CARDINAL,CARDINAL,1,
the State of Karnataka,GPE,GPE,1,
"Independent Contractor Status
Institute",ORG,ORG,1,
Elizabeth Saunders,PERSON,PERSON,1,
S Vijayanand,PERSON,PERSON,1,
862,MONEY,MONEY,1,
80 feet,QUANTITY,QUANTITY,1,
8th,CARDINAL,ORDINAL,1,
Block,GPE,GPE,1,
FICE Education Pvt,ORG,ORG,1,
560095,CARDINAL,CARDINAL,1,
RAJARAJESWARI Princiba,ORG,ORG,1,
Accredited NBA ISO,ORG,ORG,1,
147,CARDINAL,CARDINAL,1,
Rajarajeswari College Of Engineering &EAGLESTONE ELECTRICALS,ORG,ORG,1,
EAGLESTONEELECTRICALS,ORG,ORG,1,
Likewise EAGLESTONE ELECTRICALS,ORG,ORG,1,
EAGLESTONE ELECTRICALS and,ORG,ORG,1,
"Electronios Engineering
Dept",PRODUCT,PRODUCT,1,
Electrical & Electronics Enge,ORG,ORG,1,
Nagarabhavi 2nd Stage,WORK_OF_ART,WORK_OF_ART,1,
"EAGLESTONE
ELECTRICALS",ORG,ORG,1,
F.K. Layout,PERSON,PERSON,1,
Papareddype ya,PERSON,PERSON,1,
"Rajarajeswari
Nagürabhavi 2nd Stage",ORG,ORG,1,
151,CARDINAL,CARDINAL,1,
HOD-EEERRCE(Which,ORG,ORG,1,
145,CARDINAL,MONEY,1,
Bengaluru-560060,GPE,GPE,1,
PUTTARUDRAIAH,PERSON,PERSON,1,
S.MELECTRICALS,GPE,GPE,1,
Rajarajeswari College Of Engineering & S.M ELECTRICALS,ORG,ORG,1,
152,CARDINAL,CARDINAL,1,
ELECTRICALS and,ORG,ORG,1,
"Department Of ElectricalAnd Electronics
Engineering",ORG,ORG,1,
Rajarajeswari CollegeOf Engineering,ORG,ORG,1,
RajarajeswariCollege Of EngineeringTo,ORG,ORG,1,
Electrical and Electronics,ORG,ORG,1,
Rajarajeswari College Of Engineering jy,ORG,ORG,1,
Professor & HOD,ORG,ORG,1,
155,CARDINAL,CARDINAL,1,
ELECTRICALS Electrical and Electronics Engineering,ORG,ORG,1,
156,CARDINAL,CARDINAL,1,
International Society for Education Research and Technology,ORG,ORG,1,
lVysore Road,GPE,GPE,1,
% APS Trust Building,ORG,ORG,1,
BullTemple Road,ORG,ORG,1,
Partner / Second Party'',WORK_OF_ART,WORK_OF_ART,1,
Deslgnation,GPE,GPE,1,
Flrst Party,ORG,ORG,1,
Identify,ORG,ORG,1,
"/ Mentorship / Real-time Projects /
Placement / Industry Visits / Other",EVENT,EVENT,1,
SelectSmart Platform,PERSON,ORG,1,
Kalyanam Kannan,ORG,ORG,1,
"ShreeKrish InnovationsR & D Lab
",ORG,ORG,1,
"Professional Jobs
Academic and Research Projects",ORG,ORG,1,
Web Technologies,ORG,ORG,1,
Android Apps,PERSON,PERSON,1,
the year 2017,DATE,DATE,1,
Cloud Computing,PERSON,PERSON,1,
Big Data Analytics,ORG,ORG,1,
No.2,CARDINAL,CARDINAL,1,
1st,DATE,ORDINAL,1,
Geethanjali Store,PERSON,PERSON,1,
K. S. Town,PERSON,PERSON,1,
Ph:080-28488990,DATE,DATE,1,
158,CARDINAL,CARDINAL,1,
Accreditedwith NBA,PERSON,PERSON,1,
the past 12Years,DATE,DATE,1,
"ITand Professional Jobs
Academic and Research Project Guidance
Consultancy Service",ORG,ORG,1,
"Student Internship,",ORG,ORG,1,
Workshop for Students,ORG,ORG,1,
"the Practicing Engineers, Scientists, Research",ORG,ORG,1,
Professional Jobs b.Academic and Research Project Projects f.Consultancy,ORG,ORG,1,
EFFECTIVE,ORG,ORG,1,
a period of3,DATE,DATE,1,
Email Ids,PERSON,PERSON,1,
"Professional Jobs
Academic Project Guidance
Consultancy Service",ORG,ORG,1,
RRCE& ShreeKrish Innovations R & D Lab,ORG,ORG,1,
DATEAND,NORP,NORP,1,
02-01-2018,DATE,DATE,1,
31-12-2020,DATE,(missed),1,
Party A,ORG,ORG,1,
"Shreekrish Innovations R & D Lab
Prad 1",ORG,ORG,1,
Date 211118 Date 211118,WORK_OF_ART,WORK_OF_ART,1,
RAJA RAJESHWARI COLLEGE OF ENGINEERING,ORG,ORG,1,
GAIN VOUREXPERIENCE,PERSON,PERSON,1,
Rs.20,MONEY,(missed),1,
NONACC,PERSON,PERSON,1,
JAYANAGAR7/KA-BA 1-1-Nov-2020.02:30 PM,ORG,ORG,1,
ENGI RAJARAJESHWARI COLLEGE OF ENGINEERING BENGALURU RAJARAJESHWARICOL RAJARAJE RAJARAJESHWARI COLLEGEOFÀ RAJARAJESHWARICOLLEGE OF ENGINEERIN RAJARA RAJARA RAJARA RAIARAIESHWABICOLLEGE OF ENGINEERING BENGALURU,ORG,ORG,1,
ENG GE OF EN GF,ORG,ORG,1,
ENGINEERINGIBENGALURU,ORG,ORG,1,
Twenty,CARDINAL,CARDINAL,1,
GE OT EN ENGINE Authorlsod,ORG,ORG,1,
12.112023,CARDINAL,CARDINAL,1,
NMKRV Women's College,ORG,ORG,1,
560011,DATE,DATE,1,
177/1,MONEY,MONEY,1,
"B Main Road, Above Me",WORK_OF_ART,WORK_OF_ART,1,
al www,PERSON,PERSON,1,
Certiicate,PRODUCT,PRODUCT,1,
Practical Trainings,ORG,ORG,1,
5.,CARDINAL,CARDINAL,1,
Secondparty,ORG,ORG,1,
13.11.2020 to 12.11.2023,CARDINAL,CARDINAL,1,
580N,CARDINAL,CARDINAL,1,
Chandrashekar Ramohalli Cross,PERSON,PERSON,1,
3rd Block,ORG,ORG,1,
Bengaluru - 560011 Construction Management Training Institute,ORG,ORG,1,
SG Ashokkumar CONSRUC,ORG,ORG,1,
Raja Rajeshwari College of Englneering,ORG,ORG,1,
OD Department,ORG,ORG,1,
K.R.NAGAR,GPE,GPE,1,
KOVILPATTI-628503,PERSON,PERSON,1,
Ministry of MSMF,ORG,ORG,1,
this date March 4 2020,DATE,DATE,1,
Entrepreneur,PERSON,PERSON,1,
Amutharaj,PERSON,PERSON,1,
A2Z Rental,PERSON,PERSON,1,
638,MONEY,MONEY,1,
First Floor,ORG,ORG,1,
Challagahatta Village,GPE,GPE,1,
Kumbalgodu Post,ORG,ORG,1,
Kengeri Hobli,PERSON,PERSON,1,
Bangalore - 560074,ORG,ORG,1,
Cofounder,LANGUAGE,LANGUAGE,1,
the first party,ORG,ORG,1,
1.OBJECTIVES,CARDINAL,CARDINAL,1,
Incubatees,ORG,ORG,1,
March 4th,DATE,DATE,1,
fromMarch 4th 2020,DATE,DATE,1,
March 4th 2022,DATE,DATE,1,
Project Managers,ORG,ORG,1,
Technology Management Professionals,ORG,ORG,1,
MINIMUMVIABLE PRODUCT(MVP,PERSON,PERSON,1,
Startupathon,WORK_OF_ART,WORK_OF_ART,1,
"Rs.88,000/-",MONEY,(missed),1,
Eighty Eight Thousand,CARDINAL,CARDINAL,1,
Domain,GPE,GPE,1,
for1year,DATE,DATE,1,
"Rs 20,000",MONEY,(missed),1,
Software TechnologyProduct Development,ORG,ORG,1,
Flyers,PERSON,PERSON,1,
Logo,PERSON,PERSON,1,
"Rs 3,000",MONEY,(missed),1,
Data Collection,ORG,ORG,1,
exceeding14%,PERCENT,PERCENT,1,
Pvt Itd Company,ORG,ORG,1,
"Rs 14,000",MONEY,(missed),1,
Startup Creation and Company,ORG,ORG,1,
"Rs 2,500",MONEY,(missed),1,
the Commencement of Pvt Ltd Business with Inc 20a,ORG,ORG,1,
Rs 1000,MONEY,(missed),1,
"Rs 1,800",MONEY,(missed),1,
Rs. 300,MONEY,(missed),1,
each month,DATE,DATE,1,
Stipend,ORG,ORG,1,
NEC-B1,ORG,ORG,1,
100th,ORDINAL,ORDINAL,1,
Rs 1,MONEY,(missed),1,
Rs 2,MONEY,(missed),1,
Startupathon,ORG,WORK_OF_ART,1,
the MVP Fund,ORG,ORG,1,
Co-Founders,ORG,ORG,1,
NECBI,PERSON,PERSON,1,
theIncubatee,ORG,ORG,1,
the NEC Business Incubator,ORG,ORG,1,
the Indian Arbitration & Conciliation Act,ORG,ORG,1,
Kovilpatti,ORG,PERSON,1,
Tamilnadu,ORG,ORG,1,
this Incubation Agreement on the date,LAW,LAW,1,
Incubatee For & on,ORG,ORG,1,
J.Amutharaj Name,PERSON,PERSON,1,
"Dr.K.Kalidasa Murugavel
Designation Co Founder Designation",ORG,ORG,1,
"National Engineering
College",ORG,ORG,1,
tower6,PERSON,PERSON,1,
Peskige Bagmane,PERSON,PERSON,1,
RR Nagar,PERSON,PERSON,1,
"Chellogahatta Village
Kumbalagodu Post
",FAC,FAC,1,
5600 74,DATE,DATE,1,
Letter forCollaboration,WORK_OF_ART,WORK_OF_ART,1,
Industry/ Research Lab/ Analytical Lab,ORG,ORG,1,
the Collaborating Department Department of Studies,ORG,ORG,1,
"Manasagangotri, University of Mysore",ORG,ORG,1,
3 Name & Designation,ORG,ORG,1,
"S. KRISHNAVENI
",PERSON,PERSON,1,
"Address
Manasagangotri",ORG,ORG,1,
University of Mysore,ORG,ORG,1,
9844023568,DATE,DATE,1,
PHYSICS Dept,ORG,ORG,1,
K-FIST,ORG,ORG,1,
Programme Co-Ordinator,ORG,ORG,1,
28-10-2017,DATE,CARDINAL,1,
D.O.S.,ORG,ORG,1,
PHYSICS,ORG,ORG,1,
413,CARDINAL,CARDINAL,1,
2016,CARDINAL,DATE,1,
3rdcross,DATE,DATE,1,
Bangalore-560033,ORG,ORG,1,
560033,DATE,DATE,1,
wari College of Engineering,ORG,ORG,1,
2.RajaRajeswari,CARDINAL,CARDINAL,1,
170,CARDINAL,CARDINAL,1,
"Karnataka &
",ORG,ORG,1,
the Both RRCE & Technical Instrument,ORG,ORG,1,
1 Year,DATE,DATE,1,
9-11-2017,DATE,TIME,1,
171,CARDINAL,CARDINAL,1,
RRCE & Technilab Instrument,ORG,ORG,1,
1 1,CARDINAL,CARDINAL,1,
J. Ravi Kumar,PERSON,PERSON,1,
Seva Nagar,PERSON,PERSON,1,
Telefax,GPE,GPE,1,
080-25805029,CARDINAL,CARDINAL,1,
9845485964,DATE,DATE,1,
Banaswadi Main Road,ORG,WORK_OF_ART,1,
Bangalore - 560 033,ORG,ORG,1,
29580202423,CARDINAL,CARDINAL,1,
172,CARDINAL,CARDINAL,1,
Karnataka & SPOL,ORG,ORG,1,
MAL M MAD M,ORG,ORG,1,
Bengaluru–560074,ORG,ORG,1,
-1,ORG,ORG,1,
173,CARDINAL,CARDINAL,1,
"8.Student Internship
This MOU",PRODUCT,PRODUCT,1,
174,CARDINAL,CARDINAL,1,
RajaRajeswari College of Engineering Approved,ORG,ORG,1,
Technologies Pvt. Ltd,ORG,ORG,1,
"Strict
Confidentiality & Prevent",ORG,ORG,1,
18-09-2015,DATE,DATE,1,
17-09-2019,DATE,DATE,1,
175,CARDINAL,CARDINAL,1,
085,CARDINAL,CARDINAL,1,
Girinagar,PERSON,PERSON,1,
Party B] COLLEGE OF ENGINEERING RAJARAESWARTC,ORG,ORG,1,
Date Ramghalli Cross,ORG,ORG,1,
176,CARDINAL,CARDINAL,1,
5th C'Cross,ORG,ORG,1,
Road,GPE,ORG,1,
St.Claret College Road,ORG,ORG,1,
"Bengalure-560013
Department of Electronics and Communication Engineering",ORG,ORG,1,
C'Cross,PERSON,PERSON,1,
3td Main Road,FAC,FAC,1,
"St.Claret College Road, Sharadambanagar",ORG,ORG,1,
Department of Electronics and Communication Engineering,ORG,ORG,1,
177,CARDINAL,CARDINAL,1,
half/ full day,DATE,DATE,1,
16-09-2015,DATE,DATE,1,
15-09-2018,DATE,DATE,1,
Tele / Fax,ORG,ORG,1,
2345,DATE,DATE,1,
9389,DATE,DATE,1,
Gemni Electro Corporation,ORG,ORG,1,
1st,CARDINAL,ORDINAL,1,
C' Cross,ORG,ORG,1,
3rd Main Road,ORG,ORG,1,
Party A] h,ORG,ORG,1,
14-09-2015,DATE,DATE,1,
179,CARDINAL,CARDINAL,1,
KARNATAKA HYBRID MICRO,ORG,ORG,1,
"Electronies City
Bangalore",GPE,GPE,1,
Mysuru Rąad,PERSON,PERSON,1,
Karnataka Hybrid Miero Devices Ltd,ORG,ORG,1,
Electronics City,GPE,GPE,1,
Bangalore-560100,ORG,ORG,1,
I. PURPOSE &SCOPE,ORG,ORG,1,
Karnataka Hybrid Micro Devices Limited (KHMDL,ORG,ORG,1,
Hybrid Micro Circuits for,ORG,ORG,1,
County Health Rankings & Roadmaps,ORG,ORG,1,
byAllIndia Council for Technical Education,ORG,ORG,1,
RRCE & Karnataka Hybrid ·Micro Devices Ltd,ORG,ORG,1,
RRCE Students,ORG,ORG,1,
2 County Health Rankings & Roadmaps-A Healthier Nation,ORG,ORG,1,
RRCE & Kamataka Hybrid MicroDevices Ltd,ORG,ORG,1,
Strict Confidentiality& Prevent,ORG,ORG,1,
from26-06-2015,DATE,DATE,1,
to25-06-2018,PRODUCT,PRODUCT,1,
KamataarHridicoeyicHero Devices Ltd.,ORG,ORG,1,
"Chioer S.Raghavan
",PERSON,PERSON,1,
ChiefExecutiveOfficer,PERSON,PERSON,1,
1109,DATE,DATE,1,
4/410,CARDINAL,CARDINAL,1,
University of Technology,ORG,ORG,1,
Australia,GPE,GPE,1,
Post-Doctoral Research,ORG,ORG,1,
Faculty of information Technology (FEIT,ORG,ORG,1,
Post-Doctoral Research fellow University of Technology,ORG,ORG,1,
Sydney Australia Faculty,ORG,ORG,1,
International Research Collaboration & quality of Research,ORG,ORG,1,
University of Technology Sydney,ORG,ORG,1,
Australian & RRCE,ORG,ORG,1,
Computer Science & Electronics Engineering,ORG,ORG,1,
Undergraduate (BE)& Post Graduates,ORG,ORG,1,
Train Post Graduates & Faculty,ORG,ORG,1,
Conference/ Journal,ORG,ORG,1,
3.Ph,CARDINAL,CARDINAL,1,
Postdoc Guides,PERSON,PERSON,1,
Conferences/ Seminars & Sessionsduring,ORG,ORG,1,
Research or Industry,ORG,ORG,1,
"Projects
Collaborates",ORG,ORG,1,
the Departments of CSE,ORG,ORG,1,
ECE& MCA Department &,ORG,ORG,1,
"SPOL M MA ML MAL M UST
II",ORG,ORG,1,
22.06.2015,CARDINAL,CARDINAL,1,
Signatures,PERSON,PERSON,1,
25/6115,CARDINAL,CARDINAL,1,
M.S. Bhagyashekar,PERSON,PERSON,1,
Bangalore - 560 074 184,ORG,ORG,1,
Karnataka & Winglobal Tek,ORG,ORG,1,
185,CARDINAL,CARDINAL,1,
Affiliated toVisvesvaryaTechnological University,ORG,ORG,1,
SPOL M M ML M UST,ORG,ORG,1,
RRCE &Winglobal Tek,ORG,ORG,1,
Winglobal Tek,ORG,ORG,1,
187,CARDINAL,CARDINAL,1,
Karnataka & SPOL M M MI M,ORG,ORG,1,
from18-09-2015to18-09-2017,DATE,DATE,1,
Party A] K.Sateesh Balu,ORG,ORG,1,
m. n.Se eo,PERSON,PERSON,1,
KSATEESH BABU COLLEGE OF ENGINEERING,ORG,ORG,1,
"Karnataka &
Affiliated to",ORG,ORG,1,
"Institute for Research & Development India
Fla",ORG,ORG,1,
203,CARDINAL,CARDINAL,1,
Po Rasulgarh,PERSON,PERSON,1,
Odisha-751010,ORG,ORG,1,
"Institute for Research & Development India
Bhubuneswar",ORG,ORG,1,
RajaRajeswari Coliege of Engineering,ORG,ORG,1,
Mvsuru Road,PERSON,PERSON,1,
Kumbalagodn,PERSON,PERSON,1,
PURPOSE & SCOPE,ORG,ORG,1,
Research and Development India,ORG,ORG,1,
Scientific Association,ORG,ORG,1,
"Computer Science, Information Technology",ORG,ORG,1,
Departmemt Heads,PERSON,PERSON,1,
Spenenced Sottware Development Directors,ORG,ORG,1,
Laivecsity Postgraduate,ORG,ORG,1,
Techmology Students,ORG,ORG,1,
Intemational Conference Workshop FDPs Technical Seminars,ORG,ORG,1,
Kumibalgodu,GPE,GPE,1,
"Mysore Road
Bangalore",FAC,FAC,1,
"560 074
Ph",QUANTITY,QUANTITY,1,
HRD,ORG,ORG,1,
logo &,ORG,ORG,1,
60-80,DATE,DATE,1,
ISBN/ISSN,ORG,ORG,1,
IRD,ORG,ORG,1,
LCD,ORG,ORG,1,
RD India,ORG,ORG,1,
Rs. 4500,MONEY,(missed),1,
Rs 5500,MONEY,(missed),1,
2 %,PERCENT,PERCENT,1,
VisvesvaryaTechnological University,ORG,ORG,1,
25.06.2015,CARDINAL,CARDINAL,1,
24.06.2016,CARDINAL,CARDINAL,1,
Halliae Nldee,PERSON,PERSON,1,
Malla,PERSON,PERSON,1,
M. S. Bhagyashekar,PERSON,PERSON,1,
Checenmon,PERSON,PERSON,1,
25.06.15,CARDINAL,CARDINAL,1,
Poreach A. Deoit,PERSON,PERSON,1,
Rameh COLLECEC,PERSON,PERSON,1,
Ramonalli Cross,PERSON,PERSON,1,
"Kumbalgodu, Mvsore Road
Ph:080.65666769/28437124/28437375",ORG,ORG,1,
Fax:080-28437373,PRODUCT,PRODUCT,1,
RajaRajeswari College of Engineering NBA,ORG,ORG,1,
SponSored,ORG,ORG,1,
RRCE & Institute for Research & Development,ORG,ORG,1,
VIL,ORG,ORG,1,
Kcemore Mallcee,PERSON,PERSON,1,
Party A] Chairman 203,ORG,ORG,1,
Palusumi,PERSON,PERSON,1,
Halliae,PERSON,PERSON,1,
"Mysora Road
Bengaluru-560.074",PERSON,PERSON,1,
Ph:080-28437124/26437375,DATE,DATE,1,
2020-21,DATE,DATE,1,
31/03/21,DATE,CARDINAL,1,
Arshiya K,PERSON,PERSON,1,
"ML
Bharath C S
Air",ORG,ORG,1,
"Chethan N
",ORG,ORG,1,
"Gaganarpitha V
Stock",ORG,ORG,1,
Nayana,ORG,ORG,1,
"Mining
Tracking And Worker
Safety",ORG,ORG,1,
Sirish,NORP,NORP,1,
RASPBERRY PI,ORG,ORG,1,
"Varshitha M V
Rice",ORG,ORG,1,
"Sanjay K
Affiliated",PERSON,PERSON,1,
"Shashank H S
Fake",ORG,ORG,1,
IOT Office,ORG,ORG,1,
"Roopa M
Design",ORG,ORG,1,
"Siddraju M
Liquid",PERSON,PERSON,1,
"Sonika M R
",PERSON,PERSON,1,
"Spandan S
Gangannavar
",ORG,ORG,1,
Robust Malware,ORG,ORG,1,
Sound,ORG,ORG,1,
Iot Based Automatic,ORG,ORG,1,
Shoaib Pasha MD,PERSON,PERSON,1,
"Yashaswini B D
IOT",PERSON,PERSON,1,
"Machine
Learning
Hemanth M
Motwani
Women Safety Device",PRODUCT,PRODUCT,1,
"Yashaswini S
IOT",PERSON,PERSON,1,
Vihara G Shetty,PERSON,PERSON,1,
"Gagana Shree U
Affiliated",PERSON,PERSON,1,
"Embedded
System - IOT Based
Heart Defect
Using",ORG,ORG,1,
ECG,ORG,ORG,1,
X-Ciencia Technologies Sangamesh Goudar,ORG,ORG,1,
"python &
",ORG,ORG,1,
"Chethan K M
Darshan Kesarkar
M
Deepak Devanand
Dhruva",ORG,ORG,1,
"Hemanth Gowda
H S
Jagadeesha K
Mir Mohammed
Saiffudin
Sachin S",FAC,FAC,1,
Kyadiggeri,PERSON,PERSON,1,
Sai Pavan R Naidu,PERSON,PERSON,1,
VD Jayaram,PERSON,PERSON,1,
07/03/21,DATE,(missed),1,
07/04/21,DATE,(missed),1,
"Yathish Kumar B L
Jayavardhan G
Online goods",WORK_OF_ART,WORK_OF_ART,1,
03/07/20,DATE,(missed),1,
29/08/20,DATE,CARDINAL,1,
"Uthkarsh
Blood",ORG,ORG,1,
"Firdose Tabassum
Sorting",PERSON,PERSON,1,
Gummalla Akhil,PERSON,PERSON,1,
"Harshitha B S
Sorting Alogorithm",ORG,ORG,1,
"Kavya K
Sorting Alogorithm",ORG,ORG,1,
Kushaal Kumar,ORG,ORG,1,
"Francis
Mathew
Mamatha C N",PERSON,PERSON,1,
Seena,PRODUCT,PRODUCT,1,
"Devadiga
College",ORG,ORG,1,
"Manoj K N
College",ORG,ORG,1,
"Meghana A
Food",ORG,ORG,1,
"Navya J S
Food",ORG,ORG,1,
"Navya L
Pesalavenkata",ORG,ORG,1,
Rajeena,ORG,ORG,1,
Naga Durga,PERSON,PERSON,1,
"Shambavi G
Tourism Management
Sharanya",PERSON,PERSON,1,
"Shobha G
Sindhu",PERSON,PERSON,1,
Amulya Reddy,PERSON,PERSON,1,
"Anusha B M
Asha M
Yoga",PERSON,PERSON,1,
Bansara,GPE,GPE,1,
"Daksha C
Gagana K
Web Development
Gayathri M
School",PERSON,PERSON,1,
"Hemanth Gowda
Blood",FAC,FAC,1,
"Keerthana K
Ecommerce",PERSON,PERSON,1,
"Mohammed Shah
Fahad",PERSON,PERSON,1,
Singh,GPE,GPE,1,
Neha Durgadmath,PERSON,PERSON,1,
"Nitesh
Prasanth N
Yoga",ORG,ORG,1,
"Prathiksha B V
Priya",PERSON,PERSON,1,
Saniya Taj,PERSON,PERSON,1,
"Sinchana
Sourav P
Vineetha G
Toyota",PERSON,PERSON,1,
"Kirloskar Motors Pvt Ltd
Improvement of Safety
ConditionBy
Mukesh Kumar
Sirvi",ORG,ORG,1,
Mohan K,PERSON,PERSON,1,
Harsh K Jain,ORG,ORG,1,
20/10/20,DATE,CARDINAL,1,
"Venkata Divyanjali
Nandhini",PERSON,PERSON,1,
"Nisha M
",PRODUCT,PRODUCT,1,
05/08/19,DATE,(missed),1,
Archana,PERSON,PERSON,1,
Sachin Md,PERSON,PERSON,1,
Toyota Kirloskar Motors Pvt Ltd,ORG,ORG,1,
12/07/19,DATE,(missed),1,
31/08/19,DATE,CARDINAL,1,
"Kalale Srinivas
",PERSON,PERSON,1,
Arjun K,ORG,ORG,1,
"Preetham M
drive",PERSON,PERSON,1,
Prathaksha,ORG,ORG,1,
"Yashwanth S P
swarnamala",ORG,ORG,1,
"N Prasad
Shubham S
Jankatti
Yashaswinin S
Venkatesh K B
Yashashwini
Nikhil k
",PRODUCT,PRODUCT,1,
"Machine Learning
Suraj R K
Face",PERSON,PERSON,1,
"Santharam N
Stock Management
Shilpa V
Online Shopping Cart
Harshitha P
Messenger
Harshavardhan S
Online",ORG,ORG,1,
Puneeth,PERSON,PERSON,1,
"Chanakya Reddy
BS",PERSON,PERSON,1,
"Nasarulla Shariff
Car",ORG,ORG,1,
"Management
Hithaishi N
Car spa Management
Gelari",ORG,ORG,1,
Megaldon Jasper K,PERSON,PERSON,1,
"Abeeya
Library",ORG,ORG,1,
Dilip Kumar K S,PERSON,PERSON,1,
"Suraj R K
Sunidhi Sree
Raksha P S
Pawfection
Abhishek N",ORG,ORG,1,
10/07/19,DATE,(missed),1,
10/08/19,DATE,(missed),1,
07/08/19,DATE,(missed),1,
"Vijetha Shravya
",PERSON,PERSON,1,
"Kishor Kumar
Chetan N
",ORG,ORG,1,
09/07/18,DATE,(missed),1,
06/08/18,DATE,(missed),1,
Machine learning Using Python,WORK_OF_ART,WORK_OF_ART,1,
10th 2020,DATE,DATE,1,
"IOT Using Python""from Aug10th2020",WORK_OF_ART,WORK_OF_ART,1,
Sept 10th2020,DATE,DATE,1,
X-Ciencia Technciogies,ORG,ORG,1,
DearDhruthi J,PRODUCT,PRODUCT,1,
Pithadia,PERSON,PERSON,1,
Intern,ORG,ORG,1,
X-Ciencia,ORG,ORG,1,
X-CienciaTechnologies,ORG,ORG,1,
"HRManager
Regd Office",ORG,ORG,1,
"Bangalore - 560006.INDIA
Thisis",ORG,ORG,1,
ChethanN(1RR17EC155,PERSON,PERSON,1,
Rajarajewari,NORP,NORP,1,
"MohomndAtr
Regd Office",ORG,ORG,1,
1RR15Ec031,ORDINAL,ORDINAL,1,
Ra,NORP,NORP,1,
Ciencia Technologies India,ORG,ORG,1,
10thAug2020 to 10thSept 2020,DATE,DATE,1,
X-Ciencia Technologies India PVT.LTD,ORG,ORG,1,
"MehoneAt
Regd Office",ORG,ORG,1,
X-Ciencia TechnologiesIndia Pvt,ORG,ORG,1,
-X-Ciencia Technologies India PVT. LTD,ORG,ORG,1,
IOT Using Python,WORK_OF_ART,WORK_OF_ART,1,
Technologies India,ORG,ORG,1,
-Ciencia Tectinoicgies India Pvt Ltd,ORG,ORG,1,
X-CienciaTechnologies India Pvt Ltd.,ORG,ORG,1,
Road Cross,ORG,ORG,1,
560006.INDIA,CARDINAL,CARDINAL,1,
1RR15IS002,CARDINAL,CARDINAL,1,
1RR17IS003,CARDINAL,CARDINAL,1,
548,MONEY,MONEY,1,
Dewan,GPE,GPE,1,
cm@digihubsolutions.com,CARDINAL,CARDINAL,1,
22nd October 2020,DATE,DATE,1,
Brundha,PERSON,PERSON,1,
1RR17IS042,CARDINAL,CARDINAL,1,
Bachelor of Engineering (Information Science and Engineering,ORG,ORG,1,
September 2020 to 30th September 2020,DATE,DATE,1,
Smart,ORG,ORG,1,
CHANDRA,ORG,ORG,1,
MOHAN Digitally,ORG,ORG,1,
"K
MOHAN K Date",ORG,ORG,1,
2021.03.30,DATE,DATE,1,
18:02:21+05'30,DATE,DATE,1,
Chandra Mohan K,PERSON,PERSON,1,
BM Habitat Mall,ORG,ORG,1,
"2nd Floor, Jayalakshmipuram, Mysuru 570012 Office",ORG,ORG,1,
0821-2512020,DATE,DATE,1,
TechnoFly Solutions,ORG,ORG,1,
Chetau Sharma,NORP,NORP,1,
"Bajarajeshwan
College of Engiueering",ORG,ORG,1,
completed_1months/weeks,DATE,DATE,1,
5/3/2021,DATE,CARDINAL,1,
Machine Learning Domain,PERSON,PERSON,1,
6|H|2021,CARDINAL,CARDINAL,1,
9663476586,DATE,DATE,1,
9741150102,DATE,DATE,1,
Technofly Solutions Vijayanagar,ORG,ORG,1,
Daksha C,PERSON,PERSON,1,
Gagana,PERSON,PERSON,1,
1RR17IS011,CARDINAL,CARDINAL,1,
CCRE,ORG,ORG,1,
1RRI17ME010,CARDINAL,CARDINAL,1,
RAJARAJESwARI COLLEGE OF ENGINEERING,ORG,ORG,1,
10March,CARDINAL,CARDINAL,1,
"Kavamahl
Prot",PERSON,PERSON,1,
CTR,ORG,ORG,1,
BHARATH,PERSON,PERSON,1,
1RR17ME013of,CARDINAL,CARDINAL,1,
ALTAIR HIPERWORKS,WORK_OF_ART,WORK_OF_ART,1,
Bengaluu,NORP,NORP,1,
ALTAIR,ORG,ORG,1,
DARSHAN,PERSON,PERSON,1,
1RRI7ME021,CARDINAL,CARDINAL,1,
Internsfiip,NORP,NORP,1,
ALTAIR,WORK_OF_ART,ORG,1,
"10""March to 10",CARDINAL,CARDINAL,1,
the Departmernt of Mechanical Enginering,ORG,ORG,1,
RajaRajeswari College of Engincering,ORG,ORG,1,
Berngaluru,GPE,GPE,1,
"kaudeh
Prot",PERSON,PERSON,1,
6earin9,CARDINAL,CARDINAL,1,
1RR17ME024,CARDINAL,CARDINAL,1,
COLLEGE OF ENGINEERING,ORG,ORG,1,
the Intunslup pro9ramon ',FAC,FAC,1,
Aprif-2021,ORG,ORG,1,
6y,CARDINAL,CARDINAL,1,
RajaRajeswari Co,ORG,ORG,1,
"ALTAIR HYPERWORKS"" Certificate
This",WORK_OF_ART,WORK_OF_ART,1,
DHRUIVA,PERSON,PERSON,1,
10March,DATE,CARDINAL,1,
Ravikuman,PERSON,PERSON,1,
1.ort,CARDINAL,CARDINAL,1,
Radhakrishna R. K.,PERSON,PERSON,1,
Ravikumar T. Dr.,PERSON,PERSON,1,
"Program Coordinator Program Coordinator HoD-ME Principal
Affiliated",ORG,ORG,1,
"the Organization
Page No",ORG,ORG,1,
"X-Ciencia Technologies India Pvt. ltd
",ORG,ORG,1,
230,CARDINAL,CARDINAL,1,
232,CARDINAL,CARDINAL,1,
235,CARDINAL,CARDINAL,1,
237,CARDINAL,CARDINAL,1,
Generesis Technologies Pvt. Ltd.,ORG,ORG,1,
244,CARDINAL,CARDINAL,1,
253,CARDINAL,CARDINAL,1,
Preva Systems Pvt,ORG,ORG,1,
256,CARDINAL,CARDINAL,1,
264,CARDINAL,CARDINAL,1,
Rajrajeswari College of Engineering,ORG,ORG,1,
Vijayanagar,ORG,PRODUCT,1,
Electric Drives,ORG,ORG,1,
01/01/2019,DATE,PERSON,1,
01/01/2022,DATE,(missed),1,
X-Ciencia Technologies India Pvt Ltd.,ORG,ORG,1,
Pavan Kumar K,PERSON,PERSON,1,
MohDett Yasin,PERSON,PERSON,1,
"K.R
",PERSON,PERSON,1,
Asst,PERSON,ORG,1,
30 hours,TIME,TIME,1,
Varsha,GPE,GPE,1,
1RR14EE051,CARDINAL,CARDINAL,1,
kumar K.S,PERSON,PERSON,1,
1RR16EE047,DATE,DATE,1,
Batch 2,PERSON,PERSON,1,
Chaithra.L.M (1RR17EE410,ORG,ORG,1,
Anusha J,PERSON,PERSON,1,
Bindu M.R,PERSON,PERSON,1,
Batch 3 Regd Office,ORG,ORG,1,
1RR16EE038,CARDINAL,CARDINAL,1,
Divya,PERSON,PERSON,1,
X-Ciencia Technologies India Pvt. Ltd.,ORG,ORG,1,
INDGA,ORG,ORG,1,
from:20/09/2017,DATE,(missed),1,
"₹2,000/-",MONEY,(missed),1,
Nsguiabhavi 2nd Stage,ORG,ORG,1,
2ndmain 1st,DATE,DATE,1,
crossKK,ORG,ORG,1,
1 1RR16EE407,DATE,DATE,1,
2 1RR16EE415,CARDINAL,CARDINAL,1,
"K.K. LayPrapPeteredcvo EAGLESTONE ELECTPICAL
",ORG,ORG,1,
Nagarabhavi 2nd Stage,ORG,WORK_OF_ART,1,
2ndmain 1stcross,CARDINAL,CARDINAL,1,
3 MONTHS,DATE,DATE,1,
Jo Ta Andhra Bank,PERSON,PERSON,1,
"Bearer
E44 Rupees",ORG,ORG,1,
Ten,CARDINAL,CARDINAL,1,
all Branches Por Eaglestone,ORG,ORG,1,
"LOGINWARE SOFTTEC PVT, LTD",ORG,ORG,1,
Develop,ORG,ORG,1,
Loginware Softtee Pvt. Ltd.,ORG,ORG,1,
K.R Name,PERSON,PERSON,1,
Thandayeshwara S,PERSON,PERSON,1,
Bharathl Assoclates,PERSON,PERSON,1,
Bypass Road,GPE,GPE,1,
08172-297179,DATE,DATE,1,
90246/47 235,CARDINAL,CARDINAL,1,
BUSINESS CONSULTAGREEMENT,ORG,ORG,1,
VIDYA SHREE K,PERSON,PERSON,1,
1.CONSULTATION,CARDINAL,CARDINAL,1,
"Design, Develop and Implement the Embedded System Applications,",ORG,ORG,1,
45 day,DURATION,(missed),1,
3.RENUMERATION,CARDINAL,CARDINAL,1,
VIDYA SHREE K Name,PERSON,PERSON,1,
"Thandaveshwara S
",PERSON,PERSON,1,
"Hassan - 573201 info@loginwaresofttec.comwww.loginwaresofttec.com
08172- 297179",ORG,ORG,1,
79969,DATE,DATE,1,
90246/47,CARDINAL,CARDINAL,1,
"Promcspalsiv
Data Modeling for Retail Analytics",ORG,ORG,1,
geo,PRODUCT,PRODUCT,1,
MANAGEMENT NVENTORY DATA USING,ORG,ORG,1,
The Jupyter Notebook,WORK_OF_ART,WORK_OF_ART,1,
Fig.2,GPE,GPE,1,
2539325,CARDINAL,CARDINAL,1,
2356795 1,DATE,DATE,1,
473747,DATE,DATE,1,
2754736 1,DATE,DATE,1,
I prior 28,CARDINAL,CARDINAL,1,
"19
",CARDINAL,CARDINAL,1,
3108588 1,PRODUCT,PRODUCT,1,
2295261 1,DATE,DATE,1,
2550362 1,DATE,DATE,1,
1187695 1,DATE,DATE,1,
2158274 2p,DATE,DATE,1,
1511582,DATE,DATE,1,
Fig 2,PERSON,PERSON,1,
"Input Data Set
Fig.3",PERSON,PERSON,1,
Scatter Plot,PERSON,PERSON,1,
Kernel Density Estimation,ORG,ORG,1,
Fig.5,ORG,ORG,1,
Jupyter,PERSON,PERSON,1,
95%,PERCENT,PERCENT,1,
Data Authorization and Analysis,ORG,ORG,1,
informatio3 h,ORG,ORG,1,
cluster analyuis,PERSON,PERSON,1,
spie nevas,ORG,ORG,1,
AC,ORG,ORG,1,
Data Sources Data Linking,ORG,ORG,1,
Feature Engineering,ORG,ORG,1,
MIL Collaberative Filtenng,ORG,ORG,1,
Unking Data,ORG,ORG,1,
Integrty,ORG,ORG,1,
Norse Data Segmentation Data Engneerng Featuré Model 2 Reduction,ORG,ORG,1,
Model 3,PRODUCT,PRODUCT,1,
Customer Data Model,ORG,ORG,1,
Pandas Using Pandas,ORG,ORG,1,
Using Sclkif,ORG,ORG,1,
Data Sources,ORG,ORG,1,
Data Linking,ORG,ORG,1,
Loading,GPE,GPE,1,
Data Visualization and Segmentation,ORG,ORG,1,
Feature Engineering for Machine Learning,ORG,ORG,1,
A. Data,ORG,ORG,1,
POS Systems,ORG,ORG,1,
E-Commerce,ORG,ORG,1,
Data Inventory,ORG,ORG,1,
B. Data,ORG,ORG,1,
C. Noise,PERSON,PERSON,1,
the Anaconda Python Framework,ORG,ORG,1,
Jupiter,LOC,LOC,1,
us,GPE,GPE,1,
Kagglers,ORG,ORG,1,
Suggestion,ORG,ORG,1,
"P"" Cross Road",ORG,ORG,1,
Center for Test and Data Sciences,ORG,ORG,1,
the Center for Test and Data Seiences,ORG,ORG,1,
the Company Shall,ORG,ORG,1,
K Kmm Designation,ORG,ORG,1,
"J"" Cross Road",ORG,ORG,1,
Bangalore S60,PERSON,PERSON,1,
Compamy,WORK_OF_ART,WORK_OF_ART,1,
Center for Test and Data Seiences,ORG,ORG,1,
Rajarajeswari College of Engincering,ORG,ORG,1,
Stafl Augmentation,ORG,ORG,1,
Web Technology,ORG,ORG,1,
the Center for Test and Data Sciences,ORG,ORG,1,
4.,CARDINAL,CARDINAL,1,
Student,ORG,ORG,1,
Company Shall,ORG,ORG,1,
K Kum Designation,ORG,ORG,1,
Kalyanam Kannan Designation,ORG,ORG,1,
Bengaluru Generis Technologles Private,PERSON,PERSON,1,
247,PRODUCT,PRODUCT,1,
API,ORG,ORG,1,
JMeter,ORG,ORG,1,
the pre -production,DATE,DATE,1,
Performance Management,ORG,ORG,1,
Pre-Performance,ORG,ORG,1,
Utilize Performance,PERSON,PERSON,1,
Workload Definitions,ORG,ORG,1,
"DEPARTMENT OF COMPUTER SCIENCE AND ENGINEERING
",ORG,ORG,1,
2017-18(EVEN,DATE,DATE,1,
Final Pvt.Ltd,ORG,ORG,1,
Sec,ORG,ORG,1,
Airport Road,FAC,FAC,1,
"Final Generis Technologies
Lalithashree",WORK_OF_ART,WORK_OF_ART,1,
1{t,CARDINAL,CARDINAL,1,
2months,DURATION,CARDINAL,1,
"77 Degree Tow
Bengsiuru-550037",QUANTITY,QUANTITY,1,
434,MONEY,MONEY,1,
Mahaveer Galaxy Apartments,ORG,ORG,1,
Uttarahalli-Kengeri Main Road,ORG,ORG,1,
Dear Akash,WORK_OF_ART,WORK_OF_ART,1,
30th April 2018,DATE,DATE,1,
12th,DATE,DATE,1,
77 degree,QUANTITY,QUANTITY,1,
"1915,4th",MONEY,MONEY,1,
12th,ORDINAL,DATE,1,
RPC Layout,ORG,ORG,1,
Vijaynagar,GPE,GPE,1,
Bangalore-560004,PRODUCT,PRODUCT,1,
Dear Lalithashree,ORG,ORG,1,
"2""d",CARDINAL,CARDINAL,1,
April 2018 through 30th May 2018,DATE,DATE,1,
Generis Technologies Private Limited,ORG,WORK_OF_ART,1,
Cross Road,FAC,FAC,1,
Bangalore-560043,GPE,GPE,1,
Identity,ORG,ORG,1,
Bangalore - 560 043,ORG,ORG,1,
from:10/09/2016,DATE,GPE,1,
10/09/2019,DATE,(missed),1,
CM(The,NORP,NORP,1,
Department of Electricaland ElectronicsEngineering,ORG,ORG,1,
"RajrajeswariCollege ofEngineering ,Mysore",ORG,ORG,1,
1.CONSULTANT,CARDINAL,CARDINAL,1,
10/09/2016to,CARDINAL,CARDINAL,1,
10/09/2019.either,DATE,(missed),1,
"₹1,500/-will",MONEY,(missed),1,
Avinash C M Name,PERSON,PERSON,1,
Sluge,ORG,ORG,1,
2ndmain 1scross,CARDINAL,CARDINAL,1,
27th Jan 2018,DATE,DATE,1,
1 1RR14EE001,CARDINAL,CARDINAL,1,
3 1RR14EE042,CARDINAL,CARDINAL,1,
Departmentof Electrical&Electronics Engineering,ORG,ORG,1,
Design and Control of temperature,WORK_OF_ART,WORK_OF_ART,1,
Air Conditioning Systems,ORG,ORG,1,
8Jam 2018,DATE,DATE,1,
27 Jan 2018,DATE,DATE,1,
"7 s p
#",MONEY,MONEY,1,
2ndmain1stcrossKK,CARDINAL,CARDINAL,1,
Andhra Bunk RTOSNEFT-IFS,PERSON,PERSON,1,
KARNIATAKA-660072 T9E RING,PERSON,PERSON,1,
3 MONTH,DATE,DATE,1,
Sixteen thousand,CARDINAL,CARDINAL,1,
this 10th June 2016,DATE,DATE,1,
"the ""Effective Date",ORG,ORG,1,
Sharan,PERSON,PERSON,1,
MD,GPE,GPE,1,
Preva Systems Pvt Ltd,ORG,ORG,1,
04,MONEY,CARDINAL,1,
Sunrise,GPE,GPE,1,
2a,CARDINAL,CARDINAL,1,
6h,CARDINAL,CARDINAL,1,
2ng,CARDINAL,CARDINAL,1,
"RRCE, Mysore Road",ORG,ORG,1,
Preva Systems Pvt Ltd (Company,ORG,ORG,1,
Transport and Logistics,ORG,ORG,1,
Healthcare,ORG,ORG,1,
Asset Management,ORG,ORG,1,
Preva Systems,ORG,ORG,1,
CSE Department,ORG,ORG,1,
MANET,PERSON,PERSON,1,
Instruments and Equipment,ORG,ORG,1,
Representation and Warranty,ORG,ORG,1,
Article 2,LAW,LAW,1,
"the ""Consultancy Period",LAW,LAW,1,
Articles 1,PERSON,PERSON,1,
6. 8,CARDINAL,CARDINAL,1,
Nagarabhavi Outer Ring Road,PERSON,PERSON,1,
Rs 1.00000,MONEY,(missed),1,
each hour,TIME,TIME,1,
Twenty Five Thousand,CARDINAL,CARDINAL,1,
Rs 25.000/-,MONEY,(missed),1,
the preceding month,DATE,DATE,1,
the Company Work Product,ORG,ORG,1,
License,ORG,ORG,1,
the Work Product,LAW,LAW,1,
Preva Preva Systems Pvt,ORG,ORG,1,
ConfidentialInformation,ORG,ORG,1,
inventiona,ORG,ORG,1,
Conaultant,ORG,ORG,1,
Non-Disclosure and,ORG,ORG,1,
Qlality Preva Preva Systems Pvt,ORG,ORG,1,
Interference with Business,ORG,ORG,1,
the Consultancy Period,FAC,FAC,1,
Independent Contractor,ORG,ORG,1,
Non-Publicity Agreement,ORG,ORG,1,
the Company of this Agreement,ORG,ORG,1,
Artide 5,PRODUCT,PRODUCT,1,
Consulitant,PERSON,PERSON,1,
lIndia,GPE,GPE,1,
High Court,ORG,ORG,1,
Bengalure,PRODUCT,PRODUCT,1,
Tis Agreemene,PERSON,PERSON,1,
2nd Stage,ORG,ORG,1,
Nagarabhavi Oulter,PERSON,PERSON,1,
072,CARDINAL,CARDINAL,1,
Articles 2,PERSON,PERSON,1,
PREVA SYSTEMS PVT LTD PVT LTD,ORG,ORG,1,
BENGALURU,NORP,ORG,1,
PROF & HOD - CSE Name,ORG,ORG,1,
K.S.RAJESH Title,PERSON,PERSON,1,
Etheret,ORG,ORG,1,
Prop,NORP,NORP,1,
Mob.:9611885246 9611166425,PERSON,PERSON,1,
S.M.,GPE,GPE,1,
20.109.|.2016,CARDINAL,CARDINAL,1,
29/09/2016,DATE,CARDINAL,1,
19/09/2020,DATE,(missed),1,
M/S S M Electrical,ORG,ORG,1,
Railway Statiob Road,ORG,ORG,1,
Kengari,PERSON,PERSON,1,
"Tel No.9611885246
NOW",PERSON,PERSON,1,
"₹2,000/-will",MONEY,(missed),1,
Shivalingaiah K,PERSON,PERSON,1,
S. M.ELECTRICAL,PERSON,PERSON,1,
Ralleay Station Foed,PERSON,PERSON,1,
Kangan,PERSON,PERSON,1,
I|Sri Malleswara,PERSON,PERSON,1,
"Mob.:9611885246
TARUDRAIAH S. M. ELECTRICAL 9611166425
Govt",PERSON,PERSON,1,
LicencedClass1,GPE,GPE,1,
Jan 2017,DATE,DATE,1,
Basic Knowledge of Interior Wiring,WORK_OF_ART,WORK_OF_ART,1,
18th Dec 2016,DATE,DATE,1,
3d Jan 2017,DATE,DATE,1,
"S.M. FPloprietor RICAL
No.84",ORG,ORG,1,
Ancheken,GPE,GPE,1,
060,MONEY,CARDINAL,1,
265,CARDINAL,CARDINAL,1,
268,CARDINAL,CARDINAL,1,
274,CARDINAL,CARDINAL,1,
276,CARDINAL,CARDINAL,1,
ESTABLISHED,ORG,ORG,1,
1965,DATE,DATE,1,
670327,DATE,DATE,1,
0497 2805121,DATE,DATE,1,
2805521,DATE,DATE,1,
"6th November, 2019",DATE,DATE,1,
"Physics
Raja Rajeswari College of Engineering
Kumbalagodu Post",ORG,ORG,1,
201920,DATE,DATE,1,
the Department of Chemistry,ORG,ORG,1,
M.Sc,GPE,GPE,1,
IV Semester),ORG,ORG,1,
Haritha K,PERSON,PERSON,1,
Ayana K,PERSON,PERSON,1,
Jasmine Tom,PERSON,PERSON,1,
12th November,DATE,DATE,1,
PRINCIPAL,ORG,ORG,1,
Post Graduate,ORG,ORG,1,
six weeks,DATE,DATE,1,
14-11-2019,DATE,DATE,1,
15-12-2019,DATE,CARDINAL,1,
13119,DATE,DATE,1,
13-11-2019,DATE,CARDINAL,1,
Karnataka & Afflited,ORG,ORG,1,
"Miss. ASWATHI P.P, Reg",ORG,ORG,1,
Development and Characterization of Natural Rubber/CMC Based Nano,WORK_OF_ART,WORK_OF_ART,1,
Department of Materials Science and Technology,ORG,ORG,1,
Hat-Yai,PERSON,PERSON,1,
Joblsh Johns m.Sc,PERSON,PERSON,1,
Visvesvaraya Technological Universlty,ORG,ORG,1,
Effect of Cross,WORK_OF_ART,WORK_OF_ART,1,
Carbon Black Reinforcement,ORG,ORG,1,
"Center, Department of Physics",ORG,ORG,1,
"INDIA
Technology",ORG,ORG,1,
Department of Materials Science and Visiting Professor,ORG,ORG,1,
THAILAND,PERSON,GPE,1,
Pu Associate,PERSON,PERSON,1,
Rajarajoswari College of Englneerin Department of Physics,ORG,ORG,1,
074,MONEY,CARDINAL,1,
Karnataka,ORG,GPE,1,
IND,ORG,ORG,1,
New De,GPE,GPE,1,
Karnataka & Affliated,ORG,ORG,1,
Visvesvaraya Tehnological University,ORG,ORG,1,
Natural Rubber Cured,ORG,ORG,1,
M.Sc,ORG,GPE,1,
Chemistry Center,ORG,ORG,1,
"INDIA
Department of Materials Science and Technology",ORG,ORG,1,
Joblsh Johns,PERSON,PERSON,1,
"Ph.D.
Department of Physlcs
Rajaraje College of Enginesring
Bangaloce 074",ORG,ORG,1,
Karnatakz,GPE,GPE,1,
RajaRajeswari College of Engineering {Appreved,ORG,ORG,1,
Novel Method,WORK_OF_ART,WORK_OF_ART,1,
Miss. HARITHA K,ORG,ORG,1,
Vulcanize Natural Rubber,ORG,ORG,1,
Departmeni of Materials Science und Technology,ORG,ORG,1,
Ph.D. Asscciate,WORK_OF_ART,WORK_OF_ART,1,
"Rajarajeswari College of Enginsering Department of Phyaics
Bangalore - 50 074",ORG,ORG,1,
Kamatska,GPE,GPE,1,
MDA,ORG,ORG,1,
"Kumbalgodu, Mysore Road
E-mail",ORG,ORG,1,
273,CARDINAL,CARDINAL,1,
"Sujith K. V.
",PERSON,PERSON,1,
"Chemistry
Payyanur College",ORG,ORG,1,
Greetings,ORG,ORG,1,
Sharon John,PERSON,PERSON,1,
Shana Parveen Ameen (Reg,ORG,ORG,1,
Reshmi Namboothiri P.,PERSON,PERSON,1,
Saranya K. (Reg,PERSON,PERSON,1,
Haritha K. M. (Reg,PERSON,PERSON,1,
B7PSCH1204,DATE,DATE,1,
Sujith K. V. Suj ku,PERSON,PERSON,1,
Payyanur Asst,PERSON,PERSON,1,
Chemistry,ORG,ORG,1,
08-11-2018,DATE,(missed),1,
01-01-2019,DATE,DATE,1,
15-01-2019,DATE,DATE,1,
JOBÍSH JOHNS,PERSON,PERSON,1,
28-12-2018,DATE,CARDINAL,1,
Undergone for Hyper works Course,ORG,ORG,1,
3 w p,MONEY,MONEY,1,
Muttur 1RR15ME066,GPE,GPE,1,
4 5,DATE,DATE,1,
Akarsh Reddy K N,ORG,ORG,1,
1GG14ME020,CARDINAL,CARDINAL,1,
1GG14ME031,CARDINAL,CARDINAL,1,
Ramachandra K 1GG14ME038,ORG,ORG,1,
SangamanathNavhi,ORG,ORG,1,
"Shashikumara N K 1GG14ME045
",ORG,ORG,1,
Bharath B K,WORK_OF_ART,WORK_OF_ART,1,
21,CARDINAL,CARDINAL,1,
1GG15ME409,CARDINAL,CARDINAL,1,
Naveenkumar K,ORG,ORG,1,
1GG15ME418,CARDINAL,CARDINAL,1,
Kishan 1GG11ME018,FAC,FAC,1,
Gousia,LOC,LOC,1,
Govt,ORG,GPE,1,
USN 8,PRODUCT,PRODUCT,1,
Number 5,DATE,DATE,1,
1GG14ME009,DATE,DATE,1,
pamithkumar1996 @gmail,ORG,ORG,1,
9620436104,DATE,DATE,1,
AmilhKom,ORG,ORG,1,
24103|18,CARDINAL,CARDINAL,1,
RAJARAJESWARI COLLEGE OF ENGINEERING 0,ORG,ORG,1,
PULLAKERE,GPE,GPE,1,
190/2,MONEY,MONEY,1,
S.So PURAM,GPE,GPE,1,
GOVERMTMENT ENGGo,FAC,FAC,1,
COLCEGE,ORG,ORG,1,
RAMNAGARAM,GPE,GPE,1,
Branch/ Sęmester,PERSON,PERSON,1,
8 9513000113,CARDINAL,CARDINAL,1,
Date:19/03/2018,DATE,ORG,1,
"Arcnalasahalli
Ramanagas
Permanent Address",PERSON,PERSON,1,
kolag,PERSON,PERSON,1,
Ramanaga,ORG,ORG,1,
USN 1,PRODUCT,PRODUCT,1,
23)3/18,CARDINAL,CARDINAL,1,
Studeņt Name Chethon,DATE,DATE,1,
"BASAVARAJU
Present Address Chelnan",ORG,ORG,1,
"ACM Hontet
Permanent Address Chelnan B.k Slo Booovaraju",ORG,ORG,1,
Aghronora blacauane I. R. peT,PERSON,PERSON,1,
9740490236,DATE,DATE,1,
24|3|2018,CARDINAL,CARDINAL,1,
Permanent Address Obalahalli(v,ORG,ORG,1,
Nandagudi,PERSON,PERSON,1,
Ho,PERSON,PERSON,1,
Basglore,ORG,ORG,1,
Kioan kumao,FAC,FAC,1,
94|03|2018,CARDINAL,CARDINAL,1,
CAR Police,ORG,ORG,1,
Number 8792543591,DATE,DATE,1,
2/4/9018,DATE,(missed),1,
Ramanagara Jishan Signature,PERSON,PERSON,1,
Studeņt,DATE,DATE,1,
"Chikkanna
Present Address",ORG,ORG,1,
ghousia collge,PERSON,PERSON,1,
Marutinagar,GPE,GPE,1,
Nanjangud Town,PERSON,PERSON,1,
Madhu C s/,ORG,ORG,1,
Chikkanna,GPE,GPE,1,
layoud Mobile,PERSON,PERSON,1,
USN 9,PRODUCT,PRODUCT,1,
571301,CARDINAL,CARDINAL,1,
Govt Engmuring Collegi,FAC,FAC,1,
Ramanagaro,PERSON,PERSON,1,
24/03/9018,DATE,(missed),1,
Ramanagara Madhu,PERSON,PERSON,1,
"villaye & post
Halgur hobl'",ORG,ORG,1,
"USN 1GG1SmE406
Branch/ Semester mechani cal | 8",PRODUCT,PRODUCT,1,
9964,DATE,DATE,1,
kuman t. s,PERSON,PERSON,1,
541,CARDINAL,CARDINAL,1,
03118,DATE,DATE,1,
Paranagara Madhu,PERSON,PERSON,1,
Naveenkumar KN,PERSON,PERSON,1,
B.C.M. Hostel,PERSON,PERSON,1,
Kempegowdanadodd,PERSON,PERSON,1,
Address Moralenahalli,PERSON,PERSON,1,
Hanabe,PERSON,PERSON,1,
Kasabu Hobli,PERSON,PERSON,1,
Doddabalbpur Tq,PERSON,PERSON,1,
561203,DATE,DATE,1,
"Govt, Engineering College",ORG,ORG,1,
KN,ORG,ORG,1,
24/02/2018,DATE,(missed),1,
PARASHURAM,GPE,GPE,1,
"Hukkeri
Present Address",ORG,ORG,1,
Archakarhalli Ramanasar,PERSON,PERSON,1,
Raibag Dist,ORG,ORG,1,
Bclasav,PERSON,PERSON,1,
Govt Gnee,ORG,ORG,1,
Number 8867706671,DATE,DATE,1,
Centre of Excellence Laborațory of,ORG,ORG,1,
021041 1996,DATE,DATE,1,
Hostob,PRODUCT,PRODUCT,1,
Rimanagara,PRODUCT,PRODUCT,1,
Madhugiri,PERSON,PERSON,1,
Number 9632435494,DATE,DATE,1,
23/3|2018,CARDINAL,CARDINAL,1,
"A9chabara
-",PERSON,PERSON,1,
"Ramaneegar
Permanent Address",ORG,ORG,1,
Pogbpp,PERSON,PERSON,1,
Rananagar,PRODUCT,PRODUCT,1,
"USN Gb
Branch/ Semester",PERSON,PERSON,1,
1praveen,CARDINAL,CARDINAL,1,
27103/2018,DATE,DATE,1,
University Govervamend,ORG,ORG,1,
241312018,DATE,DATE,1,
Kenchappa·k,PERSON,PERSON,1,
Aschakarahalli,PERSON,PERSON,1,
Gundemmanapalya,PERSON,PERSON,1,
Solur Hobli,PERSON,PERSON,1,
Ramanagara Disthicd,PERSON,PERSON,1,
562127,DATE,DATE,1,
19614ME0 38,DATE,DATE,1,
Branch/ Semester 1 Mechanicol,ORG,ORG,1,
496,CARDINAL,CARDINAL,1,
023|0.8|18,DATE,DATE,1,
Ramacbandia,GPE,GPE,1,
RAJARAJESWARI COLLEGE OF ENGINEERING DEPARTMENT OF MECHANICAL ENGINEERING,ORG,ORG,1,
Studeņt Name,PERSON,GPE,1,
Pau Ratche,PERSON,PERSON,1,
Dnyoadev,PERSON,PERSON,1,
D:-Raooogora,PERSON,PERSON,1,
7q,CARDINAL,CARDINAL,1,
Universit,GPE,GPE,1,
Pin≥591244,PRODUCT,PRODUCT,1,
Roongorra System,WORK_OF_ART,WORK_OF_ART,1,
1G914ME041,CARDINAL,CARDINAL,1,
sada41-S@gmad.0om,DATE,DATE,1,
03104/18,CARDINAL,CARDINAL,1,
SANGAMANATH NAVHI,PERSON,PERSON,1,
Present Address BcM,ORG,ORG,1,
Archatarahalli KADAPPA Permanent Address,ORG,ORG,1,
USN 5,ORG,ORG,1,
Ramanageoru,PERSON,PERSON,1,
Mechanical Mobile,ORG,ORG,1,
Hoatel,ORG,ORG,1,
"Harchkaralli
Ramanapa",PERSON,PERSON,1,
kunigal,PERSON,PERSON,1,
Tumkur,PERSON,PERSON,1,
CEC,ORG,ORG,1,
DIIem,ORG,ORG,1,
24/03/18,DATE,CARDINAL,1,
Studeņt Name,FAC,GPE,1,
"USN 1erer14ME052
Branch/Semester",PRODUCT,PRODUCT,1,
VEERESH,ORG,ORG,1,
23163,CARDINAL,CARDINAL,1,
Effective Date,ORG,WORK_OF_ART,1,
1 August 2026,DATE,DATE,1,
| +91,PERSON,PERSON,1,
MealVersity Technologies Private Limited,ORG,ORG,1,
"Uttar Sithi Road, Barasat",ORG,ORG,1,
MealVersity,WORK_OF_ART,ORG,1,
Delivery Partner,WORK_OF_ART,ORG,1,
I Agree,WORK_OF_ART,WORK_OF_ART,1,
the Delivery Partner App,LAW,LAW,1,
"MealVersity Rider Legal https://www.mealversity.com/legal/rider/terms-and-conditions
1/16",ORG,ORG,1,
Full,PERSON,PERSON,1,
Aadhaar,PERSON,ORG,1,
IFSC,ORG,ORG,1,
Mobile,GPE,GPE,1,
"MealVersity Rider Legal https://www.mealversity.com/legal/rider/terms-and-conditions
2/16
MealVersity",ORG,ORG,1,
Duplicate,PERSON,PERSON,1,
"Application Review
MealVersity",ORG,ORG,1,
Require,PERSON,PERSON,1,
"MealVersity Rider Legal https://www.mealversity.com/legal/rider/terms-and-conditions
3/16
Relationship Between",ORG,ORG,1,
Partner Agreement,WORK_OF_ART,WORK_OF_ART,1,
Delivery Offers,ORG,ORG,1,
Pickup Restaurant,PERSON,PERSON,1,
"MealVersity Rider Legal https://www.mealversity.com/legal/rider/terms-and-conditions
4/16",ORG,ORG,1,
Order Acceptance,PERSON,PERSON,1,
the Partner App,PRODUCT,PRODUCT,1,
Verify the Restaurant,WORK_OF_ART,WORK_OF_ART,1,
Delivery Status,PERSON,PERSON,1,
"MealVersity Rider Legal https://www.mealversity.com/legal/rider/terms-and-conditions
5/16",ORG,ORG,1,
Navigation,PERSON,PERSON,1,
ETA,ORG,ORG,1,
Fraud,GPE,GPE,1,
"Customer Contact
Customer",PERSON,PERSON,1,
"MealVersity Rider Legal https://www.mealversity.com/legal/rider/terms-and-conditions
6/16
Payment",ORG,ORG,1,
10 minutes,TIME,TIME,1,
at least three,CARDINAL,CARDINAL,1,
Proof,PERSON,PERSON,1,
"MealVersity Rider Legal https://www.mealversity.com/legal/rider/terms-and-conditions
7/16
Cash on Delivery
The Rider",ORG,ORG,1,
Rider QR,LAW,LAW,1,
Customer Refusal,PERSON,PERSON,1,
"MealVersity Rider Legal https://www.mealversity.com/legal/rider/terms-and-conditions
8/16",ORG,ORG,1,
Failed Delivery,PERSON,PERSON,1,
Food Safety,ORG,ORG,1,
"MealVersity Rider Legal https://www.mealversity.com/legal/rider/terms-and-conditions
9/16
Protect",ORG,ORG,1,
"Vehicle and Road Safety
The Rider",ORG,ORG,1,
10/16,CARDINAL,CARDINAL,1,
"Performance Monitoring
MealVersity",PERSON,PERSON,1,
"MealVersity Rider Legal https://www.mealversity.com/legal/rider/terms-and-conditions
11/16
COD",ORG,ORG,1,
Restaurant,GPE,ORG,1,
"Complaints
Customers and Restaurants",ORG,ORG,1,
Misappropriate COD,PERSON,PERSON,1,
12/16,CARDINAL,CARDINAL,1,
Carry,PERSON,PERSON,1,
COD mismatch,PERSON,PERSON,1,
Fraud,ORG,GPE,1,
13/16,CARDINAL,CARDINAL,1,
Rider Data,ORG,ORG,1,
the Rider Privacy Policy,ORG,ORG,1,
"Intellectual Property
MealVersity",PERSON,PERSON,1,
14/16,CARDINAL,CARDINAL,1,
Wilful,GPE,GPE,1,
Unpaid,GPE,GPE,1,
Rider Support Number: +91,WORK_OF_ART,WORK_OF_ART,1,
Tarik Anowar,PERSON,PERSON,1,
Postal Address,ORG,ORG,1,
Rider Support,ORG,ORG,1,
Delivery Partner Terms and Conditions,ORG,ORG,1,
"MealVersity Rider Legal https://www.mealversity.com/legal/rider/terms-and-conditions
16/16",ORG,ORG,1,
Controls,PERSON,PERSON,1,
Articles of Association,WORK_OF_ART,WORK_OF_ART,1,
"the Business (""Relevant Person",ORG,ORG,1,
Confidentiality and Intellectual Property Assignment Agreement,WORK_OF_ART,WORK_OF_ART,1,
Intellectual Property,WORK_OF_ART,PERSON,1,
Government,ORG,ORG,1,
this Clause 4.5,ORG,ORG,1,
Applicable,WORK_OF_ART,WORK_OF_ART,1,
THIRD,ORDINAL,ORDINAL,1,
INTELLECTUAL,NORP,NORP,1,
Competitors,ORG,ORG,1,
Competitor,PRODUCT,PRODUCT,1,
Person,ORG,ORG,1,
12 (twelve) months,DURATION,(missed),1,
Cause,GPE,GPE,1,
Intellectual Property Rights and,ORG,ORG,1,
"11.3
Termination",CARDINAL,CARDINAL,1,
13.4,CARDINAL,CARDINAL,1,
16.5,CARDINAL,CARDINAL,1,
Confidentiality,NORP,ORG,1,
"Non Solicitation Clause
Following",ORG,ORG,1,
Geographical Scope,PERSON,PERSON,1,
This EMPLOYMENT AGREEMENT (Hereinafter,LAW,LAW,1,
"Group
Company",ORG,ORG,1,
"Confidential
Information",ORG,WORK_OF_ART,1,
Companies Act 2006,LAW,(missed),1,
Date,WORK_OF_ART,ORG,1,
Employment,ORG,ORG,1,
Leave Policy,ORG,PERSON,1,
TheEmployer,ORG,ORG,1,
the Leave Policy of the Employer,LAW,LAW,1,
the next holiday year,DATE,DATE,1,
the Leave Policy,WORK_OF_ART,WORK_OF_ART,1,
more than seven consecutive days,DATE,DATE,1,
"Competing Businesses
",ORG,ORG,1,
10.Confidentiality,CARDINAL,CARDINAL,1,
Cause or Disability,ORG,ORG,1,
the 4th business day,DATE,DATE,1,
Non-Assignment,ORG,ORG,1,
Terms & Conditions,ORG,ORG,1,
1 February 2026,DATE,DATE,1,
the Gintaa Delivery Partner App and Platform,ORG,ORG,1,
Delivery Services,WORK_OF_ART,WORK_OF_ART,1,
PURPOSE OF ENGAGEMENT & TERMS & CONDITIONS,ORG,ORG,1,
These Terms & Conditions,ORG,ORG,1,
1/10,CARDINAL,CARDINAL,1,
"Platform, Delivery Partners",ORG,ORG,1,
Consent,PRODUCT,PRODUCT,1,
PUC Certificate & valid motor,ORG,ORG,1,
Traffic,NORP,NORP,1,
The Delivery Partner,WORK_OF_ART,WORK_OF_ART,1,
2/10,CARDINAL,CARDINAL,1,
the On-Duty Period,ORG,ORG,1,
Gintaa,PERSON,ORG,1,
Off-Duty,EVENT,EVENT,1,
an Off-Duty Period,FAC,FAC,1,
the On-Duty,ORG,ORG,1,
3/10,CARDINAL,CARDINAL,1,
INCENTIVES & PAYOUTS,ORG,ORG,1,
CANCELLATION,PERSON,PERSON,1,
DIGNITY,ORG,ORG,1,
4/10,CARDINAL,CARDINAL,1,
Gintaa Partner,ORG,ORG,1,
5/10,CARDINAL,CARDINAL,1,
Tamper,PERSON,PERSON,1,
"MAINTENANCE
Delivery Partners",PERSON,PERSON,1,
Violation,PRODUCT,PRODUCT,1,
6/10,CARDINAL,CARDINAL,1,
"CONFIDENTIALITY
Delivery Partners",ORG,ORG,1,
SOCIAL SECURITY,ORG,ORG,1,
Platform Worker Social Security Fund,ORG,ORG,1,
LIABILITY,ORG,ORG,1,
7/10,CARDINAL,CARDINAL,1,
West Bengal700102,GPE,GPE,1,
080-69188100,CARDINAL,CARDINAL,1,
8/10,CARDINAL,CARDINAL,1,
Gintaa Tower,FAC,FAC,1,
West Bengal-700102,GPE,GPE,1,
Subrata Chaudhuri,PERSON,PERSON,1,
08069188101,DATE,DATE,1,
Asconsoftech,ORG,ORG,1,
"more than 10,000",CARDINAL,CARDINAL,1,
"the Lowest Food Prices Online
Brace",ORG,ORG,1,
up to 75%,PERCENT,PERCENT,1,
Tiramisu,PRODUCT,PRODUCT,1,
"Local Favorites
Love",ORG,ORG,1,
Chicken,PERSON,PERSON,1,
₹60,MONEY,(missed),1,
every two hours,TIME,TIME,1,
Lowest Food Prices Online,ORG,ORG,1,
9/10,CARDINAL,CARDINAL,1,
"Guaranteed Lowest Food Prices Challenge
Lowest Food Prices Online",ORG,ORG,1,
"Minimal Commission for Restaurants
Unlike",ORG,ORG,1,
Fastest Credit Payout,ORG,ORG,1,
72 hours,TIME,TIME,1,
Refer & Earn,ORG,ORG,1,
Gintaa Coins,ORG,ORG,1,
10/10,CARDINAL,CARDINAL,1,
This Internship Agreement,LAW,LAW,1,
Lorem,PERSON,PERSON,1,
"Companies Act, 1956/2013",LAW,(missed),1,
Peninsula Business Park,GPE,GPE,1,
S.B. Road,ORG,ORG,1,
400013,DATE,DATE,1,
Kanak Nagar,PERSON,PERSON,1,
28,DATE,DATE,1,
Village Parkhedi,PERSON,PERSON,1,
Genhukheda,ORG,ORG,1,
PO,GPE,GPE,1,
Tamot,GPE,GPE,1,
Madhya Pradesh - 464990,PERSON,PERSON,1,
Aadhar,GPE,GPE,1,
900116426813,DATE,DATE,1,
inter alia,ORG,ORG,1,
Persons,PERSON,PERSON,1,
the Company and/or Affiliates,ORG,ORG,1,
Competitors,PRODUCT,ORG,1,
Clause 10 of this Agreement,ORG,ORG,1,
1.8.1,CARDINAL,CARDINAL,1,
1.8.2,CARDINAL,CARDINAL,1,
1.8.3,CARDINAL,CARDINAL,1,
1.8.4,CARDINAL,CARDINAL,1,
the Recitals,ORG,ORG,1,
Clauses and Appendices,ORG,ORG,1,
CONDITIONAL EMPLOYMENT,ORG,ORG,1,
Title/Designation Teammate,ORG,ORG,1,
C-21 Business Park,PERSON,PERSON,1,
Madhya Pradesh,ORG,ORG,1,
452010,DATE,DATE,1,
Date of Employment,WORK_OF_ART,WORK_OF_ART,1,
the Company of the Employee's,ORG,ORG,1,
TRANSFER,ORG,ORG,1,
CONFLICTS,ORG,ORG,1,
10 hours,TIME,TIME,1,
Termination Date,WORK_OF_ART,WORK_OF_ART,1,
trustee,ORG,ORG,1,
5.1.1,CARDINAL,CARDINAL,1,
5.1.2,CARDINAL,CARDINAL,1,
1%,PERCENT,PERCENT,1,
5.6,CARDINAL,CARDINAL,1,
this Clause 5,EVENT,EVENT,1,
6.5,CARDINAL,CARDINAL,1,
6.6,CARDINAL,CARDINAL,1,
the Company or Company's,ORG,ORG,1,
all Intellectual Property,ORG,ORG,1,
"7.7
Agreement to",CARDINAL,CARDINAL,1,
7.8,CARDINAL,CARDINAL,1,
7.9,CARDINAL,CARDINAL,1,
"7.10
Third",CARDINAL,CARDINAL,1,
the Intellectual Property Rights of any third party,LAW,LAW,1,
the Intellectual Property Rights of any third,LAW,LAW,1,
7.11,CARDINAL,CARDINAL,1,
"the ""Notice Period""",LAW,LAW,1,
Clauses 8.1,ORG,ORG,1,
only to 50%,PERCENT,PERCENT,1,
8.4,CARDINAL,CARDINAL,1,
Total Permanent Disability,ORG,ORG,1,
8.5,CARDINAL,CARDINAL,1,
8.6,CARDINAL,CARDINAL,1,
8.7,CARDINAL,CARDINAL,1,
Notice Period:,EVENT,EVENT,1,
8.8,CARDINAL,CARDINAL,1,
8.9,CARDINAL,CARDINAL,1,
"Compensation Act, 1923",LAW,(missed),1,
this Agreement of,WORK_OF_ART,WORK_OF_ART,1,
12.1.2,CARDINAL,CARDINAL,1,
fifteen,CARDINAL,CARDINAL,1,
15) days,DATE,DATE,1,
13.1.1,DATE,DATE,1,
the Mumbai Centre for International Arbitration,ORG,ORG,1,
the MCIA Rules,ORG,ORG,1,
MCIA,ORG,ORG,1,
Companybreach,PERSON,PERSON,1,
14.5,CARDINAL,CARDINAL,1,
Governing Law and Jurisdiction: This Agreement,WORK_OF_ART,WORK_OF_ART,1,
14.8,CARDINAL,CARDINAL,1,
14.9,CARDINAL,CARDINAL,1,
14.10,CARDINAL,CARDINAL,1,
Data Privacy: The Company,ORG,ORG,1,
14.11,CARDINAL,CARDINAL,1,
14.12,CARDINAL,CARDINAL,1,
Provident Fund UAN,ORG,ORG,1,
Aadhar,PERSON,GPE,1,
Bank Account Details,ORG,ORG,1,
Manmeet Kaur,PERSON,PERSON,1,
Kanak Nagar,ORG,PERSON,1,
"Kanak Nagar
Designation",PERSON,PERSON,1,
"Salary Structure
Amount",WORK_OF_ART,WORK_OF_ART,1,
"12,602",CARDINAL,CARDINAL,1,
"151,224",CARDINAL,CARDINAL,1,
"5,040",CARDINAL,CARDINAL,1,
"60,484",CARDINAL,CARDINAL,1,
"17,642",CARDINAL,CARDINAL,1,
"211,708",CARDINAL,CARDINAL,1,
"2,200",CARDINAL,CARDINAL,1,
"26,400",CARDINAL,CARDINAL,1,
Salary + Stat,PERSON,PERSON,1,
"7,740",CARDINAL,CARDINAL,1,
PF - Employer Contribution,ORG,ORG,1,
"1,512",CARDINAL,CARDINAL,1,
"18,144",CARDINAL,CARDINAL,1,
A + B + C,DATE,DATE,1,
"21,999",CARDINAL,CARDINAL,1,
"263,992",CARDINAL,CARDINAL,1,
Schedule Cont,PERSON,PERSON,1,
the Employees Provident Fund,ORG,ORG,1,
the Employees Provident Fund Scheme,ORG,ORG,1,
1952,DATE,DATE,1,
The Scheme,WORK_OF_ART,WORK_OF_ART,1,
the Employees State Insurance,ORG,ORG,1,
the Employees State Insurance Scheme,ORG,ORG,1,
1948,DATE,DATE,1,
The Insurance Scheme,WORK_OF_ART,WORK_OF_ART,1,
Gratuity Act 1972,LAW,(missed),1,
"Rs. 10,000",MONEY,(missed),1,
TeamMates,ORG,ORG,1,
Spouse,ORG,ORG,1,
"Rs. 5,000",MONEY,(missed),1,
Finance,ORG,ORG,1,
Relocation Expenses including Travel,ORG,ORG,1,
Managers &,ORG,ORG,1,
TaskUs India Finance Form -,ORG,ORG,1,
Salary Bank Account,ORG,ORG,1,
HDFC Bank & ICICI Bank,ORG,ORG,1,
Section 1,LAW,LAW,1,
Facilities,NORP,NORP,1,
TaskUs India Private Limited,ORG,ORG,1,
Projects & Development India Limited,ORG,ORG,1,
Surety for the MT,ORG,ORG,1,
this Surety Bond,LOC,LOC,1,
That the Surety,WORK_OF_ART,WORK_OF_ART,1,
Surety,PRODUCT,ORG,1,
Lakh,PERSON,WORK_OF_ART,1,
WITNESS,ORG,ORG,1,
"Surety
Address",ORG,ORG,1,
The Signature of the Surety,WORK_OF_ART,WORK_OF_ART,1,
PROJECTS & DEVELOPMENT INDIA LIMITED,ORG,ORG,1,
The Projects & Development India Limited,ORG,ORG,1,
Companies Act 1956,LAW,(missed),1,
Bhawan,PERSON,PERSON,1,
A-14,PERSON,PERSON,1,
liquidators & assignees,ORG,ORG,1,
at least three years,DATE,DATE,1,
Casual Leave,PERSON,PERSON,1,
the end of calendar year,DATE,DATE,1,
Medical Leave,ORG,ORG,1,
half,CARDINAL,CARDINAL,1,
Casual Leave,ORG,PERSON,1,
Earned Leave,PERSON,PERSON,1,
MT &,ORG,ORG,1,
the hours,TIME,TIME,1,
Surety,FAC,ORG,1,
3/-,CARDINAL,CARDINAL,1,
"Rs.1,00,000/-(Rupees",MONEY,(missed),1,
Medical Fitness,ORG,ORG,1,
"Rs.40,000",MONEY,(missed),1,
4 (four) years,DURATION,(missed),1,
Organisation,ORG,ORG,1,
caste(SC/ST/OBC,ORG,ORG,1,
5/-,CARDINAL,CARDINAL,1,
"Apprentices Act, 1961",LAW,(missed),1,
Apprenticeship Rules,ORG,ORG,1,
1962,DATE,DATE,1,
the Management of the Employer at Noida,ORG,ORG,1,
Project & Development India Ltd.,ORG,ORG,1,
Noida,PERSON,ORG,1,
CONFIDENTIALITY,ORG,ORG,1,
March 2006,DATE,DATE,1,
"Pepco Holdings, Inc.",ORG,ORG,1,
Ninth Street,FAC,FAC,1,
N. W. Washington,PERSON,PERSON,1,
D. C. 20068,PERSON,PERSON,1,
Pepco Energy Services,ORG,ORG,1,
the years,DATE,DATE,1,
Competing Business,WORK_OF_ART,WORK_OF_ART,1,
Mississippi,LOC,LOC,1,
Restrictive Covenants,WORK_OF_ART,WORK_OF_ART,1,
Section 3.1,LAW,LAW,1,
Signing Bonus,ORG,ORG,1,
"April 1, 2006",DATE,DATE,1,
one years',DATE,DATE,1,
Non-Compete,ORG,ORG,1,
the Restricted Period,EVENT,EVENT,1,
"Competing
Business",WORK_OF_ART,WORK_OF_ART,1,
Restrictions on Ownership,ORG,ORG,1,
Competing Business,ORG,WORK_OF_ART,1,
Non-Solicitation of Business,ORG,ORG,1,
Non-Interference with Business,ORG,ORG,1,
Non-Solicitation of Employees,ORG,ORG,1,
the Restricted Period,LOC,EVENT,1,
"the
Proprietary Information",ORG,ORG,1,
Specific Enforcement,ORG,ORG,1,
Judicial Modification,ORG,ORG,1,
the Restricted Period,FAC,EVENT,1,
a Competing Business,ORG,ORG,1,
115 N. Lee St.,PERSON,PERSON,1,
Alexandria,GPE,GPE,1,
VA 22314,DATE,DATE,1,
General Counsel,ORG,ORG,1,
Ninth,ORDINAL,ORDINAL,1,
St. N.W.,GPE,GPE,1,
Washington,GPE,GPE,1,
D.C.,GPE,GPE,1,
20068,DATE,DATE,1,
Delaware,GPE,GPE,1,
Section Headings,ORG,ORG,1,
Consent to Arbitration,ORG,ORG,1,
the U.S. Arbitration Act,LAW,LAW,1,
the American Arbitration Association,ORG,ORG,1,
the State of Delaware,ORG,ORG,1,
D. R. WRAASE,PERSON,PERSON,1,
E. R. MAYBERRY,PERSON,PERSON,1,
"Non-Compete Covenants
",ORG,ORG,1,
"the ""Restrictive Period",LAW,LAW,1,
Geographic Scope,PERSON,PERSON,1,
the Restrictive Period,EVENT,EVENT,1,
Section 27,LAW,LAW,1,
"Indian Contract Act, 1872",LAW,(missed),1,
"Authorized Signature
Name",WORK_OF_ART,WORK_OF_ART,1,
NonCompete.com,CARDINAL,CARDINAL,1,
CONSIDERATION,PERSON,PERSON,1,
START,PRODUCT,PRODUCT,1,
X. ENTIRE AGREEMENT,PERSON,PERSON,1,
The University of Maine System,ORG,ORG,1,
Number of days,DATE,DATE,1,
all days,DATE,DATE,1,
Monday Tuesday Wednesday Thursday Friday,DATE,DATE,1,
Maine,GPE,GPE,1,
the University of Maine System's,ORG,ORG,1,
Human Resources Office,ORG,ORG,1,
more than 40 hours,TIME,TIME,1,
1/5,CARDINAL,CARDINAL,1,
two days,DATE,DATE,1,
Workers,ORG,ORG,1,
premises,LOC,LOC,1,
2/5,CARDINAL,CARDINAL,1,
MaineStreet,FAC,FAC,1,
"the ""Checklist for Protection of 'Covered Data'",ORG,ORG,1,
Remote Work Guidelines for Employees,WORK_OF_ART,WORK_OF_ART,1,
Personnel File,ORG,ORG,1,
Agreement to Human Resources,ORG,ORG,1,
the Personnel File,ORG,ORG,1,
"Title IX Services Contacts
Human Resources",ORG,ORG,1,
3/5,CARDINAL,CARDINAL,1,
"The University of Maine
The University of Maine",ORG,ORG,1,
Fort Kent,FAC,FAC,1,
"The University of Maine at Machias
The University of Maine at Presque Isle
The University of Southern Maine",ORG,ORG,1,
"The University of Maine School of Law
Explore Universities",ORG,ORG,1,
4/5,CARDINAL,CARDINAL,1,
University of Maine System,ORG,ORG,1,
"Office
Board of Trustees
Connect",ORG,ORG,1,
5/5,CARDINAL,CARDINAL,1,
1/3(10/2013,CARDINAL,CARDINAL,1,
Sample Employment Contract,ORG,ORG,1,
"Meal Break†
",PERSON,PERSON,1,
"$
per hour",MONEY,MONEY,1,
"wages & wage period(s)†
 Every month",ORG,ORG,1,
i) day,DATE,DATE,1,
2/3,CARDINAL,CARDINAL,1,
no.8,PERSON,NORP,1,
"Black
$",EVENT,EVENT,1,
the Employment Ordinance,LAW,ORG,1,
Remarks,PERSON,PERSON,1,
the Sample Employment Contract of,ORG,ORG,1,
Labour Department,ORG,ORG,1,
four weeks,DATE,DATE,1,
at least 18 hours,CARDINAL,CARDINAL,1,
each week,DATE,DATE,1,
The Employment Ordinance,WORK_OF_ART,WORK_OF_ART,1,
Hong Kong,GPE,GPE,1,
the Minimum Wage Ordinance,LAW,LAW,1,
3/3,CARDINAL,CARDINAL,1,
CHAPTER 2,LAW,LAW,1,
30 APRIL 2014,DATE,DATE,1,
regular hours,TIME,TIME,1,
the middle of the day,DATE,DATE,1,
7.30 - 11.30,CARDINAL,CARDINAL,1,
1.30,CARDINAL,CARDINAL,1,
these hours,TIME,TIME,1,
Additional hours,TIME,TIME,1,
more than 8 hours,TIME,TIME,1,
more than 44 hours,TIME,TIME,1,
VNPF,ORG,ORG,1,
the VNPF Act,LAW,LAW,1,
22 days,DURATION,(missed),1,
4 or more days,DATE,DATE,1,
2 week,DURATION,(missed),1,
Ryan Robinson's,PERSON,PERSON,1,
"Freelance Contract Template
Brought",ORG,ORG,1,
"Ryan Robinson
Real",PERSON,PERSON,1,
many years,DATE,DATE,1,
Freelance Contract Generator,ORG,ORG,1,
RightBlogger,ORG,ORG,1,
CLIENT,GPE,GPE,1,
PayPal,ORG,ORG,1,
"Scope of Project
Contractor",ORG,ORG,1,
the last business day of each month,DATE,DATE,1,
Name & Title,ORG,ORG,1,
Signature Goes Here,WORK_OF_ART,WORK_OF_ART,1,
A.Akhila,PERSON,PERSON,1,
II9LUI,ORG,ORG,1,
Yuva Manjunath,PERSON,PERSON,1,
hese,CARDINAL,CARDINAL,1,
s te tt e n hCven,PERSON,PERSON,1,
whetn s o o u e o s,ORG,ORG,1,
64h,CARDINAL,CARDINAL,1,
ILASI,ORG,ORG,1,
Varshini Reddy,PERSON,PERSON,1,
25TMh,CARDINAL,CARDINAL,1,
s airin rs,PERSON,PERSON,1,
aaen eny,ORG,ORG,1,
Coma,GPE,GPE,1,
Yyone,ORG,ORG,1,
soie oe li,PERSON,PERSON,1,
15691 20 June 2019,DATE,DATE,1,
Sunilkumar,PERSON,PERSON,1,
uve ceae,PERSON,PERSON,1,
16650,DATE,DATE,1,
Sai Srinivas,PERSON,PERSON,1,
Yourt st,PERSON,PERSON,1,
nis n adnyt,ORG,ORG,1,
ny n d n,ORG,ORG,1,
g o u e og s eies,ORG,ORG,1,
16659 20 June 2019,DATE,DATE,1,
BuluaBllu,ORG,ORG,1,
Suresh,PERSON,PERSON,1,
nkt -t nyh,FAC,FAC,1,
mnil mre,PERSON,PERSON,1,
u su uens Yo,PERSON,PERSON,1,
fonn,PERSON,PERSON,1,
n o n n,ORG,ORG,1,
whan se,PERSON,PERSON,1,
br2e,ORG,ORG,1,
Praveen,PERSON,PERSON,1,
25th Jun 2019,PERSON,PERSON,1,
aocesho cm,PERSON,PERSON,1,
beise n n e n,ORG,ORG,1,
Youne,ORG,ORG,1,
Venkata Surendra,PERSON,PERSON,1,
tt tui,PERSON,PERSON,1,
il noe e e e e e e e,ORG,ORG,1,
Santhosh Kumar,PERSON,PERSON,1,
nys mne d,PERSON,PERSON,1,
Yvou,PERSON,PERSON,1,
u o ss e n eties,ORG,ORG,1,
Sahabuddin,PERSON,PERSON,1,
sre s r att,ORG,ORG,1,
sa o o e ne,ORG,ORG,1,
Yowe,GPE,GPE,1,
Gachibwl Telapur,PERSON,PERSON,1,
502,CARDINAL,CARDINAL,1,
"032,A.P",DATE,DATE,1,
80人,CARDINAL,CARDINAL,1,
55951,DATE,DATE,1,
Aswani,PERSON,PERSON,1,
riyr,NORP,NORP,1,
einn oroy,PERSON,PERSON,1,
Yoa,GPE,GPE,1,
9196,DATE,DATE,1,
bno utn,PERSON,PERSON,1,
ots st,PERSON,PERSON,1,
Cnve,NORP,NORP,1,
s o o nee e one bi,ORG,ORG,1,
dr wi ili es Yoe,PERSON,PERSON,1,
Kranthikumar,GPE,GPE,1,
Conduct,PERSON,PERSON,1,
oryuer,ORG,ORG,1,
oii ros esp n e tu tt oie,ORG,ORG,1,
Yyoune,PERSON,PERSON,1,
ALUI PD D DLTO,ORG,ORG,1,
Chaitanya Kiran,PERSON,PERSON,1,
Asl li e yos st,PERSON,PERSON,1,
se isin rs nt e tu tt,PERSON,PERSON,1,
Alae,ORG,ORG,1,
8011108111910,DATE,DATE,1,
nty yoas,GPE,GPE,1,
Oct 2017,DATE,DATE,1,
Com,PERSON,PERSON,1,
Yyo n s e e s s e,ORG,ORG,1,
g,GPE,GPE,1,
daeatg,GPE,GPE,1,
g g n eries,ORG,ORG,1,
Space Station,PERSON,PERSON,1,
Mahesh,PERSON,PERSON,1,
Conduct Yyur,PERSON,PERSON,1,
yoe o d e oe e de e e ie oe ol,ORG,ORG,1,
Gachibowli Tellapur,ORG,ORG,1,
Bula!lluaBllpi OFFER LETTER,ORG,ORG,1,
Dineshkumar,PERSON,PERSON,1,
cCom,ORG,ORG,1,
yoe o o e oe ie e d e oiit,ORG,ORG,1,
li ork uo o tg o,ORG,ORG,1,
tg g,PERSON,PERSON,1,
Arafath Hussain,PERSON,PERSON,1,
Thet s eng,PERSON,PERSON,1,
s s s e lo,ORG,ORG,1,
s iki,ORG,ORG,1,
Ccoma,ORG,ORG,1,
Yoen,PERSON,PERSON,1,
iet,NORP,NORP,1,
sg s n,ORG,ORG,1,
Gachibowli,GPE,GPE,1,
Tllapur,GPE,GPE,1,
56951,DATE,DATE,1,
Satha Siva .T,PERSON,PERSON,1,
Subash Naik,PERSON,PERSON,1,
s s lo,PERSON,PERSON,1,
Comt,PRODUCT,PRODUCT,1,
soeg tt sg,PERSON,PERSON,1,
Futuristic Experience',WORK_OF_ART,WORK_OF_ART,1,
Siva Kumar,PERSON,PERSON,1,
s s lli li,PERSON,PERSON,1,
Youss,GPE,GPE,1,
Yyou,ORG,ORG,1,
ork uo o etn,ORG,ORG,1,
Kumar,PERSON,PERSON,1,
Yo,PERSON,PERSON,1,
sa s,ORG,ORG,1,
14921,DATE,DATE,1,
Ramananda,PERSON,PERSON,1,
Tnhet,PERSON,PERSON,1,
rs p tt,PERSON,PERSON,1,
Ccom,ORG,ORG,1,
s o o e one,ORG,ORG,1,
Dear Mr,ORG,ORG,1,
Bhanu Teja,PERSON,PERSON,1,
Bharani Pamishetty,PERSON,PERSON,1,
C.Geetha Mounika,PERSON,PERSON,1,
Chaitanya Kiran,GPE,PERSON,1,
Devarakonda Harshasree,PERSON,PERSON,1,
Saikiran,PERSON,PERSON,1,
Garla Madhuri,PERSON,PERSON,1,
Haritha Yenikekalava,PERSON,PERSON,1,
Jaswanth Raju,PERSON,PERSON,1,
Kamireddy Mounika,PERSON,PERSON,1,
Korapala Sri Divya,PERSON,PERSON,1,
M.Ranga Sai,PERSON,PERSON,1,
Mahitha K,PERSON,PERSON,1,
Naga Sai Harshitha V,PERSON,PERSON,1,
Nataraja G,PERSON,PERSON,1,
Niha Shareen,PERSON,PERSON,1,
P.Om Prakesh,PERSON,PERSON,1,
Priyanka Raj C,PERSON,PERSON,1,
Ravindra Kumar Rao Ambar,PERSON,PERSON,1,
Rudhvik,PERSON,PERSON,1,
Safia Valli,PERSON,PERSON,1,
Sai Praneeth,PERSON,PERSON,1,
Sana Rama,PERSON,PERSON,1,
Shaik Almas,PERSON,PERSON,1,
Shaik Mohammed Khalid,PERSON,PERSON,1,
Shaik Rizwana,PERSON,PERSON,1,
Shaik,PERSON,PERSON,1,
Tasleem Kousar,PERSON,PERSON,1,
Shamsheer V,PERSON,PERSON,1,
Shirisha K,PERSON,PERSON,1,
Swathi Palla,PERSON,PERSON,1,
Swetha L,PERSON,PERSON,1,
Thanuja G,PERSON,PERSON,1,
Urmila,PERSON,PERSON,1,
V.Reddy Laharisha,PERSON,PERSON,1,
Vailpadu Shaik,PERSON,PERSON,1,
Vummidisetty Revanth,PERSON,PERSON,1,
First Party Stamp Duty Amount(Rs,ORG,ORG,1,
"26,2022",CARDINAL,CARDINAL,1,
the AGREEMENT INFOSYS,ORG,ORG,1,
0 400 INFOSYS LIMITED,PRODUCT,PRODUCT,1,
Bond INFOSYS LIMITED SALIL S PAREKH SUBIN-KAKACRSFL0882864852210879U NONACC,ORG,ORG,1,
kacrsfI08/ ELECTRONIC,ORG,ORG,1,
Four Hundred,CARDINAL,CARDINAL,1,
Infouys Limited,ORG,ORG,1,
Velankani Bus Electronic City,PERSON,PERSON,1,
KBSSN,PERSON,PERSON,1,
Branch Authorised Signatory,WORK_OF_ART,WORK_OF_ART,1,
AAA G,PRODUCT,PRODUCT,1,
"June 26, 2022",DATE,DATE,1,
Infosys Limited,ORG,ORG,1,
Salil S. Parekh,PERSON,PERSON,1,
the Company's Board of Directors,ORG,ORG,1,
Articles of Association,ORG,WORK_OF_ART,1,
Section 1(ii,LAW,(missed),1,
Employment Term,PERSON,PERSON,1,
"July 26, 2019",DATE,DATE,1,
"January 2, 2023",DATE,DATE,1,
Board Membership,ORG,ORG,1,
and/or Managing,PERSON,PERSON,1,
the Board of the Company,ORG,ORG,1,
Section 1(vi)(b,LAW,LAW,1,
Rupees Eight Crores,ORG,ORG,1,
"INR 80,000,000",MONEY,(missed),1,
Rupees Seventeen Crores,ORG,ORG,1,
"INR 170,000,000",MONEY,(missed),1,
"the ""Target Variable Pay",LAW,LAW,1,
125%,PERCENT,PERCENT,1,
the Target Variable Pay,ORG,ORG,1,
Maximum Variable Pay,WORK_OF_ART,WORK_OF_ART,1,
the last day,DATE,DATE,1,
such fiscal year,DATE,DATE,1,
Restricted Stock,ORG,ORG,1,
"Rupees Three
Crores",PERSON,PERSON,1,
"INR 30,000,000",MONEY,(missed),1,
"February 1, 2023",DATE,DATE,1,
"Grant
Date",WORK_OF_ART,WORK_OF_ART,1,
33.3%of,CARDINAL,CARDINAL,1,
Rupees,ORG,ORG,1,
Seventy Five,DATE,DATE,1,
"INR 347,500,000",MONEY,(missed),1,
Rupees Twenty One Crores,ORG,ORG,1,
"INR 217,500,000",MONEY,(missed),1,
Section 2(iii)(b,LAW,(missed),1,
C. Performance Equity,ORG,ORG,1,
Rupees Two Crores,ORG,ORG,1,
"INR
20,000,000",MONEY,(missed),1,
The Annual Performance Equity ESG Grant,ORG,ORG,1,
"the fiscal year
2022-23",DATE,DATE,1,
Rupees Five Crores,ORG,ORG,1,
"INR
50,000,000",MONEY,(missed),1,
2022-23,DATE,DATE,1,
3 full fiscal years,DATE,DATE,1,
"the
Board",ORG,ORG,1,
"31, 2025",DATE,DATE,1,
"the fiscal years
2025-26",DATE,DATE,1,
full fiscal years,DATE,DATE,1,
"March 31,2027",DATE,DATE,1,
Executive'sTerm,DESIGNATION,(missed),1,
less than 8,CARDINAL,CARDINAL,1,
DXC Technologies,ORG,ORG,1,
IBM,ORG,ORG,1,
"Capgemini, Tech Mahindra",ORG,ORG,1,
Atos,PERSON,PERSON,1,
HCL,ORG,ORG,1,
Nifty,NORP,NORP,1,
50,DATE,CARDINAL,1,
MSCI,ORG,ORG,1,
Relative TSR,ORG,ORG,1,
between 60% to 100%,PERCENT,PERCENT,1,
iii)(a)(b)(c,ORG,ORG,1,
"the ""Infosys Limited 2015 Incentive Compensation Plan",ORG,ORG,1,
Grants,NORP,NORP,1,
Grant Subject,PERSON,PERSON,1,
Rupees Ten Crores,ORG,ORG,1,
"INR 100,000,000",MONEY,(missed),1,
The Vesting of the 2019 Annual,WORK_OF_ART,WORK_OF_ART,1,
Share,PRODUCT,ORG,1,
the national stock exchange,ORG,ORG,1,
Infosys Expanded Stock Ownership Program,ORG,ORG,1,
Section 2(iii,LAW,(missed),1,
Fixed Pay,ORG,ORG,1,
Variable Pay and Stock Compensation,WORK_OF_ART,WORK_OF_ART,1,
U.S,GPE,GPE,1,
the Dodd-Frank Act,ORG,ORG,1,
Section 7,LAW,LAW,1,
"the ""Severance Compensation",LAW,LAW,1,
Performance Equity Grants,WORK_OF_ART,WORK_OF_ART,1,
the Infosys Limited 2015,ORG,ORG,1,
Exclusive Remedy,PERSON,PERSON,1,
asgryn n n o in,ORG,ORG,1,
1(vi)(c,CARDINAL,CARDINAL,1,
Competing Service/Product,WORK_OF_ART,WORK_OF_ART,1,
Competitive Business,WORK_OF_ART,WORK_OF_ART,1,
Tata ConsultancyServices Limited,ORG,ORG,1,
Accenture Limited,PERSON,ORG,1,
C. International Business Machines Corporation,ORG,ORG,1,
Tech Mahindra Limited,ORG,ORG,1,
Garden Leave,PERSON,WORK_OF_ART,1,
Garden,GPE,GPE,1,
Garden Leave,FAC,WORK_OF_ART,1,
the Garden Leave,FAC,FAC,1,
less than thirty,CARDINAL,CARDINAL,1,
12) months,DATE,DATE,1,
Prohibited Capacity,ORG,ORG,1,
Prohibited Capacity,WORK_OF_ART,ORG,1,
Restricted Geographic Area,WORK_OF_ART,ORG,1,
Restricted Time Period,ORG,ORG,1,
Restricted Time Period,WORK_OF_ART,ORG,1,
Non-Disclosure of Confidential Information,ORG,ORG,1,
"Confidential Information""shall",WORK_OF_ART,WORK_OF_ART,1,
11 4,CARDINAL,CARDINAL,1,
Non-Disclosure Obligations,ORG,ORG,1,
Executive'sconfidentiality,DESIGNATION,(missed),1,
Prohibited Capacity,FAC,ORG,1,
Referral Sources,ORG,ORG,1,
Person,PERSON,ORG,1,
four days,DATE,DATE,1,
"Infosys Limited
Attn",ORG,ORG,1,
"Board of Directors
Electronics City",ORG,ORG,1,
"Hosur Rd
Bangalore Karnataka",PERSON,PERSON,1,
560 100,CARDINAL,CARDINAL,1,
"Salil S Parekh
Flat",PERSON,PERSON,1,
Belmont Building,ORG,ORG,1,
37,CARDINAL,CARDINAL,1,
Napean Sea Road,LOC,LOC,1,
the Mumbai Centre for International Arbitration Rules,ORG,ORG,1,
Justice of the Supreme Court of,ORG,ORG,1,
"the ""Works",WORK_OF_ART,WORK_OF_ART,1,
Confidential Information 14,ORG,ORG,1,
the Confidential Information and Inventions Agreement,ORG,ORG,1,
Work,ORG,ORG,1,
Inventions Agreement (Exhibit A,WORK_OF_ART,WORK_OF_ART,1,
Waiver of Breach,ORG,ORG,1,
Tax Withholding,PERSON,PERSON,1,
the State of,GPE,GPE,1,
21.Acknowledgment,CARDINAL,CARDINAL,1,
Whanhe,PERSON,PERSON,1,
"KRISHNAMURTHY SHANKAR
Title",ORG,ORG,1,
EVP,ORG,ORG,1,
INFOSYS LEADERSHIP INSTITUTE,ORG,ORG,1,
"SALIL S.PAREKH
ANNEXURE
Compensation under Compensation",PERSON,PERSON,1,
"Employment this Employment
Agreement",ORG,ORG,1,
6.50 8.00,CARDINAL,CARDINAL,1,
3.25,CARDINAL,CARDINAL,1,
9.75 17.00,CARDINAL,CARDINAL,1,
13.00 34.75,CARDINAL,CARDINAL,1,
10.00 10.00,CARDINAL,CARDINAL,1,
"February, 2023",DATE,DATE,1,
3.00 February,DATE,DATE,1,
INR Crores,FAC,FAC,1,
INR Crores,ORG,FAC,1,
"May, 2023
2019",DATE,DATE,1,
"2.00 May, 2025",DATE,DATE,1,
INR Grant Date,ORG,ORG,1,
"August, 2022",DATE,DATE,1,
"May, 2023 23",DATE,DATE,1,
Equity TSR Grant,ORG,ORG,1,
"May, 2024 March 31, 2025",DATE,DATE,1,
May,DATE,DATE,1,
Equity TSR Grant,WORK_OF_ART,ORG,1,
the fiscal years 202526,DATE,DATE,1,
State/Country,ORG,ORG,1,
Start Date,WORK_OF_ART,ORG,1,
7/14,CARDINAL,CARDINAL,1,
XX,PERSON,PERSON,1,
XY,MONEY,MONEY,1,
Payoneer / Bank,ORG,ORG,1,
Independent Contractor Status,ORG,ORG,1,
Insert State or Country,ORG,ORG,1,
this Agreement,WORK_OF_ART,WORK_OF_ART,1,
Payoneer,ORG,ORG,1,
"Article 5 General Agreement
Property Description Not Applicable
Consideration Price",LAW,LAW,1,
THE AD AGENCY,ORG,ORG,1,
Five Hundred,CARDINAL,CARDINAL,1,
Certificate Issued Date,ORG,ORG,1,
11:19 PM,TIME,TIME,1,
"PRESSMAN ADVERTISING LIMITED
",ORG,ORG,1,
Embassy Quest,ORG,ORG,1,
"Magrath Road
",FAC,FAC,1,
560 025,CARDINAL,CARDINAL,1,
2559 7466,DATE,DATE,1,
80 2559 7452,DATE,DATE,1,
Kolkata (Calcutta,ORG,ORG,1,
Emerald House,ORG,ORG,1,
1B,CARDINAL,CARDINAL,1,
Old Post Office,ORG,ORG,1,
700 001,CARDINAL,CARDINAL,1,
2248,DATE,DATE,1,
Bombay,GPE,GPE,1,
"One World Centre
10th & 13th",ORG,ORG,1,
6636,DATE,DATE,1,
5050,DATE,DATE,1,
"7th & 8th Floors
Sector",ORG,ORG,1,
"Noida
Gautam Buddh Nagar",ORG,ORG,1,
201 301,PRODUCT,PRODUCT,1,
4151 5454,DATE,DATE,1,
4151 5318,DATE,DATE,1,
1 | 22,QUANTITY,QUANTITY,1,
this 18th day of,DATE,DATE,1,
September 2020,DATE,DATE,1,
4 Mangoe Lane,FAC,FAC,1,
Kolkata - 700 001,ORG,ORG,1,
Pressman House,ORG,ORG,1,
10A Lee Road,PERSON,PERSON,1,
"the ""Record Date",ORG,ORG,1,
"the ""Eligible Equity Shareholders",ORG,ORG,1,
"₹ 3,500",MONEY,(missed),1,
Ambit Capital Private Limited,ORG,ORG,1,
The Board of Directors,ORG,ORG,1,
"September 7, 2020",DATE,DATE,1,
BSE Limited,ORG,ORG,1,
the National Stock Exchange of,ORG,ORG,1,
The Calcutta Stock Exchange Limited,ORG,ORG,1,
"the ""Stock Exchanges",LAW,LAW,1,
Abridged Letter of Offer,WORK_OF_ART,WORK_OF_ART,1,
Adverse Reporting,WORK_OF_ART,WORK_OF_ART,1,
"corrigenda, circulars",PERSON,PERSON,1,
"the ""Promoter Group",ORG,ORG,1,
2(87,CARDINAL,CARDINAL,1,
the Securities and Exchange Board,ORG,ORG,1,
"India Act, 1992",LAW,(missed),1,
the Securities Contracts (Regulation) Act,ORG,ORG,1,
the Securities Contracts (Regulation) Rules,ORG,ORG,1,
1957,DATE,DATE,1,
"Foreign Exchange Management Act, 1999",LAW,(missed),1,
3 | 22,CARDINAL,CARDINAL,1,
Registrar of Companies,ORG,ORG,1,
the Reserve Bank of India,ORG,ORG,1,
Applicable Period,WORK_OF_ART,WORK_OF_ART,1,
Eligible Equity Shareholders,WORK_OF_ART,WORK_OF_ART,1,
Record Date,ORG,ORG,1,
Publicity Material,WORK_OF_ART,WORK_OF_ART,1,
Subsidiary,ORG,ORG,1,
"Promoters, Directors",ORG,ORG,1,
Company Representatives of the Company,ORG,ORG,1,
Joint Ventures,ORG,ORG,1,
Publicity Memorandum,WORK_OF_ART,WORK_OF_ART,1,
Rights Equity Shares,WORK_OF_ART,WORK_OF_ART,1,
Record Date,WORK_OF_ART,ORG,1,
4 | 22,QUANTITY,QUANTITY,1,
Letter of Offer,WORK_OF_ART,WORK_OF_ART,1,
Prithviraj Singh Oberoi,FAC,FAC,1,
Shib Sanker Mukherji,ORG,ORG,1,
Singh Oberoi,ORG,ORG,1,
Arjun Singh Oberoi,ORG,ORG,1,
Deepak Madhok,GPE,GPE,1,
Aravali Polymers LLP,PERSON,PERSON,1,
Bombay Plaza Private Limited,ORG,ORG,1,
Oberoi Buildings and Investments Private Limited,ORG,ORG,1,
Oberoi Holdings Private Limited,ORG,ORG,1,
Oberoi Hotels Private Limited,ORG,ORG,1,
Oberoi Investments Private Limited,ORG,ORG,1,
Oberoi Leasing and Finance Company Private Limited,ORG,ORG,1,
Oberoi Plaza Private Limited,ORG,ORG,1,
Oberoi Properties Private Limited,ORG,ORG,1,
"May 6, 2020",DATE,DATE,1,
Recital C,ORG,ORG,1,
'days',DATE,DATE,1,
Regulation 83,LAW,LAW,1,
Chapter III,LOC,LOC,1,
Schedule IX,PERSON,PERSON,1,
6 | 22,QUANTITY,QUANTITY,1,
Issue Documents,NORP,NORP,1,
each working day,DATE,DATE,1,
a working day,DATE,DATE,1,
the next working day,DATE,DATE,1,
7 | 22,QUANTITY,QUANTITY,1,
Advertisements,ORG,PERSON,1,
Hindi,GPE,GPE,1,
3.9,CARDINAL,CARDINAL,1,
8 | 22,QUANTITY,QUANTITY,1,
Media Monitoring,ORG,ORG,1,
"₹ 100,000",MONEY,(missed),1,
Statutory Advertisements,LOC,LOC,1,
Wherever the Agency,ORG,ORG,1,
9 | 22,TIME,TIME,1,
Clauses 9,ORG,ORG,1,
10 | 22,QUANTITY,QUANTITY,1,
11 | 22,CARDINAL,CARDINAL,1,
10.4,CARDINAL,CARDINAL,1,
this six month,DATE,DATE,1,
12 | 22,QUANTITY,QUANTITY,1,
13 | 22,QUANTITY,QUANTITY,1,
110 054,CARDINAL,CARDINAL,1,
2308,DATE,DATE,1,
SN Sridhar,ORG,ORG,1,
Pressman Advertising Ltd,ORG,ORG,1,
126,CARDINAL,CARDINAL,1,
Nariman Point,PERSON,PERSON,1,
6623,DATE,DATE,1,
3000,CARDINAL,CARDINAL,1,
15 | 22,CARDINAL,CARDINAL,1,
"Authorised Signatory
Date",WORK_OF_ART,WORK_OF_ART,1,
Pressman Adver2sing Limited,ORG,ORG,1,
Par5es,ORG,ORG,1,
17 | 22,QUANTITY,QUANTITY,1,
AGENCY,ORG,ORG,1,
"Dear Sir / Ma'am
Re: Information",WORK_OF_ART,WORK_OF_ART,1,
the Company to Agency,ORG,ORG,1,
18 | 22,QUANTITY,QUANTITY,1,
"Lead
Manager",DESIGNATION,(missed),1,
the Agreement and Applicable Law,LAW,LAW,1,
"Pressman Advertising Limited
Authorised Signatory
Name",ORG,ORG,1,
