ngram,frequency,meaningful
any,3534,False
company,3280,True
will,2382,False
shall,2280,True
agreement,1549,True
not,1464,False
employee,1282,True
may,1131,True
party,1124,True
employment,1099,True
time,1091,True
all,1012,False
information,959,True
e,949,True
's,930,True
date,872,True
period,864,True
term,756,True
work,695,True
per,686,True
include,685,True
provide,678,True
during,661,False
business,613,True
notice,608,True
right,583,True
policy,582,True
india,575,True
service,562,True
agree,562,True
month,548,True
require,545,True
offer,544,True
day,538,True
confidential,520,True
subject,519,True
applicable,518,True
training,477,True
make,466,True
without,466,True
letter,461,True
use,460,True
performance,450,True
salary,438,True
year,437,True
pay,431,True
benefit,431,True
law,415,True
engineering,413,True
program,412,True
condition,399,True
no,387,False
give,383,True
document,380,True
join,377,True
consultant,372,True
termination,370,True
n,361,True
executive,359,True
would,339,True
college,337,True
after,337,False
property,330,True
write,329,True
base,327,True
name,326,True
appointment,321,True
leave,318,True
upon,318,True
only,312,False
tcs,311,True
process,303,True
please,303,True
copy,302,True
part,300,True
one,298,True
mou,293,True
entitle,289,True
terminate,289,True
case,289,True
provision,287,True
also,284,True
sign,281,True
can,281,False
road,273,True
amount,271,True
interest,269,True
associate,266,True
prior,265,True
follow,265,True
customer,264,True
purpose,261,True
wipro,258,True
limited,252,True
person,252,True
duty,250,True
b,249,True
compensation,249,True
employer,244,True
obligation,242,True
either,241,True
accordance,240,True
tcsl,236,True
within,233,True
relate,233,True
authority,228,True
1,226,True
detail,225,True
project,224,True
assignment,223,True
conduct,222,True
refer,220,True
office,217,True
bangalore,217,True
eligible,216,True
r,214,True
management,214,True
change,213,True
payment,213,True
annual,212,True
intellectual,211,True
first,210,True
disclose,210,True
mean,210,True
activity,209,True
event,207,True
discretion,205,True
material,205,True
student,205,True
writing,204,True
submit,203,True
act,201,True
course,200,True
delivery,199,True
datum,199,True
plan,198,True
university,197,True
rrce,197,True
breach,196,True
address,195,True
contract,195,True
available,195,True
2,194,True
personal,194,True
allowance,193,True
organization,192,True
department,192,True
issue,192,True
and/or,191,True
rajarajeswari,190,True
location,188,True
otherwise,185,True
mention,184,True
towards,182,True
completion,182,True
deem,182,True
order,182,True
govern,181,True
effective,179,True
partner,178,True
ltd,177,True
certificate,177,True
set,177,True
accept,176,True
reason,176,True
receive,175,True
confidentiality,175,True
assign,174,True
take,171,True
expense,171,True
rule,171,True
respect,169,True
parties,169,True
karnataka,169,True
return,168,True
grant,168,True
sole,167,True
cost,167,True
dear,166,True
complete,165,True
signature,163,True
c,163,True
acceptance,162,True
third,162,True
contractor,161,True
contribution,161,True
result,160,True
perform,160,True
limit,159,True
post,159,True
whether,158,True
technology,156,True
internship,155,True
pvt,155,True
financial,155,True
bind,155,True
report,153,True
improvement,152,True
hour,151,True
development,151,True
legal,151,True
before,151,False
insurance,150,True
probation,150,True
cross,150,True
no.,149,True
3,149,True
services,149,True
must,147,True
unless,147,True
aera,146,True
reserve,146,True
effect,146,True
should,146,False
new,145,True
cover,142,True
form,142,True
except,142,True
agency,142,True
request,141,True
amdocs,141,True
full,140,True
engage,140,True
requirement,139,True
action,139,True
number,139,True
confirm,138,True
technical,137,True
behalf,137,True
basic,136,True
clause,135,True
etc.,134,True
basis,134,True
connection,134,True
mark,134,True
cause,133,True
tax,133,True
arise,133,True
trade,133,True
regard,132,True
research,132,True
directly,131,True
bonus,130,True
medical,129,True
group,129,True
code,128,True
affiliate,128,True
two,127,True
place,127,True
understand,127,True
need,127,True
private,126,True
consent,126,True
disclosure,126,True
regulation,125,True
review,124,True
responsibility,124,True
acknowledge,124,True
electrical,124,True
far,123,True
matter,122,True
force,121,True
lieu,121,True
note,121,True
client,121,True
claim,121,True
30,121,True
individual,120,True
minimum,120,True
execute,120,True
reference,119,True
good,119,True
institute,119,True
|,119,True
member,118,True
monthly,118,True
12,117,True
annexure,117,True
opportunity,117,True
consideration,117,True
continue,117,True
undertake,117,True
facility,117,True
transfer,116,True
component,114,True
successful,114,True
support,114,True
due,114,True
authorize,114,True
ii,114,True
application,113,True
>,113,True
conflict,113,True
enter,113,True
share,113,True
total,112,True
duly,112,True
6,112,True
decision,111,True
state,111,True
extend,110,True
indirectly,110,True
maintain,110,True
register,110,True
check,109,True
joining,109,True
against,109,False
remain,109,True
team,109,True
carry,109,True
contain,109,True
product,109,True
bidder,109,True
incentive,108,True
permit,108,True
14,108,True
position,107,True
variable,107,True
liable,107,True
data,107,True
statutory,107,True
equity,107,True
invention,106,True
software,106,True
necessary,106,True
design,106,True
arbitration,106,True
mysore,106,True
travel,105,True
record,105,True
remuneration,105,True
airport,105,True
consultancy,104,True
10,104,True
learn,104,True
obtain,104,True
account,104,True
access,103,True
nature,103,True
modify,103,True
comply,103,True
system,102,True
email,102,True
however,101,True
technologies,101,True
professional,100,True
damage,100,True
relationship,100,True
remedy,100,True
find,100,True
dispute,100,True
platform,99,True
oe,99,True
fund,99,True
appropriate,99,True
mr.,99,True
proprietary,99,True
government,98,True
scheme,98,True
director,98,True
satisfactory,98,True
ensure,97,True
security,97,True
intel,97,True
jurisdiction,96,True
consider,96,True
technological,96,True
job,95,True
secret,95,True
designation,95,True
develop,94,True
representative,94,True
communication,93,True
title,93,True
manner,92,True
role,92,True
understanding,92,True
personnel,92,True
relevant,91,True
lead,91,True
education,91,True
electronics,91,True
rider,91,True
define,90,True
court,90,True
g,90,True
ramohalli,90,True
hold,89,True
whatsoever,89,True
cognizant,89,True
approve,89,True
k,89,True
create,88,True
entity,88,True
end,87,True
amend,87,True
additional,86,True
list,86,True
background,86,True
final,86,True
international,85,True
i.e.,85,True
institution,85,True
solely,85,True
key,85,True
possession,85,True
manager,85,True
reasonable,85,True
annum,84,True
knowledge,84,True
say,84,True
contact,84,True
rfp,84,True
amendment,83,True
every,83,True
utilize,83,True
4,83,True
bengaluru,83,True
fee,83,True
operation,82,True
immediately,82,True
free,82,True
area,82,True
board,82,True
proposal,82,True
communicate,81,True
learning,81,True
efficient,81,True
construe,81,True
pursuant,80,True
experience,80,True
along,80,True
f,80,True
faculty,80,True
aliens,80,True
determine,79,True
specific,79,True
addition,78,True
various,78,True
online,78,True
scope,78,True
card,78,True
forth,78,True
2020,78,True
pleased,77,True
respective,77,True
come,77,True
control,77,True
constitute,77,True
mutually,77,True
visvesvaraya,77,True
5,76,True
future,76,True
value,76,True
academic,76,True
failure,76,True
v,76,True
holiday,75,True
engineer,75,True
criterion,75,True
award,75,True
specify,75,True
payable,75,True
employ,75,True
2019,75,True
thousand,74,True
selection,74,True
expect,74,True
valid,74,True
pvt.,74,True
source,73,True
represent,73,True
ltd.,73,True
evaluation,73,True
original,72,True
wish,72,True
skill,72,True
sheet,72,True
three,72,True
relation,72,True
entire,72,True
phi,72,True
7,71,True
section,71,True
option,71,True
20,71,True
function,71,True
notify,71,True
approval,71,True
waiver,71,True
dr.,71,True
public,70,True
gross,70,True
link,70,True
verification,70,True
e-mail,70,True
call,70,True
know,69,True
hereunder,69,True
serve,69,True
open,69,True
floor,69,True
liability,69,True
mutual,69,True
gintaa,68,True
select,68,True
week,68,True
family,68,True
head,68,True
appoint,68,True
conditions,68,True
second,68,True
method,68,True
apply,68,True
rules,68,True
delhi,68,True
coverage,67,True
standard,67,True
become,67,True
well,67,True
food,67,True
semester,67,True
retain,66,True
keep,66,True
seek,66,True
inform,66,True
aggregate,66,True
iii,66,True
accident,66,True
eligibility,66,True
present,66,True
medium,66,True
vest,66,True
witness,66,True
p,66,True
six,65,True
avail,65,True
capacity,65,True
read,65,True
pension,65,True
bid,65,True
discharge,65,True
trust,65,True
engagement,65,True
deliver,65,True
child,64,True
industry,64,True
computer,64,True
equipment,64,True
officer,64,True
receipt,64,True
duration,64,True
practice,64,True
fice,64,True
mt,64,True
gratuity,63,True
subsidiary,63,True
probationary,63,True
te,63,True
maximum,63,True
fail,63,True
successor,63,True
kumbalgodu,63,True
association,62,True
way,62,True
related,62,True
provident,62,True
involve,62,True
limitation,62,True
following,62,True
indicate,62,True
15,62,True
protect,62,True
tariff,62,True
independent,61,True
general,61,True
working,61,True
high,61,True
declare,61,True
educational,61,True
circumstance,61,True
exist,61,True
exclusive,61,True
submission,61,True
charge,61,True
nagar,61,True
2021,61,True
life,60,True
duplicate,60,True
token,60,True
u,60,True
perquisite,60,True
like,60,True
responsible,60,True
mobile,60,True
trainee,60,True
receiving,60,True
se,59,True
bear,59,True
special,59,True
exchange,59,True
achieve,58,True
mandatory,58,True
vary,58,True
increment,58,True
principal,58,True
forward,58,True
assist,58,True
direct,58,True
execution,58,True
side,58,True
decide,57,True
corporate,57,True
market,57,True
extent,57,True
xplore,57,True
schedule,57,True
080,57,True
workshop,57,True
collaboration,57,True
earn,56,True
immediate,56,True
portal,56,True
bring,56,True
covenant,56,True
representation,56,True
enforce,56,True
60,56,True
corporation,56,True
context,56,True
payout,56,True
income,56,True
incur,56,True
expressly,56,True
wilp,56,True
terms,55,True
drawing,55,True
policies,55,True
+,55,True
site,55,True
official,55,True
restriction,55,True
rights,55,True
model,55,True
power,55,True
campus,54,True
recover,54,True
start,54,True
solicit,54,True
stage,54,True
intend,54,True
compliance,54,True
deduction,54,True
look,54,True
identify,54,True
`,54,True
table,54,True
participate,54,True
arrangement,54,True
welcome,53,True
degree,53,True
sum,53,True
assistance,53,True
initial,53,True
advance,53,True
permission,53,True
paper,53,True
confirmation,52,True
assessment,52,True
even,52,True
outside,52,True
ee,52,True
+91,52,True
trading,52,True
level,52,True
copyright,52,True
bank,52,True
main,52,True
quess,52,True
enrolment,52,True
prevent,51,True
l,51,True
exercise,51,True
therefore,51,True
release,51,True
concern,51,True
allow,51,True
automatically,51,True
attempt,51,True
resource,51,True
agent,51,True
similar,51,True
meaning,51,True
stock,51,True
generis,51,True
file,50,True
mealversity,50,True
innovation,50,True
get,50,True
meet,50,True
iv,50,True
prescribe,50,True
cease,50,True
tel,50,True
pertain,50,True
bengaluru-74,50,True
actual,49,True
hr,49,True
license,49,True
operate,49,True
fit,49,True
equivalent,49,True
unit,49,True
another,49,True
loan,49,True
price,49,True
ae,49,True
misconduct,49,True
loss,49,True
affiliated,49,True
stamp,49,True
22,49,True
aicte,49,True
fix,48,True
particular,48,True
retirement,48,True
withdraw,48,True
survive,48,True
esi,48,True
void,48,True
guideline,48,True
last,48,True
house,48,True
deduct,48,True
structure,48,True
establish,48,True
calendar,47,True
pf,47,True
sell,47,True
affect,47,True
depend,47,True
study,47,True
regulations,47,True
govt.,47,True
mechanical,47,True
operational,46,True
procedure,46,True
early,46,True
strictly,46,True
credential,46,True
send,46,True
item,46,True
centre,46,True
notwithstanding,46,True
goc,46,True
x-ciencia,46,True
pm,45,True
career,45,True
likely,45,True
undergo,45,True
normal,45,True
enable,45,True
unenforceable,45,True
wage,45,True
subsequent,45,True
modification,45,True
proceeding,45,True
authorized,44,True
country,44,True
permanent,44,True
consultation,44,True
ctc,43,True
commence,43,True
five,43,True
help,43,True
provider,43,True
vendor,43,True
th,43,True
certain,43,True
8,43,True
treat,43,True
relocation,43,True
premium,43,True
belong,43,True
nor,43,False
560074,43,True
rupees,42,True
spouse,42,True
long,42,True
patent,42,True
separation,42,True
voluntary,42,True
kind,42,True
h,42,True
stand,42,True
candidate,42,True
restaurant,42,True
cin,42,True
certify,42,True
developer,42,True
expression,42,True
sebi,42,True
professor,42,True
excellence,42,True
exceed,41,True
update,41,True
industrial,41,True
reimbursement,41,True
supplier,41,True
false,41,True
disclosing,41,True
purchase,41,True
grade,41,True
until,41,False
determination,41,True
collect,41,True
invalid,41,True
1st,41,True
9,41,True
statement,41,True
infrastructure,41,True
ms.,41,True
lab,41,True
safety,41,True
automatic,41,True
belgaum,41,True
type,40,True
kumar,40,True
accord,40,True
quarter,40,True
hand,40,True
book,40,True
documentation,40,True
legally,40,True
score,40,True
processing,40,True
previous,40,True
id,40,True
absence,40,True
arbitrator,40,True
devote,40,True
expert,40,True
app,40,True
joint,40,True
belagavi,40,True
least,39,True
superannuation,39,True
express,39,True
dependent,39,True
accommodation,39,True
560,39,True
instruction,39,True
delay,39,True
competent,39,True
less,39,True
home,39,True
center,39,True
isert,39,True
health,38,True
signatory,38,True
shift,38,True
deliverable,38,True
onboarding,38,True
violation,38,True
disciplinary,38,True
cessation,38,True
beyond,38,True
test,38,True
tool,38,True
prohibit,38,True
payroll,38,True
intern,38,True
indian,38,True
abide,38,True
pan,38,True
proper,38,True
marketing,38,True
2008,38,True
students,38,True
line,37,True
proof,37,True
inr,37,True
successfully,37,True
age,37,True
stack,37,True
meeting,37,True
wbp,37,True
current,37,True
traineeship,37,True
certification,37,True
promptly,37,True
instrument,37,True
locate,37,True
march,37,True
website,37,True
nec,37,True
loyal,37,True
viasat,36,True
target,36,True
suit,36,True
top,36,True
idea,36,True
sensitive,36,True
supersede,36,True
upsi,36,True
till,36,True
neither,36,True
relief,36,True
premise,36,True
reasonably,36,True
capgemini,36,True
national,36,True
●,36,True
indirect,36,True
layout,36,True
iot,36,True
info@rrce.org,36,True
enquiry@rrce.org,36,True
choose,35,True
vi,35,True
encourage,35,True
legitimate,35,True
taxis,35,True
exemption,35,True
credit,35,True
separate,35,True
machine,35,True
calculation,35,True
waive,35,True
com,35,True
language,35,True
nothing,35,True
non,35,True
partnership,35,True
et,35,True
field,35,True
https://www.rrce.org,35,True
congratulation,34,True
continuous,34,True
global,34,True
relieve,34,True
internal,34,True
death,34,True
oral,34,True
rupee,34,True
local,34,True
phone,34,True
strict,34,True
mail,34,True
commencement,34,True
2nd,34,True
potential,34,True
trademark,34,True
restrictive,34,True
solutions,34,True
propose,34,True
interaction,34,True
affiliates,34,True
payyanur,34,True
commit,33,True
a.,33,True
furnish,33,True
specifically,33,True
https://wipro.icims.com/forms?module=forms&action=showform&view=htm&form=elite_offer_letter_template_2022&user=2,33,True
could,33,True
discovery,33,True
protection,33,True
firm,33,True
telephone,33,True
print,33,True
render,33,True
systems,33,True
whereof,33,True
lti,33,True
memorandum,33,True
risk,32,True
window,32,True
branch,32,True
interview,32,True
designate,32,True
lakh,32,True
engineers,32,True
portion,32,True
miscellaneous,32,True
highly,32,True
upto,32,True
regulatory,32,True
construction,32,True
incorporate,32,True
world,32,True
attorney,32,True
3rd,32,True
registration,32,True
analysis,32,True
cse,32,True
incubatee,32,True
lay,31,True
ss,31,True
suitable,31,True
contribute,31,True
avoid,31,True
sarjapur,31,True
jointly,31,True
transaction,31,True
24,31,True
entitlement,31,True
singh,31,True
programme,31,True
content,31,True
availability,31,True
influence,31,True
evidence,31,True
reporting,31,True
science,31,True
electronic,31,True
11,31,True
quality,31,True
committee,31,True
iso,31,True
loginware,31,True
remote,30,True
b.,30,True
placement,30,True
expiration,30,True
desire,30,True
detailed,30,True
discuss,30,True
creation,30,True
insider,30,True
unique,30,True
equal,30,True
privacy,30,True
resignation,30,True
description,30,True
qualification,30,True
prepare,30,True
interested,30,True
promotion,30,True
pune,30,True
negligence,30,True
sale,30,True
issuance,30,True
chennai,30,True
gem,30,True
collaborate,30,True
startup,30,True
url,29,True
2022,29,True
readiness,29,True
module,29,True
confidence,29,True
expiry,29,True
cash,29,True
deposit,29,True
investment,29,True
<,29,True
sponsor,29,True
declaration,29,True
administrative,29,True
competitive,29,True
commission,29,True
supervisor,29,True
accordingly,29,True
bill,29,True
low,29,True
x,29,True
ne,29,True
discussion,29,True
sector,29,True
fraud,29,True
web,29,True
page,29,True
question,29,True
graduate,29,True
surety,29,True
documents,29,True
validity,29,True
non-solicitation,29,True
collectively,29,True
nba,29,True
solution,29,True
prevail,29,True
gst,29,True
society,29,True
accenture,29,True
journey,28,True
ability,28,True
specification,28,True
oo,28,True
injury,28,True
intent,28,True
competitor,28,True
know-how,28,True
point,28,True
illegal,28,True
clear,28,True
significant,28,True
nominal,28,True
50,28,True
reduce,28,True
negotiate,28,True
objective,28,True
flexible,28,True
photograph,28,True
rate,28,True
class,28,True
kolkata,28,True
bob,28,True
thereto,28,True
ground,28,True
omission,28,True
block,28,True
1000,28,True
september,28,True
fiscal,28,True
approach,28,True
guarantee,28,True
human,28,True
visit,28,True
presentation,28,True
regular,28,True
repugnant,28,True
commercial,28,True
labs,28,True
registered,28,True
eaglestone,28,True
maternity,27,True
2017,27,True
stream,27,True
pende,27,True
go,27,True
extra,27,True
establishment,27,True
non-compete,27,True
commitment,27,True
warrant,27,True
judicial,27,True
might,27,True
generally,27,True
deal,27,True
suspension,27,True
civil,27,True
retention,27,True
benefits,27,True
settlement,27,True
self,27,True
es,27,True
passport,27,True
thirty,27,True
format,27,True
undertaking,27,True
thereafter,27,True
clarification,27,True
foregoing,27,True
absolute,27,True
describe,27,True
economic,27,True
conference,27,True
9001,27,True
scholar,27,True
26,26,True
sub,26,True
status,26,True
impart,26,True
people,26,True
vss,26,True
irrespective,26,True
technique,26,True
former,26,True
conceive,26,True
securities,26,True
criminal,26,True
stipend,26,True
package,26,True
next,26,True
ref,26,True
identity,26,True
moral,26,True
interpretation,26,True
asset,26,True
digital,26,True
building,26,True
2018,26,True
warranty,26,True
bellandur,26,True
space,26,True
li,26,True
gate,26,True
incubation,26,True
icdr,26,True
non-disclosure,25,True
discrepancy,25,True
growth,25,True
concept,25,True
faith,25,True
band,25,True
diploma,25,True
revoke,25,True
occur,25,True
monitor,25,True
individually,25,True
internet,25,True
whichever,25,True
drive,25,True
reach,25,True
kindly,25,True
employees,25,True
together,25,True
affidavit,25,True
formal,25,True
social,25,True
prejudice,25,True
18,25,True
j,25,True
cancel,25,True
indemnify,25,True
demand,25,True
category,25,True
implement,25,True
near,25,True
vehicle,25,True
covenants,25,True
thing,25,True
sexual,25,True
effort,25,True
milestone/,25,True
town,25,True
problem,25,True
tequed,25,True
facilities,25,True
softtec,25,True
advertisements,25,True
template,24,True
plot,24,True
residential,24,True
ownership,24,True
divulge,24,True
leaf,24,True
intimate,24,True
80,24,True
consistent,24,True
advisory,24,True
induce,24,True
recommendation,24,True
different,24,True
posting,24,True
enhance,24,True
november,24,True
insert,24,True
twenty,24,True
harassment,24,True
secure,24,True
100,24,True
device,24,True
plus,24,True
definition,24,True
observe,24,True
satisfaction,24,True
guidance,24,True
publicity,24,True
station,24,True
3/3/2,24,True
selectsmart,24,True
kumbalagodu,24,True
www.rrce.org,24,True
collaborative,24,True
sample,23,True
environment,23,True
enroll,23,True
participation,23,True
initiate,23,True
advise,23,True
acquire,23,True
active,23,True
quarterly,23,True
factor,23,True
en,23,True
6th,23,True
anyone,23,True
park,23,True
tata,23,True
twelve,23,True
forthwith,23,True
laboratory,23,True
success,23,True
domain,23,True
enforceable,23,True
fax,23,True
exam,23,True
er,23,True
safe,23,True
2025,23,True
invoice,23,True
560103,23,True
hod,23,True
l74140ka2007plc043909,23,True
advertising,23,True
virtual,23,True
seminar,23,True
physics,23,True
rajarajeshwari,23,True
usn,23,True
rsus,23,True
balance,22,True
manage,22,True
harm,22,True
remove,22,True
profit,22,True
voluntarily,22,True
notional,22,True
contingency,22,True
prescribed,22,True
40,22,True
restrict,22,True
profile,22,True
care,22,True
save,22,True
and/,22,True
distribution,22,True
july,22,True
irrevocably,22,True
hire,22,True
examination,22,True
train,22,True
rs.,22,True
possible,22,True
c.,22,True
fully,22,True
past,22,True
shareholder,22,True
anything,22,True
s.,22,True
expertise,22,True
hyderabad,22,True
ai,22,True
6105,22,True
6001/,22,True
6888,22,True
connect@quesscorp.com,22,True
scholarship,22,True
certified,22,True
tsr,22,True
recruitment,21,True
four,21,True
late,21,True
acceptable,21,True
inclusive,21,True
"rs.1,50,000",21,True
comprise,21,True
recognize,21,True
quote,21,True
attend,21,True
enrol,21,True
promise,21,True
multiple,21,True
message,21,True
resolve,21,True
discontinue,21,True
honorary,21,True
ask,21,True
english,21,True
transport,21,True
venue,21,True
mumbai,21,True
attach,21,True
whole,21,True
old,21,True
13,21,True
dxc,21,True
compete,21,True
pg,21,True
reg,21,True
word,21,True
2016,21,True
selected,21,True
i/,21,True
user,21,True
venture,21,True
topic,21,True
s.m,21,True
fellow,21,True
charitable,21,True
hundred,20,True
build,20,True
arrear,20,True
extensive,20,True
correspondence,20,True
formality,20,True
convenient,20,True
aspect,20,True
situation,20,True
penalty,20,True
add,20,True
across,20,True
hra,20,True
rental,20,True
"rs. 20,000",20,True
w,20,True
thank,20,True
want,20,True
ot,20,True
ie,20,True
city,20,True
ongoing,20,True
membership,20,True
session,20,True
remunerative,20,True
exclude,20,True
verify,20,True
interpret,20,True
attention,20,True
extension,20,True
fair,20,True
advanced,20,True
contractual,20,True
oct,20,True
via,20,True
fixed,20,True
indicative,20,True
difference,20,True
june,20,True
common,20,True
connect,20,True
preparation,20,True
airports,20,True
orders,20,True
milestone,20,True
strategic,20,True
r.,20,True
projects,20,True
corp.,20,True
lecture,20,True
father,20,True
074,20,True
moogambigai,20,True
noe,20,True
tenure,19,True
self-directed,19,True
corpus,19,True
integrity,19,True
exclusively,19,True
ten,19,True
curriculum,19,True
housing,19,True
resign,19,True
lump,19,True
25,19,True
whatever,19,True
signing,19,True
bond,19,True
conveyance,19,True
competency,19,True
allocate,19,True
fact,19,True
adequate,19,True
generate,19,True
600,19,True
later,19,True
aeronautical,19,True
cell,19,True
discipline,19,True
feature,19,True
restricted,19,True
advertisement,19,True
tekion,19,True
organize,19,True
tkm,19,True
oracle,19,True
chemistry,19,True
eo,19,True
worker,18,True
lakhs,18,True
said,18,True
insure,18,True
doubt,18,True
buy,18,True
opinion,18,True
rent,18,True
guest,18,True
default,18,True
facilitate,18,True
st,18,True
complaint,18,True
90,18,True
absent,18,True
vacation,18,True
authorise,18,True
imply,18,True
store,18,True
misuse,18,True
governmental,18,True
authorization,18,True
finance,18,True
paragraph,18,True
village,18,True
resources,18,True
apr,18,True
pursue,18,True
show,18,True
reject,18,True
4th,18,True
database,18,True
leader,18,True
032,18,True
engg,18,True
8th,18,True
logo,18,True
scientist,18,True
ramanagara,18,True
college/,18,True
502,18,True
fo,18,True
01,17,True
https://www.mealversity.com/legal/rider/terms-and-conditions,17,True
21,17,True
affair,17,True
currently,17,True
gain,17,True
enrollment,17,True
enrolled,17,True
april,17,True
incident,17,True
willfully,17,True
dealing,17,True
central,17,True
alter,17,True
usage,17,True
hostel,17,True
figure,17,True
settle,17,True
overseas,17,True
always,17,True
fast,17,True
parent,17,True
stipulate,17,True
reveal,17,True
soon,17,True
birth,17,True
anytime,17,True
violate,17,True
competition,17,True
network,17,True
hear,17,True
pass,17,True
consulting,17,True
tech,17,True
separately,17,True
seal,17,True
blue,17,True
unauthorized,17,True
supply,17,True
convenience,17,True
06,17,True
impose,17,True
23,17,True
15th,17,True
increase,17,True
resolution,17,True
implementation,17,True
qualified,17,True
publication,17,True
empanelment,17,True
timing,17,True
corp,17,True
custody,17,True
reddy,17,True
imtma,17,True
mysuru,17,True
members,17,True
accredited,17,True
acs,17,True
kannur,17,True
prolific,17,True
hyper,17,True
branch/,17,True
reproduction,17,True
gachibowli,17,True
a.p.,17,True
infosys,17,True
pdf,16,True
close,16,True
phase,16,True
unable,16,True
initiative,16,True
possess,16,True
ro,16,True
nn,16,True
adverse,16,True
irreparable,16,True
relative,16,True
withholding,16,True
fulfil,16,True
deputation,16,True
provisional,16,True
meal,16,True
lta,16,True
hospitalization,16,True
renewal,16,True
calculate,16,True
e.g.,16,True
log,16,True
de,16,True
os,16,True
1.1,16,True
2.1,16,True
direction,16,True
2.2,16,True
money,16,True
size,16,True
ns,16,True
visa,16,True
hospitalisation,16,True
retire,16,True
offence,16,True
aadhaar,16,True
fulfill,16,True
organizational,16,True
injunctive,16,True
contrary,16,True
tower,16,True
sick,16,True
storage,16,True
severability,16,True
publish,16,True
adhere,16,True
protective,16,True
holder,16,True
partners,16,True
ix,16,True
ipr,16,True
prospective,16,True
video,16,True
vtu,16,True
electric,16,True
bi,16,True
,16,True
tellapur,16,True
eih,16,True
16,15,True
revise,15,True
secrecy,15,True
night,15,True
pre-joining,15,True
urge,15,True
natural,15,True
linked,15,True
accessible,15,True
mas,15,True
view,15,True
introduce,15,True
suppress,15,True
replace,15,True
graduation,15,True
treatment,15,True
procurement,15,True
true,15,True
b1,15,True
parameter,15,True
gpai,15,True
task,15,True
ip,15,True
resume,15,True
3.3,15,True
withhold,15,True
able,15,True
rs,15,True
maintenance,15,True
frame,15,True
important,15,True
expenditure,15,True
depute,15,True
break,15,True
pi,15,True
object,15,True
entrust,15,True
whose,15,True
remainder,15,True
many,15,True
attachment,15,True
valuable,15,True
among,15,True
advice,15,True
activities,15,True
subordinate,15,True
geographic,15,True
subsequently,15,True
regd,15,True
man,15,True
peer,15,True
senior,15,True
physical,15,True
counterpart,15,True
clearly,15,True
correct,15,True
ring,15,True
capital,15,True
reliability,15,True
merely,15,True
incidental,15,True
sir,15,True
district,15,True
directors,15,True
0,15,True
political,15,True
google,15,True
mentor,15,True
academy,15,True
mentorship,15,True
mou.,15,True
microsoft,15,True
smart,15,True
lnstitution,15,True
counsel,15,True
02,14,True
2023,14,True
mandate,14,True
supplementary,14,True
partial,14,True
icici,14,True
accumulate,14,True
impact,14,True
precede,14,True
abandon,14,True
roll,14,True
recovery,14,True
75,14,True
existence,14,True
5.1,14,True
reimburse,14,True
investigation,14,True
produce,14,True
marks,14,True
ou,14,True
binding,14,True
bouquet,14,True
cgpa,14,True
formula,14,True
gap,14,True
single,14,True
filing,14,True
recent,14,True
non-competition,14,True
monitoring,14,True
pleasure,14,True
ny,14,True
d.,14,True
enclose,14,True
rl'qd,14,True
115/535,14,True
mahabalipuram,14,True
okkiam,14,True
thoraipakkam,14,True
097,14,True
wages,14,True
aug,14,True
reside,14,True
tangible,14,True
al,14,True
east,14,True
properly,14,True
ue,14,True
hobli,14,True
overall,14,True
19,14,True
major,14,True
vii,14,True
draft,14,True
appendix,14,True
hybrid,14,True
majeure,14,True
2026,14,True
infra,14,True
intimation,14,True
2015,14,True
ave,14,True
afternoon,14,True
face,14,True
ats,14,True
python,14,True
electricals,14,True
altair,14,True
prof.,14,True
article,14,True
recital,14,True
real,14,True
lisp,14,True
tt,14,True
pos,14,True
studeņt,14,True
jotform,14,True
severance,14,True
seventy,13,True
great,13,True
mind,13,True
transition,13,True
one-month,13,True
unfortunate,13,True
edli,13,True
psp,13,True
range,13,True
functional,13,True
intranet,13,True
integral,13,True
associated,13,True
aware,13,True
currency,13,True
rainbow,13,True
compute,13,True
mywipro,13,True
expenses,13,True
financials-,13,True
4.1,13,True
measure,13,True
owe,13,True
promote,13,True
objection,13,True
sayan,13,True
laptop,13,True
step,13,True
il,13,True
domestic,13,True
anniversary,13,True
improve,13,True
external,13,True
rs100,13,True
foreign,13,True
hereafter,13,True
suffer,13,True
challenge,13,True
discretionary,13,True
faithfully,13,True
administration,13,True
attendance,13,True
alone,13,True
authorship,13,True
harmless,13,True
talent,13,True
weekly,13,True
response,13,True
revision,13,True
october,13,True
works,13,True
andheri,13,True
serious,13,True
17,13,True
collection,13,True
materials,13,True
publicly,13,True
11/,13,True
45,13,True
aviation,13,True
requisite,13,True
testing,13,True
outcome,13,True
stake,13,True
enterprises,13,True
begin,13,True
raise,13,True
outline,13,True
mr,13,True
opp,13,True
ordinance,13,True
earning,13,True
cod,13,True
m.,13,True
dignity,13,True
ug,13,True
core,13,True
micro,13,True
dept.,13,True
ei,13,True
ork,13,True
pressman,13,True
pointer,12,True
reconstructed,12,True
analyst,12,True
assure,12,True
nominee,12,True
handle,12,True
independently,12,True
adjustment,12,True
liquidate,12,True
literature,12,True
track,12,True
wherein,12,True
administer,12,True
effectively,12,True
reputation,12,True
move,12,True
importance,12,True
adopt,12,True
lease,12,True
regulate,12,True
unpublished,12,True
onetime,12,True
timeline,12,True
=,12,True
ce,12,True
sn,12,True
od,12,True
1.2,12,True
january,12,True
3.1,12,True
morning,12,True
owner,12,True
n't,12,True
assume,12,True
seven,12,True
jan,12,True
exigency,12,True
explore,12,True
framework,12,True
xperience,12,True
essential,12,True
normally,12,True
perfect,12,True
threat,12,True
nominate,12,True
tribunal,12,True
null,12,True
bengal,12,True
august,12,True
exhibit,12,True
llp,12,True
misrepresentation,12,True
hardware,12,True
already,12,True
discover,12,True
sufficient,12,True
fault,12,True
patentable,12,True
webinar,12,True
mar,12,True
indication,12,True
hope,12,True
're,12,True
notification,12,True
appear,12,True
sincerely,12,True
uo,12,True
outer,12,True
labour,12,True
worldwide,12,True
nda,12,True
deliverables,12,True
feasibility,12,True
fraudulent,12,True
tn,12,True
circular,12,True
ar,12,True
maybe,12,True
mailing,12,True
theft,12,True
school,12,True
example,12,True
cancellation,12,True
aim,12,True
lifetime,12,True
toyota,12,True
automobile,12,True
nagarabhavi,12,True
naaca,12,True
lot,12,True
feb,12,True
kambipura,12,True
sem,12,True
m.sc,12,True
otp,12,True
maine,12,True
yyoe,12,True
newspaper,12,True
periodically,11,True
smooth,11,True
formulae,11,True
pre,11,True
convert,11,True
happy,11,True
ng,11,True
tolerance,11,True
handwritten,11,True
ethics,11,True
periodic,11,True
graduates,11,True
subscribe,11,True
apart,11,True
above-mentioned,11,True
v.,11,True
b3,11,True
non-transferable,11,True
thus,11,True
exception,11,True
average,11,True
draw,11,True
co,11,True
accrue,11,True
workplace,11,True
casual,11,True
previously,11,True
3.2,11,True
2.3,11,True
behavior,11,True
login,11,True
https://wipro.icims.com/forms?module=forms&action=showform&view=htm&form=elite_offer_letter_template_2022&user=,11,True
assistant,11,True
disburse,11,True
insured,11,True
women,11,True
welfare,11,True
forum,11,True
digitally,11,True
components,11,True
avoidance,11,True
notebook,11,True
strategy,11,True
91,11,True
president,11,True
excited,11,True
advisor,11,True
misappropriation,11,True
suspend,11,True
coordinate,11,True
lapse,11,True
recruit,11,True
aid,11,True
vide,11,True
08,11,True
1stjuly,11,True
csd,11,True
advantage,11,True
scan,11,True
presence,11,True
identification,11,True
i.,11,True
december,11,True
february,11,True
10th,11,True
developments,11,True
delegate,11,True
solicitation,11,True
competing,11,True
west,11,True
hearing,11,True
forty,11,True
sales,11,True
"companies act, 2013",11,True
demonstrate,11,True
ceo,11,True
lucknow,11,True
invite,11,True
loa,11,True
methodology,11,True
07,11,True
column,11,True
consequential,11,True
energy,11,True
companies,11,True
suspect,11,True
31,11,True
courier,11,True
practicable,11,True
indemnity,11,True
discount,11,True
tort,11,True
beginning,11,True
sept,11,True
rise,11,True
refrain,11,True
judgment,11,True
withdrawal,11,True
completely,11,True
integration,11,True
brochure,11,True
workshops,11,True
personality,11,True
council,11,True
goal,11,True
refusal,11,True
embed,11,True
2006,11,True
colleges,11,True
frazer,11,True
vijayanagar,11,True
autodesk,11,True
thinking,11,True
lndustry,11,True
kerala,11,True
uc,11,True
preva,11,True
noise,11,True
ascribe,11,True
ye,11,True
shares,11,True
let,10,True
heir,10,True
on-the-job,10,True
"rs. 75,000/-(rupees",10,True
easy,10,True
transparent,10,True
reflect,10,True
checkbox,10,True
https://wipro.icims.com/forms?module=forms&action=showform&view=htm&form=elite_offer_letter_template_2022&user=24385695&item=65,10,True
survivor,10,True
/or,10,True
citizen,10,True
counseling,10,True
severe,10,True
levy,10,True
series,10,True
excess,10,True
5.31,10,True
wheeler,10,True
billable,10,True
bands,10,True
"inr 15,000-",10,True
prorate,10,True
floater,10,True
clarity,10,True
onto,10,True
miss,10,True
diligence,10,True
603,10,True
c-184,10,True
phase-,10,True
viii-a,10,True
sahibzada,10,True
ajit,10,True
punjab,10,True
160071,10,True
7.1,10,True
lawful,10,True
dishonesty,10,True
consecutive,10,True
relieving,10,True
conditional,10,True
accurate,10,True
staff,10,True
2.4,10,True
https://wipro.icims.com/forms?module=forms&action=showform&view=htm&form=elite_offer_letter_template_2022&user=23071042&item=42,10,True
click,10,True
hiring,10,True
download,10,True
https://wipro.icims.com/forms?module=forms&action=showform&view=htm&form=elite_offer_letter_template_2022&user=23073606&item=42,10,True
annexure-1,10,True
twice,10,True
backlog,10,True
unsatisfactory,10,True
critical,10,True
progress,10,True
history,10,True
explicit,10,True
surrender,10,True
suggestion,10,True
fill,10,True
prosecute,10,True
equitable,10,True
courts,10,True
vice,10,True
feel,10,True
buyer,10,True
carefully,10,True
away,10,True
endeavor,10,True
impair,10,True
continuance,10,True
institutions,10,True
chief,10,True
le,10,True
rd,10,True
doc,10,True
atr,10,True
qualify,10,True
planning,10,True
continuation,10,True
sr.,10,True
dist,10,True
car,10,True
max,10,True
ms,10,True
legislation,10,True
2018(joining,10,True
"rs. 2,40,000",10,True
laws,10,True
preclude,10,True
version,10,True
guilty,10,True
tender,10,True
practices,10,True
us,10,True
lunch,10,True
estt,10,True
agreed,10,True
orally,10,True
proposals,10,True
4.2,10,True
operator,10,True
air,10,True
traffic,10,True
viii,10,True
instance,10,True
mytp,10,True
order/,10,True
implication,10,True
recommend,10,True
comment,10,True
cumulative,10,True
obligate,10,True
primary,10,True
virtue,10,True
5th,10,True
k.,10,True
kolar,10,True
standing,10,True
follows,10,True
territory,10,True
dec,10,True
plaza,10,True
obligations,10,True
supervisory,10,True
son,10,True
stay,10,True
petronas,10,True
seminars,10,True
funding,10,True
etc,10,True
automation,10,True
internships,10,True
ml,10,True
shreekrish,10,True
naik,10,True
ece,10,True
courses,10,True
govt,10,True
apsis,10,True
raja,10,True
modality,10,True
eng,10,True
participant,10,True
one-shot,10,True
subin,10,True
amount(rs.,10,True
chance,10,True
mvp,10,True
rr,10,True
incubate,10,True
lsert,10,True
sha,10,True
145,10,True
ird,10,True
news,10,True
miss.,10,True
taskus,10,True
$,10,True
developers,10,True
sobriety,10,True
esg,10,True
promoters,10,True
oberoi,10,True
gig,9,True
monday,9,True
emolument,9,True
explain,9,True
24x7,9,True
curricular,9,True
ds,9,True
mandatorily,9,True
intervention,9,True
mooc,9,True
in-classroom,9,True
gear,9,True
besides,9,True
solemnly,9,True
terminable,9,True
hands-on,9,True
ol,9,True
"00,000",9,True
financials,9,True
og,9,True
benefits-,9,True
diligently,9,True
image,9,True
behind,9,True
affirm,9,True
utmost,9,True
indulge,9,True
entertainment,9,True
gift,9,True
procure,9,True
attract,9,True
dispose,9,True
taxable,9,True
exempt,9,True
exit,9,True
mediclaim,9,True
leverage,9,True
sources,9,True
1.3,9,True
abroad,9,True
5.2,9,True
principle,9,True
safeguard,9,True
negligent,9,True
fine,9,True
heading,9,True
sl,9,True
since,9,True
replacement,9,True
additionally,9,True
scenario,9,True
regularly,9,True
©,9,True
https://wipro.icims.com/forms?module=forms&action=showform&view=htm&form=elite_offer_letter_template_2022&user=23071154&item=426,9,True
https://wipro.icims.com/forms?module=forms&action=showform&view=htm&form=elite_offer_letter_template_2022&user=23075,9,True
https://wipro.icims.com/forms?module=forms&action=showform&view=htm&form=elite_offer_letter_template_2022&user=23075035&item=4265768,9,True
"rs.60,000",9,True
restructure,9,True
explicitly,9,True
behaviour,9,True
citizenship,9,True
manufacture,9,True
chart,9,True
gather,9,True
enhancement,9,True
reproduce,9,True
flexi,9,True
achievement,9,True
monetary,9,True
segment,9,True
wil,9,True
detrimental,9,True
regardless,9,True
para,9,True
focus,9,True
zero,9,True
net,9,True
fwd,9,True
acknowledgement,9,True
practical,9,True
proceed,9,True
disseminate,9,True
transmit,9,True
regional,9,True
hotel,9,True
specified,9,True
goodwill,9,True
t.,9,True
willing,9,True
organisation,9,True
yo,9,True
convey,9,True
fundamental,9,True
ethical,9,True
corrupt,9,True
united,9,True
servant,9,True
seller,9,True
chaudhary,9,True
charan,9,True
ccsia,9,True
7.2,9,True
consult,9,True
timely,9,True
stakeholder,9,True
estimate,9,True
examine,9,True
substantially,9,True
quantity,9,True
occurrence,9,True
production,9,True
thereunder,9,True
intelligence,9,True
founder,9,True
na,9,True
interior,9,True
insubordination,9,True
esteemed,9,True
programming,9,True
necessarily,9,True
cooperate,9,True
enterprise,9,True
infratech,9,True
pool,9,True
favour,9,True
ganesh,9,True
breakdown,9,True
emergency,9,True
12th,9,True
managerial,9,True
drug,9,True
habitual,9,True
corporations,9,True
run,9,True
federal,9,True
innovative,9,True
kirloskar,9,True
launch,9,True
devices,9,True
non-binding,9,True
nr,9,True
ete,9,True
30th,9,True
prototype,9,True
intake,9,True
810,9,True
recognizable,9,True
lecturer,9,True
sponsorship,9,True
symposiums,9,True
28437373,9,True
motor,9,True
imc,9,True
iag,9,True
load,9,True
kengeri,9,True
visvesvarya,9,True
county,9,True
library,9,True
3/1,9,True
trustworthiness,9,True
characteristic,9,True
unsuitable,9,True
comt,9,True
soi,9,True
yourt,9,True
asl,9,True
consolidated,8,True
culture,8,True
regards,8,True
confident,8,True
efficiency,8,True
whenever,8,True
comn,8,True
ons,8,True
backlogs/,8,True
on-boarding,8,True
sr,8,True
program(pjp,8,True
round-the-clock,8,True
"rs. 14,",8,True
->india,8,True
insurance/,8,True
tension,8,True
horizon,8,True
tie-ups,8,True
lic,8,True
appetite,8,True
reverse,8,True
banking,8,True
relatives,8,True
employment-related,8,True
poor,8,True
basket,8,True
rs.100,8,True
joiner,8,True
entitlements,8,True
2.7,8,True
primarily,8,True
ts,8,True
ad,8,True
leadership,8,True
xenonstack,8,True
6.1,8,True
around,8,True
offset,8,True
handover,8,True
forfeit,8,True
11.1,8,True
details,8,True
foundation,8,True
remotely,8,True
evaluate,8,True
liberty,8,True
password,8,True
generation,8,True
sayantan,8,True
rn,8,True
ti,8,True
positive,8,True
pre-defined,8,True
re-distribute,8,True
closure,8,True
dependant,8,True
twt,8,True
"gratuity act, 1972",8,True
put,8,True
proctored,8,True
room,8,True
adjust,8,True
fitness,8,True
upload,8,True
refugee,8,True
wherever,8,True
resident,8,True
flow,8,True
ep,8,True
complex,8,True
enforceability,8,True
furthermore,8,True
entice,8,True
actively,8,True
inure,8,True
instead,8,True
formation,8,True
narayanan,8,True
info,8,True
mode,8,True
mi,8,True
programmer,8,True
standards,8,True
back,8,True
27,8,True
hence,8,True
spend,8,True
minute,8,True
"rs.22,500/-",8,True
pro-rated,8,True
soft,8,True
incorrect,8,True
anywhere,8,True
criteria,8,True
destroy,8,True
warning,8,True
31st,8,True
fuel,8,True
finalize,8,True
knowingly,8,True
intentional,8,True
enforcement,8,True
substance,8,True
noida,8,True
1241,8,True
bldg,8,True
400093,8,True
ghatkopar,8,True
48810700/701,8,True
installation,8,True
believe,8,True
norm,8,True
full-time,8,True
empanelled,8,True
fifty,8,True
introduction,8,True
cv,8,True
revenue,8,True
consultants,8,True
experts,8,True
deployment,8,True
adviser,8,True
genuine,8,True
respectively,8,True
hereinbefore,8,True
rely,8,True
turpitude,8,True
prevention,8,True
gstin,8,True
contemplate,8,True
facsimile,8,True
strike,8,True
prompt,8,True
willful,8,True
empioyment,8,True
cl,8,True
daughter,8,True
defend,8,True
brand,8,True
chandrashekar,8,True
bsr,8,True
202,8,True
deed,8,True
res,8,True
suitability,8,True
samrah,8,True
3nd,8,True
shanthala,8,True
ashok,8,True
560001,8,True
grievance,8,True
disability,8,True
architecture,8,True
pavan,8,True
koramangala,8,True
207,8,True
ph:080,8,True
accurately,8,True
alteration,8,True
performance-based,8,True
geographical,8,True
alcohol,8,True
min,8,True
lawfully,8,True
integrated,8,True
dissertation,8,True
specialization,8,True
sharing,8,True
managing,8,True
https://www.rrce.org/rrce/wpcontent/uploads/2016/12/dvv3.5.2.1.pdf,8,True
innovations,8,True
robotics,8,True
saakshin,8,True
controversy,8,True
74,8,True
lightly,8,True
xciencia,8,True
yasin,8,True
hrs,8,True
medini,8,True
hyperworks,8,True
host,8,True
mentors,8,True
lt,8,True
hosted,8,True
043,8,True
ctds,8,True
oct-2020,8,True
-560,8,True
johns,8,True
berkeley,8,True
papareddypalya,8,True
authorised,8,True
eight,8,True
crore,8,True
electro,8,True
sunrise,8,True
bcm,8,True
garden,8,True
eie,8,True
crores,8,True
friday,7,True
r&d,7,True
congratulate,7,True
enough,7,True
re-adjusted,7,True
sarkar,7,True
potentially,7,True
endure,7,True
conception,7,True
malpractice,7,True
preferential,7,True
prejudicial,7,True
validate,7,True
vitae,7,True
keeping,7,True
merge,7,True
convocation,7,True
a1,7,True
rs. 1500,7,True
boarding,7,True
lodge,7,True
marital,7,True
top-up,7,True
installment,7,True
"rs. 12,00,000",7,True
wipro-,7,True
data->my,7,True
un,7,True
short,7,True
8.1,7,True
9.1,7,True
dismissal,7,True
9.2,7,True
11.2,7,True
degree/,7,True
feedback,7,True
disbursement,7,True
invest,7,True
3.4,7,True
2.5,7,True
expire,7,True
nd,7,True
break-up,7,True
productivity,7,True
scoring,7,True
appraise,7,True
practitioner,7,True
unlawful,7,True
investigate,7,True
throughout,7,True
verbal,7,True
undersigned,7,True
undue,7,True
finally,7,True
copyrightable,7,True
threaten,7,True
indemnification,7,True
priority,7,True
infotech,7,True
sixty,7,True
junior,7,True
confide,7,True
nil,7,True
gmail,7,True
shnouli,7,True
sender,7,True
29,7,True
recipient,7,True
distribute,7,True
rewarding,7,True
zone,7,True
choice,7,True
kitty,7,True
certificates,7,True
manufacturing,7,True
compromise,7,True
likewise,7,True
injunction,7,True
delete,7,True
lo,7,True
ihe,7,True
tne,7,True
solitaire,7,True
handbook,7,True
coe,7,True
manual,7,True
distributor,7,True
dde,7,True
non-performance,7,True
alternative,7,True
states,7,True
cycle,7,True
export,7,True
enjoy,7,True
compensate,7,True
preferably,7,True
empanel,7,True
opening,7,True
addendum,7,True
4.3,7,True
guidelines,7,True
extract,7,True
section 2,7,True
aircraft,7,True
handling,7,True
operators,7,True
concerned,7,True
analyze,7,True
clarify,7,True
bidders,7,True
03,7,True
invoke,7,True
ies,7,True
6.2,7,True
loyalty,7,True
fall,7,True
clauses,7,True
infringement,7,True
pre-existing,7,True
negotiation,7,True
intention,7,True
signed,7,True
beneficial,7,True
ticket,7,True
taluk,7,True
noble,7,True
asst,7,True
sunday,7,True
tracking,7,True
delighted,7,True
lose,7,True
prime,7,True
allege,7,True
mohan,7,True
thirteen,7,True
algorithm,7,True
renew,7,True
shal,7,True
sa,7,True
uan,7,True
hemanth,7,True
specialized,7,True
headquaters,7,True
administrator,7,True
orientation,7,True
repeat,7,True
km,7,True
daily,7,True
oi,7,True
camscanner,7,True
expectation,7,True
48,7,True
"companies act, 1956",7,True
graph,7,True
outstanding,7,True
respond,7,True
picture,7,True
display,7,True
server,7,True
cloud,7,True
embedded,7,True
body,7,True
exposure,7,True
based,7,True
primer,7,True
lvb,7,True
edit,7,True
trend,7,True
ventures,7,True
fdp,7,True
aws,7,True
strength,7,True
dept,7,True
bangalore-560085,7,True
rajeshwari,7,True
wireless,7,True
hospitality,7,True
chokmah,7,True
bunde,7,True
mutt,7,True
bangalore-560060,7,True
input,7,True
arrange,7,True
jobs,7,True
2880,7,True
fax:080,7,True
article 12,7,True
ramesh,7,True
alert,7,True
onus,7,True
legitimacy,7,True
innovator,7,True
lnternational,7,True
real-time,7,True
ldentify,7,True
executor,7,True
hbr,7,True
chairman,7,True
488,7,True
bm,7,True
rajarajeshwaricollege,7,True
tovisvesvaraya,7,True
anchekeri,7,True
gemini,7,True
tek,7,True
prediction,7,True
harshitha,7,True
kiran,7,True
sep-2020,7,True
segmentation,7,True
reorder,7,True
dataset,7,True
sse,7,True
su,7,True
ninty,7,True
madhu,7,True
pany,7,True
2024,7,True
​,7,True
exchanges,7,True
capture,6,True
zifo,6,True
creative,6,True
reo,6,True
io,6,True
2844,6,True
purview,6,True
committed,6,True
functioning,6,True
interact,6,True
precondition,6,True
established,6,True
2000,6,True
exceptional,6,True
a2,6,True
a3,6,True
b2,6,True
metric,6,True
allowances/,6,True
pre-paid,6,True
300,6,True
rs.1200,6,True
"rs. 8,400",6,True
mywipro-,6,True
"rs 2,00,000",6,True
check-up,6,True
deferred,6,True
ur,6,True
checklist,6,True
taxation,6,True
5.3,6,True
wilful,6,True
10.1,6,True
12.1,6,True
aadhar,6,True
bachelor,6,True
hard,6,True
comprehensive,6,True
ninety,6,True
entirely,6,True
"00,000/-",6,True
afford,6,True
internationally,6,True
60th,6,True
inclusion,6,True
mobility,6,True
attribute,6,True
beneficiary,6,True
vested,6,True
authorisation,6,True
exploit,6,True
700,6,True
▪,6,True
"bonus act, 1965",6,True
discrimination,6,True
accounting,6,True
auditor,6,True
instruct,6,True
anticipate,6,True
prove,6,True
ever,6,True
interfere,6,True
acquisition,6,True
ready,6,True
all-inclusive,6,True
gandhi,6,True
b.tech,6,True
see,6,True
gender,6,True
capability,6,True
reward,6,True
adhoc,6,True
empower,6,True
appreciate,6,True
docusign,6,True
keen,6,True
mca,6,True
akash,6,True
congratulations,6,True
virus,6,True
broad,6,True
1.5,6,True
initially,6,True
computing,6,True
−,6,True
menu,6,True
temporary,6,True
determined,6,True
yyour,6,True
tion,6,True
ill,6,True
medtronic,6,True
48810704,6,True
herewith,6,True
part-time,6,True
infringe,6,True
operations,6,True
division,6,True
varthur,6,True
103,6,True
inconsistent,6,True
scientific,6,True
assigns,6,True
wrongful,6,True
md,6,True
estimated,6,True
reference/,6,True
3.6,6,True
3.7,6,True
pre-qualification,6,True
7.3,6,True
clause 3.3,6,True
half,6,True
pursuance,6,True
responsive,6,True
corrigendum,6,True
preliminary,6,True
payment/,6,True
transportation,6,True
water,6,True
plant,6,True
materially,6,True
postage,6,True
supervision,6,True
survey,6,True
explanation,6,True
incomplete,6,True
arrive,6,True
proprietor,6,True
conceal,6,True
insolvent,6,True
month(s,6,True
war,6,True
god,6,True
creditor,6,True
tor,6,True
actually,6,True
8.2,6,True
channel,6,True
doctor,6,True
comp,6,True
arnab,6,True
relive,6,True
lien,6,True
pinnacle,6,True
fifteen,6,True
tq,6,True
dt,6,True
ph,6,True
27th,6,True
desirous,6,True
becomes,6,True
"conciliation act, 1996",6,True
girish,6,True
500,6,True
overtime,6,True
ic,6,True
requirements,6,True
known,6,True
homelane,6,True
personally,6,True
rajesh,6,True
bangalore-,6,True
7th,6,True
haryana,6,True
sineka,6,True
furtherance,6,True
sickness,6,True
someone,6,True
never,6,True
restraint,6,True
ambit,6,True
invalidity,6,True
litigation,6,True
occasion,6,True
protocol,6,True
north,6,True
directive,6,True
search,6,True
680,6,True
fortuna-1,6,True
jp,6,True
-560078,6,True
spdi,6,True
28,6,True
trainees,6,True
utilization,6,True
nondisclosure,6,True
mous,6,True
sookshmas,6,True
pongu,6,True
entrepreneurship,6,True
scada,6,True
dcs,6,True
drives,6,True
incubator,6,True
alcte,6,True
hlact,6,True
ordinary,6,True
prepared,6,True
po,6,True
alliance,6,True
kamataka,6,True
bangalore-560072,6,True
bangalore-560062,6,True
talks,6,True
cab,6,True
speaker,6,True
aspire,6,True
electricaland,6,True
electronies,6,True
bundle,6,True
map,6,True
offline,6,True
ramanagar,6,True
naac,6,True
finishing,6,True
visits,6,True
entrepreneur,6,True
railway,6,True
poise,6,True
reduction,6,True
panel,6,True
kalyanam,6,True
kannan,6,True
e-stamp,6,True
marg,6,True
boovanahalli,6,True
bangalore-560,6,True
060,6,True
560060,6,True
kovilpatti,6,True
belgaum)(iso9001,6,True
winglobal,6,True
bangalore-560078,6,True
shopping,6,True
ordering,6,True
robertson,6,True
560006,6,True
9591745792,6,True
appreciation,6,True
avohi,6,True
nagarabhavi2nd,6,True
lighting,6,True
retailer,6,True
pickup,6,True
unauthorised,6,True
hygiene,6,True
shri,6,True
"rs. 1,98,000/-",6,True
yyou,6,True
bei,6,True
eto,6,True
yoe,6,True
oie,6,True
thet,6,True
10.00,6,True
2.00,6,True
5.00,6,True
radio,6,True
paternity,5,True
vihar,5,True
17th,5,True
onwards,5,True
particulars,5,True
economy,5,True
proficiency,5,True
dn,5,True
nl,5,True
om,5,True
ion,5,True
0011,5,True
perquisites,5,True
mywipro.wipro.com,5,True
consequently,5,True
leak,5,True
fabricate,5,True
repose,5,True
widely,5,True
excessive,5,True
buying/,5,True
need­,5,True
to­,5,True
freeze,5,True
insiders,5,True
"rs. 20,000/-",5,True
lesser,5,True
"rs. 50,000/-",5,True
"rs.15,000",5,True
tranche,5,True
billability,5,True
mywipro->mypolicies->common,5,True
countries->my,5,True
landline,5,True
broadband/,5,True
modem,5,True
hub/,5,True
routers/,5,True
gprs,5,True
"rs. 19,800",5,True
rs. 1100,5,True
"2,750",5,True
nps,5,True
fund-,5,True
rs.1000,5,True
"rs.8,000",5,True
rs.15000,5,True
outflow,5,True
reimbursable,5,True
"premium,10",5,True
inr 20 lpa,5,True
"rs. 15,000",5,True
surviving,5,True
"15,000",5,True
"rs. 6,480",5,True
"rs. 50,000",5,True
cbdt,5,True
disablement,5,True
casualty,5,True
compounding,5,True
simply,5,True
prudential,5,True
tr,5,True
ase,5,True
035,5,True
definitive,5,True
embezzlement,5,True
clearance,5,True
color,5,True
fresh,5,True
alignment,5,True
roy,5,True
sit,5,True
capable,5,True
engineer-trainee,5,True
y.,5,True
pro-rata,5,True
announcement,5,True
domiciliary,5,True
considerable,5,True
nationality,5,True
proctor,5,True
seriously,5,True
identifier,5,True
diversity,5,True
depict,5,True
co-ordinate,5,True
artist,5,True
character,5,True
vital,5,True
continued,5,True
dissemination,5,True
re-enactment,5,True
sustain,5,True
sayak,5,True
pre-employment,5,True
electronically,5,True
inaccurate,5,True
severable,5,True
familiar,5,True
perpetually,5,True
formerly,5,True
maharashtra,5,True
ghanty,5,True
a4,5,True
accelerate,5,True
sez,5,True
18th,5,True
holidays,5,True
durga,5,True
republic,5,True
ge,5,True
ther,5,True
designated,5,True
recoverable,5,True
vogue,5,True
combine,5,True
https://campus2cognizant.cognizant.com,5,True
240,5,True
si,5,True
adoption,5,True
sep,5,True
adequately,5,True
path,5,True
mukhherjee,5,True
nbanaac.bit@gmail.com,5,True
thu,5,True
stop,5,True
internally,5,True
skills,5,True
nsr,5,True
candidature,5,True
batch,5,True
arrears,5,True
live,5,True
summer,5,True
convict,5,True
09,5,True
circulation,5,True
satisfied,5,True
fbp,5,True
applications,5,True
supporting,5,True
workday,5,True
sure,5,True
copies,5,True
staffing,5,True
mask,5,True
often,5,True
tamil,5,True
nadu,5,True
400,5,True
steria,5,True
consequence,5,True
wrong,5,True
cs,5,True
art,5,True
designee,5,True
removal,5,True
residence,5,True
bribery,5,True
hours,5,True
uet,5,True
56p,5,True
devarabeesanahalli,5,True
weekend,5,True
contingent,5,True
stated,5,True
2011,5,True
bhawan,5,True
qcbs,5,True
3.5,5,True
4.4,5,True
4.5,5,True
4.6,5,True
4.7,5,True
substitution,5,True
appendices,5,True
7.4,5,True
substitute,5,True
bidding,5,True
passenger,5,True
parking,5,True
multi,5,True
eligible/,5,True
70,5,True
weightage,5,True
supplement,5,True
preference,5,True
company/,5,True
qualifications,5,True
analysis/,5,True
augmentation,5,True
deviation,5,True
forms,5,True
aforementioned,5,True
technically,5,True
forfeiture,5,True
physically,5,True
percent,5,True
coercive,5,True
undesirable,5,True
prohibited,5,True
6.3,5,True
manipulate,5,True
representative/,5,True
style,5,True
clause 9,5,True
fire,5,True
hereinabove,5,True
liquidation,5,True
arbitral,5,True
summary,5,True
inventory,5,True
involvement,5,True
variation,5,True
sbi,5,True
associates,5,True
amongst,5,True
12days,5,True
sanjana,5,True
anusha,5,True
mob,5,True
annexure-a,5,True
prabhodita,5,True
trainer,5,True
sri,5,True
babu,5,True
562101,5,True
aa,5,True
lakshmi,5,True
clause 5,5,True
guide,5,True
possibility,5,True
10.2,5,True
divya,5,True
hearty,5,True
tumkur,5,True
49,5,True
pradesh,5,True
properties,5,True
abandonment,5,True
surveyor,5,True
occupation,5,True
satisfy,5,True
oy,5,True
suggest,5,True
manoj,5,True
admin,5,True
signal,5,True
coordinator,5,True
labor,5,True
documentary,5,True
crime,5,True
treaty,5,True
clause 2,5,True
prepay,5,True
enquiry,5,True
extended,5,True
efficiently,5,True
spread,5,True
blood,5,True
sachin,5,True
configuration,5,True
"copyright act, 1957",5,True
eg,5,True
wide,5,True
organizer,5,True
recording,5,True
unfair,5,True
rating,5,True
correction,5,True
oth,5,True
unpaid,5,True
prp,5,True
analytics,5,True
recognition,5,True
pattern,5,True
bharati,5,True
onboarde,5,True
community,5,True
reserved,5,True
v.1,5,True
visiting,5,True
big,5,True
plc,5,True
retail,5,True
sydney,5,True
eee,5,True
rrgi,5,True
nation,5,True
bengaluru-560074,5,True
memorandumof,5,True
programs,5,True
f.,5,True
collegeof,5,True
technologists,5,True
non-exclusive,5,True
irrelevant,5,True
prof,5,True
bangalore-560040,5,True
activate,5,True
kit,5,True
engine,5,True
nonacc,5,True
mandir,5,True
maruthi,5,True
products,5,True
tu,5,True
pradeep,5,True
rajara,5,True
speed,5,True
simulation,5,True
colleg,5,True
novel,5,True
tl,5,True
authenticity,5,True
dashboard,5,True
street,5,True
bypass,5,True
thailand,5,True
conclusion,5,True
rajaraje,5,True
bl,5,True
wear,5,True
accommodate,5,True
spol,5,True
ust,5,True
bharath,5,True
detection,5,True
sai,5,True
~,5,True
kk,5,True
turn,5,True
diagram,5,True
pick,5,True
articles,5,True
cure,5,True
black,5,True
arrival,5,True
qr,5,True
decree,5,True
merchant,5,True
lowest,5,True
yes,5,True
contd,5,True
https://www.maine.edu/human-resources/remote-work/sample-remote-work-agreement/,5,True
rainstorm,5,True
freelance,5,True
26th,5,True
nly,5,True
ossthe,5,True
ceas,5,True
nty,5,True
soie,5,True
a|aliens,5,True
toe,5,True
shaik,5,True
section 6,5,True
vesting,5,True
expanded,5,True
3.00,5,True
34.75,5,True
fy'24,5,True
fy'25,5,True
fy'26,5,True
television,5,True
jaitra,4,True
endeavour,4,True
3:45,4,True
ru,4,True
syn,4,True
sie,4,True
oue,4,True
bikramjit,4,True
ard,4,True
sd,4,True
wipro.com,4,True
letter/,4,True
harass,4,True
deadline,4,True
best,4,True
gupta,4,True
yes/,4,True
yet,4,True
slip,4,True
intended,4,True
2.6,4,True
manager.campus@wipro.com,4,True
ind,4,True
sg,4,True
das,4,True
shayan,4,True
akhter,4,True
souradipta,4,True
dey,4,True
illness,4,True
fy,4,True
lodging,4,True
accrual,4,True
sarthak,4,True
sengupta,4,True
completing,4,True
flexibility,4,True
ultimatix,4,True
cafeteria,4,True
500/-,4,True
"1,700/-",4,True
600/-,4,True
200/-,4,True
"6,000/-",4,True
"2,00,000/-",4,True
parents-in-law,4,True
higher,4,True
mother,4,True
sons,4,True
250/-,4,True
grants/,4,True
"miscellaneous provisions act, 1952",4,True
conversion,4,True
xth,4,True
xiith,4,True
graduation/,4,True
webinars,4,True
pre-learning,4,True
still,4,True
unauthorizedly,4,True
"50,000/-towards",4,True
policy-international,4,True
"50,000/-",4,True
birthday,4,True
specially,4,True
unfavourable,4,True
nextstep,4,True
graduation(if,4,True
srilankan,4,True
notarized,4,True
non-criminal,4,True
xerox,4,True
nepal,4,True
bhutan,4,True
immense,4,True
large,4,True
inspite,4,True
skillset,4,True
paid-out,4,True
rs. 7900,4,True
married,4,True
marry,4,True
"rs. 3,900/-",4,True
xplore/,4,True
clients,4,True
computation,4,True
narration,4,True
devise,4,True
desirable,4,True
effectuate,4,True
acquainted,4,True
replicate,4,True
disagreement,4,True
"conciliation act, 1999",4,True
annul,4,True
k.k.,4,True
dutta,4,True
33,4,True
saha,4,True
1.7,4,True
accepted,4,True
chattopadhyay,4,True
continuously,4,True
overview,4,True
disparage,4,True
disobedience,4,True
conviction,4,True
inconvenient,4,True
safely,4,True
absolutely,4,True
royalty,4,True
telecommunication,4,True
subcontractor,4,True
assignable,4,True
acknowledgment,4,True
midc,4,True
loi,4,True
shortlist,4,True
university/,4,True
purely,4,True
query,4,True
hesitate,4,True
hinjewadi,4,True
6699,4,True
b.e,4,True
tier,4,True
authentication,4,True
puja,4,True
merit,4,True
privilege,4,True
emp,4,True
whole-time,4,True
ent,4,True
wing,4,True
one-time,4,True
genc,4,True
round,4,True
clock,4,True
"compensation act, 2010",4,True
agc/12,4,True
recur,4,True
apportion,4,True
expend,4,True
renege,4,True
8/13/22,4,True
gyansys,4,True
"rs.401,986/-",4,True
registry,4,True
itpin,4,True
•this,4,True
•prior,4,True
japanese,4,True
͚,4,True
progression,4,True
fruitful,4,True
pa,4,True
retirals,4,True
esic,4,True
annexure-2,4,True
re-attempts,4,True
atkts,4,True
jun,4,True
challenging,4,True
plans,4,True
middle,4,True
voucher,4,True
broadband,4,True
q1,4,True
appropriately,4,True
opt,4,True
nomination,4,True
recruiter,4,True
means,4,True
cooperation,4,True
inadequate,4,True
suppliers,4,True
detriment,4,True
originally,4,True
error,4,True
gautam,4,True
dtdc,4,True
specialist,4,True
heart,4,True
youe,4,True
mumbal,4,True
proposed,4,True
camscan,4,True
jo,4,True
assembly,4,True
reasonableness,4,True
co-operate,4,True
ede,4,True
adversely,4,True
prot,4,True
ln,4,True
wi,4,True
payel,4,True
nath,4,True
focal,4,True
pro,4,True
careful,4,True
transcript,4,True
signify,4,True
mental,4,True
co-development,4,True
organizations,4,True
destruction,4,True
raksha,4,True
drdo,4,True
1.3.1.1,4,True
1.3.1.2,4,True
1.3.1.3,4,True
udaan,4,True
safdarjung,4,True
110003,4,True
stakeholders,4,True
3.8,4,True
shortfall,4,True
1.1.1,4,True
namely,4,True
cargo,4,True
fourth,4,True
assess,4,True
qualifying,4,True
allot,4,True
corrigenda,4,True
assessment/,4,True
projection,4,True
appeal,4,True
counter,4,True
stakeholders/,4,True
implementation/,4,True
review/,4,True
modelling/,4,True
towers,4,True
typically,4,True
minor,4,True
accompany,4,True
printing,4,True
information/,4,True
pre-qualified,4,True
alternatively,4,True
04,4,True
rank,4,True
nine,4,True
non-judicial,4,True
percentage,4,True
attributable,4,True
offering,4,True
therefrom,4,True
omit,4,True
authenticate,4,True
bankrupt,4,True
none,4,True
representatives,4,True
generality,4,True
happen,4,True
sound,4,True
conform,4,True
5.4,4,True
tds,4,True
studies,4,True
conclude,4,True
suspicious,4,True
ft,4,True
shail,4,True
sanction,4,True
s.j.c.,4,True
jr.,4,True
match,4,True
kyc,4,True
lf,4,True
ina,4,True
bangarpet,4,True
accountant,4,True
workforce,4,True
coming,4,True
el,4,True
non-conformance,4,True
-site,4,True
ail,4,True
validly,4,True
utility,4,True
teach,4,True
written,4,True
encumbrance,4,True
5.5,4,True
compel,4,True
q,4,True
unenforceability,4,True
ward,4,True
samara,4,True
10.if,4,True
tue,4,True
girishbabu8951@gmail.com,4,True
greeting,4,True
da,4,True
payslip,4,True
150,4,True
pr,4,True
ofice,4,True
photocopy,4,True
consist,4,True
sor,4,True
samvid,4,True
buildtech,4,True
ment,4,True
medically,4,True
count,4,True
obey,4,True
opportunities,4,True
proportionate,4,True
insolvency,4,True
felony,4,True
abuse,4,True
tape,4,True
memory,4,True
tc,4,True
mohammed,4,True
cornpany,4,True
infomation,4,True
unavailability,4,True
beside,4,True
mo,4,True
eat,4,True
cr,4,True
30days,4,True
cn,4,True
ise,4,True
suhas,4,True
shashank,4,True
distance,4,True
rest,4,True
furniture,4,True
unchanged,4,True
puram,4,True
audio,4,True
forever,4,True
investor,4,True
visual,4,True
selling,4,True
unlimited,4,True
subdivision,4,True
non-executive,4,True
divert,4,True
contravention,4,True
overnight,4,True
dishonest,4,True
mitigate,4,True
automate,4,True
ekta,4,True
licence,4,True
mechanism,4,True
roster,4,True
contemporaneous,4,True
assurance,4,True
unregistered,4,True
circuit,4,True
business-related,4,True
llc,4,True
punctuality,4,True
opposite,4,True
insurer,4,True
uttar,4,True
sister,4,True
america,4,True
dedicated,4,True
situate,4,True
onboard,4,True
fake,4,True
memoranda,4,True
cyber,4,True
induction,4,True
hrishikesh,4,True
covid-19,4,True
clause 10,4,True
supplemental,4,True
succeed,4,True
nondisclosureagreement.com,4,True
lawsuit,4,True
printed,4,True
disclaimer,4,True
contracts,4,True
3.5.2.1,4,True
index,4,True
ecosystem,4,True
talk,4,True
lean,4,True
sql,4,True
rf,4,True
wave,4,True
itpsb,4,True
clause 1,4,True
amicable,4,True
emblem,4,True
e-learning,4,True
android,4,True
kanakapura,4,True
found,4,True
kanakpura,4,True
thisday,4,True
shivalingaiah,4,True
affix,4,True
balakrishna,4,True
fees,4,True
28437124/28437375,4,True
no.14,4,True
bengaluru-,4,True
naac'a,4,True
bidadi,4,True
pre-incubation,4,True
cognitive,4,True
teams,4,True
nrutually,4,True
cite,4,True
lnternship,4,True
several,4,True
scanned,4,True
kalyan,4,True
no.of,4,True
arunachalam,4,True
havingit,4,True
40/163,4,True
hassan,4,True
capsule,4,True
industry-based,4,True
emerge,4,True
lectures,4,True
on-time,4,True
jobish,4,True
ph.d.,4,True
intelligent,4,True
24.11.2018,4,True
accelerator,4,True
hvac,4,True
iao,4,True
bangalore-72,4,True
154,4,True
puttarudraiah,4,True
rajarajeswaricollege,4,True
govt.of,4,True
banaswadi,4,True
tovisvesvarya,4,True
belgaum)(iso,4,True
st.,4,True
honorarium,4,True
shree,4,True
avinash,4,True
gowda,4,True
messenger,4,True
shilpa,4,True
www.xciencia.com,4,True
april-2021,4,True
ravikumar,4,True
no.9035041008,4,True
"10,000",4,True
19/01/2019,4,True
panda,4,True
matplot,4,True
cleaning,4,True
compare,4,True
visualization,4,True
informational,4,True
d.sivakumar,4,True
072,4,True
haritha,4,True
phy,4,True
15-11-2019,4,True
30-12-2019,4,True
prince,4,True
songkla,4,True
hat-yai,4,True
joblsh,4,True
veeresh,4,True
collage,4,True
-hyper,4,True
gout,4,True
police,4,True
tamper,4,True
refuse,4,True
negative,4,True
interim,4,True
attn,4,True
wife,4,True
on-duty,4,True
prices,4,True
lower,4,True
intermediary,4,True
third-party,4,True
merger,4,True
sub-paragraph,4,True
❏,4,True
sim,4,True
dongle,4,True
assignee,4,True
/her,4,True
pepco,4,True
holdings,4,True
inc.,4,True
mayberry,4,True
listing,4,True
typhoon,4,True
hoist,4,True
rso,4,True
osthe,4,True
esire,4,True
rl,4,True
ut,4,True
coma,4,True
sre,4,True
sire,4,True
niy,4,True
salil,4,True
grants,4,True
section 6(i,4,True
fy'23,4,True
fy'27,4,True
shareholders,4,True
promoter,4,True
pre-issue,4,True
payoneer,3,True
p.a,3,True
optional,3,True
woman,3,True
winspark,3,True
gurugram,3,True
truly,3,True
informed,3,True
1/21/22,3,True
https://wipro.icims.com/forms?module=forms&action=showform&view=htm&form=elite_offer_letter_template_2022&user=2307,3,True
karmakar,3,True
sue,3,True
1/12,3,True
ing,3,True
4/12,3,True
rng,3,True
"20/04/2022,15:40",3,True
https://wipro.icims.com/forms?module=forms&action=showform&view=htm&form=elite_offer_letter_template_2022&user=2440,3,True
ni,3,True
vo,3,True
ace,3,True
em,3,True
profession,3,True
9.3,3,True
reconciliation,3,True
closing,3,True
12.2,3,True
12.3,3,True
driving,3,True
departmental,3,True
diploma/,3,True
l1,3,True
l2,3,True
l3,3,True
upgrade,3,True
https://wipro.icims.com/forms?module=forms&action=showform&view=htm&form=elite_offer_letter_template_2022&user=230,3,True
sayansadhar@gmail.com,3,True
desktop,3,True
doddakannelli,3,True
ho,3,True
post-graduation,3,True
"1,00,000",3,True
sec,3,True
"3,36,877/-",3,True
"14,784/-",3,True
"5,914/-",3,True
rotation,3,True
wellness,3,True
counselling,3,True
oversee,3,True
saumya,3,True
ghosh,3,True
ps,3,True
22nd,3,True
bucket,3,True
grow,3,True
duties,3,True
defamatory,3,True
unexpired,3,True
abscond,3,True
immigration,3,True
duress,3,True
pricing,3,True
therewith,3,True
revert,3,True
temporal,3,True
severally,3,True
remedies,3,True
adapt,3,True
accelerated,3,True
pre-onboarding,3,True
master,3,True
eighty,3,True
5050,3,True
techno,3,True
nandi,3,True
lane,3,True
cbnits,3,True
cum,3,True
fro,3,True
inc,3,True
orde,3,True
ove,3,True
pe,3,True
ect,3,True
sh,3,True
ter,3,True
2.8,3,True
ch,3,True
priyanka,3,True
printout,3,True
ument,3,True
shaique,3,True
anwar,3,True
fulfillment,3,True
integrate,3,True
entry,3,True
1/2,3,True
mukherjee,3,True
"rs.23,986/-",3,True
"rs.455,880/-",3,True
"rs. 24,880/-",3,True
german,3,True
french,3,True
https:\\onecognizant.cognizant.com->total,3,True
campus/2020,3,True
adarsha,3,True
shaw,3,True
reappear,3,True
stands,3,True
a+b,3,True
remarks,3,True
-you,3,True
ssc,3,True
exactly,3,True
today,3,True
passing,3,True
hsc,3,True
backlogs,3,True
hi,3,True
anik,3,True
vill,3,True
privileged,3,True
exciting,3,True
1.6,3,True
2.10,3,True
chauffeur,3,True
accessory,3,True
annex,3,True
q2,3,True
photo,3,True
precaution,3,True
employers,3,True
readable,3,True
simple,3,True
persuade,3,True
favor,3,True
reform,3,True
buildings,3,True
ankur,3,True
aso,3,True
bs,3,True
sopra,3,True
120,3,True
36,3,True
kundu,3,True
apprenticeship,3,True
arvind,3,True
cardiac,3,True
rhythm,3,True
failure-response,3,True
titus,3,True
corrective,3,True
physician,3,True
enn,3,True
prosecution,3,True
organise,3,True
inspection,3,True
ig,3,True
conjunction,3,True
howsoever,3,True
www.medtronic.co.ln,3,True
thr,3,True
attain,3,True
ir,3,True
ry,3,True
anti-corruption,3,True
anti-bribery,3,True
validation,3,True
apb,3,True
else,3,True
temporarily,3,True
permanently,3,True
applicant,3,True
naidu,3,True
yearly,3,True
heirs,3,True
successors,3,True
intangible,3,True
conciliation act 1996,3,True
obvious,3,True
11/2025,3,True
18.11.2025,3,True
summarily,3,True
1.10,3,True
communications,3,True
milestones/,3,True
section 3,3,True
unconditional,3,True
gtc,3,True
1.1.2,3,True
million,3,True
sub-section,3,True
1a,3,True
sub-sections,3,True
1.1.3,3,True
expand,3,True
1.1.4,3,True
viable,3,True
concession,3,True
inter-alia,3,True
philosophy,3,True
2010,3,True
05,3,True
connectivity,3,True
flight,3,True
ka,3,True
useful,3,True
addenda,3,True
output,3,True
trial,3,True
stipulation,3,True
nos,3,True
his/,3,True
assignments,3,True
preparation/,3,True
evaluation/,3,True
formulation/,3,True
scrutiny/,3,True
in/,3,True
areas/,3,True
fields/,3,True
proposals/,3,True
matters/,3,True
following:-,3,True
fare,3,True
modernization,3,True
statistics,3,True
law/,3,True
logistics,3,True
shipping,3,True
irrigation,3,True
markets,3,True
affordable,3,True
mines,3,True
gas,3,True
chain,3,True
translation,3,True
logistic,3,True
entertain,3,True
ac,3,True
disqualify,3,True
appropriation,3,True
incapacity,3,True
liquidated,3,True
pre-estimated,3,True
sort,3,True
ethic,3,True
inter,3,True
alia,3,True
canvassing,3,True
limited/,3,True
2013,3,True
behalfof,3,True
misleading,3,True
factually,3,True
clause 3.7,3,True
"corruption act, 1988",3,True
incorporation,3,True
project/,3,True
col,3,True
secretary,3,True
annexures,3,True
clause 1.9,3,True
ought,3,True
effectiveness,3,True
subsist,3,True
commotion,3,True
flood,3,True
conclusive,3,True
elect,3,True
2.10.1,3,True
debt,3,True
compulsory,3,True
2.10.2,3,True
machinery,3,True
faithful,3,True
derive,3,True
punitive,3,True
embody,3,True
accuracy,3,True
inaccuracy,3,True
agencies,3,True
eoi,3,True
young,3,True
sridhar,3,True
xii,3,True
xiii,3,True
ap,3,True
confer,3,True
pose,3,True
commensurate,3,True
designers,3,True
pt,3,True
designs,3,True
taj,3,True
at-will,3,True
hr@nobleinfra.com,3,True
measurement,3,True
auditing,3,True
appraisal,3,True
chaudhuri,3,True
entitled,3,True
discourage,3,True
1s/,3,True
arunkumar,3,True
"rs. 15,000.00",3,True
roles,3,True
responsibilities,3,True
allowance(s,3,True
contradict,3,True
iti,3,True
misinterpret,3,True
cordial,3,True
wise,3,True
prop,3,True
tin,3,True
allowanceif,3,True
vapasandra,3,True
als,3,True
chickballapur,3,True
arjun,3,True
chaithra,3,True
vijayapura,3,True
51,3,True
ravi,3,True
diligent,3,True
contravene,3,True
restrain,3,True
7.5,3,True
mall,3,True
prohibition,3,True
invalidate,3,True
ance,3,True
constructions,3,True
9.00am,3,True
6.00pm,3,True
vistara,3,True
chanducharyas@gmail.com,3,True
andhra,3,True
oniy,3,True
rie,3,True
ci,3,True
111,3,True
uie,3,True
ith,3,True
tie,3,True
cf,3,True
organization/,3,True
untrue,3,True
ministry,3,True
transter,3,True
improper,3,True
44,3,True
bulltemple,3,True
004,3,True
ofer,3,True
awhs,3,True
naga,3,True
nan,3,True
confirmed,3,True
ble,3,True
homellane,3,True
ga,3,True
tolerate,3,True
origin,3,True
awfis,3,True
disk,3,True
whilst,3,True
subscription,3,True
furnishings,3,True
c1,3,True
tumkur-572103,3,True
disorderly,3,True
thereon,3,True
dr,3,True
k&j,3,True
consultaney,3,True
tow,3,True
syed,3,True
wll,3,True
roopa,3,True
custom,3,True
sahana,3,True
sindhu,3,True
por,3,True
abhiram,3,True
venkatesh,3,True
patil,3,True
ia,3,True
pulkit,3,True
garg,3,True
karnal,3,True
scheduled,3,True
reading,3,True
chair,3,True
p&c,3,True
kannamapet,3,True
t.nagar,3,True
chennai-600033,3,True
10/07/2023,3,True
statutorily,3,True
frequency,3,True
variety,3,True
disc,3,True
assert,3,True
13.1,3,True
illegality,3,True
accomplish,3,True
a+b+c,3,True
vote,3,True
voting,3,True
majority,3,True
composition,3,True
union,3,True
threatened,3,True
subcontract,3,True
healthy,3,True
unwelcome,3,True
clothe,3,True
sexually,3,True
offensive,3,True
sms,3,True
aggrieved,3,True
finding,3,True
subsidiaries,3,True
competence,3,True
fcpa,3,True
bribery act 2010,3,True
vendors,3,True
giving,3,True
manipulation,3,True
cards,3,True
subversive,3,True
rt,3,True
oblige,3,True
0001,3,True
controller,3,True
shukla,3,True
derivative,3,True
improperly,3,True
perpetual,3,True
section 19(4),3,True
section 19a,3,True
transmission,3,True
ease,3,True
reorganization,3,True
region,3,True
prafull,3,True
nineteen,3,True
constraint,3,True
voice,3,True
contractually,3,True
covid,3,True
wait,3,True
unapproved,3,True
rebate,3,True
customize,3,True
robust,3,True
aparna,3,True
transformation,3,True
quiz,3,True
testimonial,3,True
behavioral,3,True
awign,3,True
pin,3,True
interactive,3,True
ahead,3,True
8.5,3,True
workers,3,True
permissible,3,True
seed,3,True
200,3,True
label,3,True
exclusion,3,True
periods,3,True
clause 4,3,True
graphic,3,True
rightfully,3,True
disclaim,3,True
refund,3,True
203,3,True
265,3,True
symposium,3,True
motors,3,True
canvas,3,True
fundamentals,3,True
lecture#1,3,True
3d,3,True
radha,3,True
tinyfirms,3,True
employability,3,True
lockdown,3,True
vlsi,3,True
salesforce,3,True
penetration,3,True
odisha,3,True
instruments,3,True
java,3,True
teknologi,3,True
accredit,3,True
kamnataka,3,True
intemational,3,True
post-doctoral,3,True
foreground,3,True
purport,3,True
ene,3,True
representative(s,3,True
11.4,3,True
priyadarshini,3,True
moodalapalya,3,True
www.sookshmas.com,3,True
ea,3,True
specialize,3,True
experiential,3,True
foster,3,True
13.2,3,True
square,3,True
resort,3,True
bengaluru-560,3,True
andeducational,3,True
7900,3,True
sensor,3,True
slab,3,True
☆,3,True
moogambigaicharitable,3,True
incase,3,True
mta,3,True
analytic,3,True
e-kit,3,True
deepak,3,True
fi)/,3,True
ramchalli,3,True
rajeswari,3,True
2943,3,True
needful,3,True
orient,3,True
ninth,3,True
certilicate,3,True
m.tech,3,True
headings,3,True
rrle,3,True
a11,3,True
blore,3,True
"14,ramohalli",3,True
modeling,3,True
pitch,3,True
alumni,3,True
alumnus,3,True
mouwill,3,True
thisagreement,3,True
co-founders,3,True
bright,3,True
84,3,True
brainstorming,3,True
rtner,3,True
followi,3,True
ofthe,3,True
uct,3,True
mentor(s,3,True
ofengineering,3,True
successors-in-interest,3,True
k.kmm,3,True
hosting,3,True
quasi-judicial,3,True
rrg,3,True
8.3,3,True
rajaraieswari,3,True
ls,3,True
14th,3,True
www,3,True
fort,3,True
override,3,True
repair,3,True
earthquake,3,True
apps,3,True
seat,3,True
srikantaiah,3,True
parameshchari,3,True
reputed,3,True
thismou,3,True
rajrajeswari,3,True
thandaveshwara,3,True
sujith,3,True
exclusivity,3,True
sp,3,True
vijayanand,3,True
engineeringto,3,True
california,3,True
acceleration,3,True
proportion,3,True
excuse,3,True
rohith,3,True
rajarajes,3,True
engin,3,True
oel,3,True
raj,3,True
ote,3,True
13.11.2020,3,True
j.,3,True
managers,3,True
quick,3,True
customization,3,True
finish,3,True
analytical,3,True
seva,3,True
conferences,3,True
9001:2008,3,True
souza,3,True
sharadambanagar,3,True
jalahalli,3,True
belgaum)(iso9001:2008certified,3,True
rankings,3,True
healthier,3,True
journal,3,True
65666769/28437124/28437375,3,True
n.,3,True
01/03/21,3,True
varshitha,3,True
varshini,3,True
arduino,3,True
pollution,3,True
sharath,3,True
yashaswini,3,True
gagana,3,True
gym,3,True
kavya,3,True
dairy,3,True
farm,3,True
shop,3,True
01/09/20,3,True
sree,3,True
cart,3,True
robatson,3,True
tel:+91-,3,True
ofinternship,3,True
digihub,3,True
chandra,3,True
technofly,3,True
engincering,3,True
hs,3,True
technicalconsultagreement,3,True
exterior,3,True
praveen,3,True
2ndmain,3,True
manjunath,3,True
573201,3,True
unstructured,3,True
fig,3,True
predict,3,True
fig.3,3,True
x-axis,3,True
y-axis,3,True
tell,3,True
cleanse,3,True
've,3,True
editor,3,True
clean,3,True
try,3,True
teammate,3,True
banglore,3,True
technologles,3,True
limlted,3,True
pre-approved,3,True
required,3,True
hal,3,True
lalithashree,3,True
www.prevasystems.com,3,True
non-use,3,True
provision(s,3,True
survival,3,True
rubber,3,True
1gg14me042,3,True
@gmail,3,True
b.k,3,True
ramanagaram,3,True
/8th,3,True
562159,3,True
hukkeri,3,True
poner,3,True
59,3,True
sithi,3,True
barasat,3,True
kazipara,3,True
parganas,3,True
700125,3,True
business@mealversity.com,3,True
social-security,3,True
unreasonable,3,True
route,3,True
unsafe,3,True
in-app,3,True
bag,3,True
cap,3,True
disputes,3,True
statute,3,True
agreeement,3,True
powerful,3,True
defense,3,True
off-duty,3,True
professionally,3,True
grooming,3,True
inconsistency,3,True
cuisine,3,True
parel,3,True
kanak,3,True
persons,3,True
singular,3,True
plural,3,True
indore,3,True
mcia,3,True
3.25,3,True
lump-sum,3,True
scale,3,True
rs. 1(one,3,True
eddie,3,True
capitalize,3,True
mississippi,3,True
day(s,3,True
no.8,3,True
essence,3,True
15921,3,True
fe,3,True
anany,3,True
wha,3,True
ys,3,True
yowu,3,True
ok,3,True
einn,3,True
omt,3,True
ero,3,True
fn,3,True
reos,3,True
ong,3,True
-t,3,True
utn,3,True
eet,3,True
sod,3,True
nrty,3,True
sone,3,True
ots,3,True
sger,3,True
tg,3,True
13691,3,True
parekh,3,True
comparator,3,True
percentile,3,True
clawback,3,True
accrued,3,True
injurious,3,True
neglect,3,True
film,3,True
outdoor,3,True
reliance,2,True
fourteen,2,True
male,2,True
76,2,True
udyog,2,True
-4,2,True
sector-18,2,True
05/05/2022,2,True
arkaprava,2,True
counsellor,2,True
whomsoever,2,True
arpita,2,True
https://wipro.icims.com/forms?module=forms&action=showform&view=htm&form=elite_offer_letter_template_2022&user=23077122&item=426774,2,True
aos,2,True
gs,2,True
sns,2,True
cae,2,True
val,2,True
21/1/2022,2,True
info@wipro.com,2,True
20/4/2022,2,True
danish,2,True
reyaz,2,True
https://wipro.icims.com/forms?module=forms&action=showform&view=htm&form=elite_offer_letter_template_2022&user=24406526&item=664436,2,True
pl,2,True
iuvsr,2,True
rovs,2,True
sing,2,True
utiid,2,True
iis,2,True
zicn,2,True
pee,2,True
abny,2,True
uis,2,True
oru,2,True
ily,2,True
shs,2,True
thn,2,True
oeo,2,True
nnnl,2,True
ond,2,True
t:+91,2,True
taxes,2,True
nitish,2,True
pandey,2,True
evening,2,True
disobey,2,True
overpayment,2,True
9.4,2,True
final/,2,True
disrupt,2,True
reply,2,True
sent,2,True
passport/,2,True
card/,2,True
masters,2,True
mark-sheets,2,True
interns,2,True
steps,2,True
lac,2,True
backup,2,True
1/22/22,2,True
10:25,2,True
sayani,2,True
samanta,2,True
fs,2,True
https://wipro.icims.com/forms?module=forms&action=showform&view=htm&form=elite_offer_letter_template_2022&user=23072094&item=426290,2,True
onn,2,True
wipro+email+35q8g-998c01856a@talent.icims.com,2,True
bhattacharya,2,True
rrd,2,True
yg,2,True
ree,2,True
l32102ka1945plc020800,2,True
https://wipro.icims.com/forms?module=forms&action=showform&view=htm&form=elite_offer_letter_template_2022&user=23071154&item=42,2,True
22/1/2022,2,True
india->my,2,True
policy-team,2,True
10/01/2021,2,True
srijan,2,True
gp,2,True
salt,2,True
lake,2,True
091,2,True
6604,2,True
4048,2,True
u72900wb2001ptc093416,2,True
info@nrifintech.com,2,True
http://www.nrifintech.com,2,True
nrift,2,True
hr/2020,2,True
nomura,2,True
brishti,2,True
mondal,2,True
letter-version,2,True
apr-18,2,True
divide,2,True
inr 180000.00,2,True
aip,2,True
manually,2,True
lawyer,2,True
non-disparagement,2,True
"maternity benefit act, 1961",2,True
continuity,2,True
disloyalty,2,True
indiscipline,2,True
alleged,2,True
voicemail,2,True
amdoc,2,True
presume,2,True
checks,2,True
securely,2,True
channels,2,True
ecommerce,2,True
oss,2,True
billing,2,True
irreparably,2,True
forego,2,True
igate,2,True
airol,2,True
thane,2,True
belapur,2,True
navi,2,True
400708,2,True
7144,2,True
4283,2,True
7141,2,True
2121,2,True
www.capgemini.com/in-en,2,True
superset,2,True
percentage/,2,True
grade/,2,True
rank/,2,True
elearning,2,True
self-paced,2,True
prerequisite,2,True
getting,2,True
on-boarded,2,True
classroom,2,True
fresherhiring.in@capgemini.com,2,True
puneet,2,True
kumra,2,True
"inr
3,00,000/-",2,True
"inr 3,80,000/-",2,True
rajiv,2,True
taluka,2,True
mulshi,2,True
411057,2,True
u85110pn1993plc145950,2,True
virtusa,2,True
manasa,2,True
flat,2,True
129,2,True
conditio,2,True
"rs. 25,000",2,True
1250.00,2,True
15000.00,2,True
altogether,2,True
ami,2,True
hdfc,2,True
classification,2,True
leg,2,True
female,2,True
gal,2,True
wh,2,True
ate,2,True
separation/,2,True
relax,2,True
insist,2,True
compa,2,True
nat,2,True
hat,2,True
mpany,2,True
caste,2,True
race,2,True
nse,2,True
und,2,True
ence,2,True
sayantika,2,True
tejinder,2,True
sethi,2,True
sharika,2,True
rafique,2,True
b.e.,2,True
decline,2,True
time-period,2,True
skilling,2,True
unavoidable,2,True
revocation,2,True
allocation,2,True
2:13,2,True
https://mail.google.com/mail/u/6/?ik=1d85c19e41&view=pt&search=all&permthid=thread-f%3a1741034055018061675&simpl=msg-f%3a1741034055018061675,2,True
bit,2,True
shnoulimukherjee@gmail.com,2,True
sat,2,True
jul,2,True
2/2,2,True
globe,2,True
absar,2,True
shariq,2,True
campbuzz,2,True
nikhil,2,True
"315,602",2,True
yrs,2,True
reckon,2,True
i.e,2,True
drop,2,True
percentages,2,True
ͻfor,2,True
atkt,2,True
ͻno,2,True
re-attempt,2,True
absenteeism,2,True
akanksha,2,True
"rs.3,50,000/-as",2,True
promotions,2,True
ranjan,2,True
dubey,2,True
akriti,2,True
solve,2,True
ananya,2,True
ltl,2,True
p.s,2,True
"10,200",2,True
"13,000",2,True
"1,56,000",2,True
10:44,2,True
https://mail.google.com/mail/u/6/?ik=1d85c19e41&view=pt&search=all&permthid=thread-f%3a1741066906074497417&simpl=msg-f%3a1741066906074497417,2,True
anirban,2,True
anirbanroy064@gmail.com,2,True
https://embark.wipro.com/,2,True
addressee(s,2,True
www.wipro.com,2,True
anishabhowm1998@gmail.com,2,True
anisha,2,True
bhowmick,2,True
favorable,2,True
perusal,2,True
greatly,2,True
outperform,2,True
glad,2,True
remittance,2,True
1.8,2,True
relocate,2,True
2.9,2,True
portable,2,True
palmtop,2,True
transportable,2,True
non-smoking,2,True
smoking,2,True
landlord,2,True
tickets,2,True
children,2,True
01/05/2020,2,True
coupon,2,True
q3,2,True
q4,2,True
viz.,2,True
whereby,2,True
demonstrably,2,True
customers,2,True
ancillary,2,True
particularly,2,True
restraining,2,True
applicability,2,True
sufficiency,2,True
csc,2,True
sdf,2,True
tambaram,2,True
045,2,True
u72900tn2015ftc102489,2,True
ct20192669311,2,True
chakraborty,2,True
incentives,2,True
d-,2,True
kolkata-,2,True
buddh,2,True
302,2,True
ore,2,True
indio,2,True
brief,2,True
opy,2,True
anusuya,2,True
naps,2,True
apprentice,2,True
amit,2,True
hall,2,True
nte,2,True
meaningful,2,True
amold,2,True
arnold,2,True
indla,2,True
subcontinent,2,True
www.medtronic.co.in,2,True
hospital,2,True
a)you,2,True
ed,2,True
scannea,2,True
andherl,2,True
yos,2,True
c)you,2,True
oath,2,True
blueprint,2,True
living,2,True
sce,2,True
mdt,2,True
•91,2,True
factory,2,True
witn,2,True
-1,2,True
41,2,True
"6,000",2,True
4.81,2,True
accidental,2,True
aswani,2,True
+91-80-2605,2,True
3000,2,True
qpb,2,True
spp,2,True
misdemeanor,2,True
versa,2,True
extremely,2,True
familiarize,2,True
coc,2,True
await,2,True
vasanthi,2,True
procedures,2,True
shubham,2,True
executer,2,True
administrators,2,True
legend,2,True
visually,2,True
summarize,2,True
nominated,2,True
reconcile,2,True
mantri,2,True
statuary,2,True
fabrication,2,True
raw,2,True
1.3.1,2,True
slat,2,True
1.3.1.4,2,True
sub-clauses,2,True
1.3.2,2,True
1.3.2.1,2,True
1.3.2.2,2,True
1.3.2.3,2,True
1.3.2.4,2,True
legitimately,2,True
1.3.2.5,2,True
instructions,2,True
consortium,2,True
estts,2,True
17.12.2025,2,True
timelines,2,True
1.11,2,True
1.12,2,True
sequence,2,True
acquaintance,2,True
factors,2,True
3.10,2,True
3.11,2,True
appendix-i,2,True
form-3,2,True
personnels,2,True
"india act, 2008",2,True
gazette,2,True
section 13,2,True
1.1.5,2,True
navigation,2,True
surveillance,2,True
1.1.6,2,True
transparency,2,True
stake-holders,2,True
1.1.7,2,True
align,2,True
rcs,2,True
35/,2,True
land,2,True
https://aera.gov.in,2,True
1.1.8,2,True
aai,2,True
lial,2,True
eligibility/,2,True
responsiveness,2,True
packets,2,True
proposal/,2,True
corrigenda/,2,True
imposition,2,True
onsite,2,True
capex,2,True
analyse,2,True
case/,2,True
inputs/,2,True
rs. 100/,2,True
iterative,2,True
finalization,2,True
assisting,2,True
noice,2,True
associate/,2,True
affiliate/,2,True
subsidiary/,2,True
parent/,2,True
holding/,2,True
sub-licensee,2,True
mba/,2,True
conceptualization/,2,True
designing/,2,True
audit/,2,True
estimation/,2,True
drafting/,2,True
finalization/,2,True
execution/,2,True
administration/,2,True
ca/,2,True
cma/,2,True
cwa,2,True
tariff/,2,True
fees/,2,True
toll,2,True
pricing/,2,True
economics/,2,True
statistic,2,True
report/,2,True
examinations,2,True
pipelines,2,True
networks,2,True
telecommunications,2,True
solid,2,True
waste,2,True
tourism,2,True
agriculture,2,True
exhibition,2,True
linkage,2,True
oil,2,True
steel,2,True
environmental,2,True
consultant(s,2,True
airfare,2,True
answer,2,True
4.1.2,2,True
4.2.2,2,True
physical/,2,True
4.2.3,2,True
upto10,2,True
allotment,2,True
4.4.2,2,True
rfp/,2,True
personnel(s,2,True
damages,2,True
delayed,2,True
foundby,2,True
selectionprocess,2,True
lobby,2,True
cartel,2,True
carrying,2,True
misrepresent,2,True
receivership,2,True
ineligible/,2,True
blacklisted/,2,True
banned/,2,True
debar,2,True
endanger,2,True
affected,2,True
unconditionally,2,True
entirety,2,True
-2,2,True
proprietorship/,2,True
firm/,2,True
partnership/,2,True
act/,2,True
bodies/,2,True
projects/,2,True
3.3(v),2,True
corresponding,2,True
employment/,2,True
belief,2,True
definitions,2,True
clause 6.1,2,True
clause 3.2,2,True
clause 2.1,2,True
excusable,2,True
epidemic,2,True
explosion,2,True
lockout,2,True
rain,2,True
clause 2.10.1,2,True
clause 2.10.2,2,True
clause 2.2,2,True
work/,2,True
clause 6,2,True
similarly,2,True
3.2.4,2,True
3.2.5,2,True
instrumentality,2,True
exemplary,2,True
judicially,2,True
document/,2,True
unrelated,2,True
deploy,2,True
section 5,2,True
undisputed,2,True
fairness,2,True
mc,2,True
postpone,2,True
exercisable,2,True
forbear,2,True
forbearance,2,True
indulgence,2,True
01/2025,2,True
30.09.2025,2,True
steer,2,True
ray,2,True
xi,2,True
xiv,2,True
xv,2,True
xvi,2,True
xvii,2,True
co.,2,True
xx,2,True
fa,2,True
categories,2,True
throughput,2,True
mppa,2,True
cbs,2,True
6.50,2,True
escalate,2,True
204,2,True
homes,2,True
scanner,2,True
resenve,2,True
kar,2,True
amrin,2,True
piease,2,True
excellent,2,True
11.000/-,2,True
aiong,2,True
manohara,2,True
29bhypm5287m1z0,2,True
04.12.2020,2,True
mr/,2,True
kamasamudram,2,True
563129,2,True
560092,2,True
cvo,2,True
"1,600",2,True
hr/,2,True
al-,2,True
062,2,True
21st,2,True
opany,2,True
thie,2,True
wa,2,True
contat,2,True
emnployment,2,True
kong,2,True
1115,2,True
www.prabhodita.co.in,2,True
info@prabhodita.co.in,2,True
hrd,2,True
temple,2,True
arun,2,True
vs,2,True
20.08.2020,2,True
teminate,2,True
gus,2,True
20.10.2020,2,True
qs,2,True
rs. 13500/-,2,True
22.07.2019,2,True
327,2,True
devanahalli,2,True
b'lore,2,True
12000,2,True
29.07.2019,2,True
11.if,2,True
alorica,2,True
hereinafterreferre,2,True
chakravarthi,2,True
contractors,2,True
artistic,2,True
frorn,2,True
1.4,2,True
flowchart,2,True
sketch,2,True
machine-readable,2,True
clause 10.1,2,True
"income tax act, 1961",2,True
out-of-pocket,2,True
sevice,2,True
6.4,2,True
lontractor,2,True
allegation,2,True
indemnified,2,True
observance,2,True
13h,2,True
nis,2,True
rectify,2,True
10.3,2,True
canvass,2,True
sub-contract,2,True
14.1,2,True
14.2,2,True
14.3,2,True
nt,2,True
14.4,2,True
14.5,2,True
ven,2,True
concurrently,2,True
14.6,2,True
14.7,2,True
ineffective,2,True
sumanth,2,True
274542,2,True
rs.13000/-,2,True
252,2,True
12500/-,2,True
structures,2,True
11/10/21,2,True
mgmail,2,True
bsriil,2,True
vjnl,2,True
saturday,2,True
851,2,True
234,2,True
lop,2,True
axis,2,True
00,2,True
29adufs9286p1zf,2,True
byraveshwara,2,True
m.g.,2,True
12000/,2,True
thc,2,True
gi,2,True
ncar,2,True
lcave,2,True
appoin,2,True
vc,2,True
tem,2,True
sal,2,True
9:00,2,True
i1,2,True
serice,2,True
nci,2,True
nay,2,True
sen,2,True
1o,2,True
a1other,2,True
onc,2,True
weck,2,True
yout,2,True
pericd,2,True
tight,2,True
wili,2,True
colony,2,True
tel:+91,2,True
harshith,2,True
der,2,True
cd,2,True
oftice,2,True
tine,2,True
dx,2,True
dxc.technology,2,True
dte_es_:signer2,2,True
sig1,2,True
fr,2,True
letter(s,2,True
emplayment,2,True
fram,2,True
sig1_es_:signer1,2,True
6:30,2,True
ure,2,True
reqire,2,True
15/05/2020,2,True
pre-decided,2,True
25.05.2020,2,True
ph-,2,True
ofverifie,2,True
info@samvidbuildtech.com,2,True
basavanagudi,2,True
nove,2,True
mber,2,True
manikappa,2,True
perrormance,2,True
cost-to-company,2,True
repay,2,True
plan(s,2,True
hello@homelane.com|,2,True
1800,2,True
102,2,True
4663,2,True
tou,2,True
effectually,2,True
oes,2,True
preserve,2,True
honesty,2,True
religion,2,True
disrepute,2,True
adjudge,2,True
remedied,2,True
vour,2,True
deletion,2,True
dual,2,True
homevista,2,True
decor,2,True
kalpana,2,True
swaminathan,2,True
"3,20,000",2,True
"26,667",2,True
civil/13920/2020,2,True
abc,2,True
pranavalaya,2,True
kuvempunagar,2,True
sadiq,2,True
12000/-,2,True
18/05/2020,2,True
slary,2,True
31-08-2020,2,True
pasha,2,True
co-ordinator,2,True
"4,23,500",2,True
nonth,2,True
exact,2,True
interval,2,True
transfer/,2,True
intormation,2,True
wntten,2,True
bonito,2,True
vo68,2,True
1sj15c,2,True
vedh,2,True
12500/-(twelve,2,True
23/10/2020,2,True
rural-562102,2,True
karanjikatte,2,True
nagara,2,True
con,2,True
prashant,2,True
mont,2,True
tire,2,True
amy,2,True
orse,2,True
sun,2,True
anc,2,True
emoluments-cost,2,True
punith,2,True
s.d,2,True
drs,2,True
numbers,2,True
fortnight,2,True
knowhow,2,True
long-term,2,True
highway,2,True
telephonic,2,True
26.400,2,True
malur,2,True
53.500,2,True
consumption,2,True
shivam,2,True
nit,2,True
033,2,True
wall,2,True
ranjeeth,2,True
128,2,True
pror,2,True
penod,2,True
tume,2,True
tv,2,True
180,2,True
azimuth,2,True
09th,2,True
pv,2,True
designer,2,True
autocad,2,True
lechnical,2,True
s.jc,2,True
mai,2,True
soshil,2,True
une,2,True
srikantha,2,True
23d,2,True
aie,2,True
estate,2,True
magadi,2,True
suresh,2,True
30.05.2021,2,True
construciions,2,True
p.c,2,True
extn-kolar,2,True
tekal,2,True
jayanagara,2,True
kolar-563101,2,True
2014,2,True
nobie,2,True
gr,2,True
ior,2,True
witm,2,True
fime,2,True
networking,2,True
vijay,2,True
vinod,2,True
compuny,2,True
ile,2,True
-pms,2,True
infocity,2,True
mgr,2,True
salai,2,True
kandanchavadi,2,True
perungudi,2,True
recently,2,True
barrier,2,True
timekeepe,2,True
desk,2,True
zoom,2,True
slack,2,True
inspect,2,True
agreeable,2,True
intentionally,2,True
minimize,2,True
maximize,2,True
incoming,2,True
closely,2,True
speak,2,True
unsuccessful,2,True
intranet//employee,2,True
classify,2,True
elsewhere,2,True
annually,2,True
pre-agreed,2,True
bi-annual,2,True
repeatedly,2,True
reservation,2,True
fiduciary,2,True
enjoyable,2,True
10.2you,2,True
sublicense,2,True
redressal,2,True
grc,2,True
relations,2,True
adherence,2,True
nearly,2,True
vertical,2,True
aged,2,True
privy,2,True
proprietorship,2,True
hindu,2,True
undivided,2,True
indefinite,2,True
processor,2,True
compilation,2,True
directorship,2,True
non-compliance,2,True
hardship,2,True
unreasonably,2,True
non-enforcement,2,True
outweigh,2,True
necessity,2,True
ruchi,2,True
ahluwalia,2,True
posh,2,True
racial,2,True
justice,2,True
9th,2,True
intimidate,2,True
sex,2,True
appearance,2,True
story,2,True
joke,2,True
proposition,2,True
assault,2,True
interference,2,True
bonafide,2,True
complaints,2,True
spoc,2,True
governance,2,True
responsibly,2,True
corruption,2,True
whistleblow,2,True
bribe,2,True
gratification,2,True
riotous,2,True
nepotism,2,True
falsification,2,True
steal,2,True
lie,2,True
parents,2,True
options,2,True
"5,50,000",2,True
lacs,2,True
"3,00,000",2,True
l6,2,True
"2,50,000",2,True
"1,25,000",2,True
"20,00,000",2,True
"10,00,000",2,True
santanu,2,True
banerjee,2,True
dl,2,True
54,2,True
affiliation,2,True
knu,2,True
zubaida,2,True
khatoon,2,True
31.00,2,True
days,2,True
0.0,2,True
amt,2,True
1150.00,2,True
b+,2,True
8/1,2,True
avenue,2,True
a-zone,2,True
paschim,2,True
burdwan,2,True
durgapur-713204,2,True
pande,2,True
meenakshi,2,True
116,2,True
117,2,True
regularization,2,True
circulate,2,True
"inr 413,000.00",2,True
usual,2,True
boards,2,True
friend,2,True
anticipated,2,True
collaborator,2,True
cookie,2,True
semiconductor,2,True
repayment,2,True
facilitation,2,True
ear,2,True
itar,2,True
re-export,2,True
frequent,2,True
vocational,2,True
annualise,2,True
illustration,2,True
"inr 100,000",2,True
"4,000",2,True
enact,2,True
"foreign corrupt practices act, 1977",2,True
kingdom,2,True
dispense,2,True
sowmya,2,True
driver,2,True
"100,000",2,True
virtually,2,True
pandemic,2,True
postponement,2,True
encounter,2,True
nov-2021,2,True
subham,2,True
"1,44,000",2,True
strong,2,True
premier,2,True
shailen,2,True
par,2,True
pip,2,True
equip,2,True
comprehension,2,True
6:00pm,2,True
expel,2,True
outsource,2,True
instructor,2,True
led,2,True
wipro/,2,True
formulate,2,True
holistic,2,True
insight,2,True
mindset,2,True
crp,2,True
comfortable,2,True
etiquette,2,True
pbl,2,True
rs.400,2,True
aw,2,True
debjit,2,True
raha,2,True
vaccinate,2,True
dose,2,True
comfort,2,True
rejection,2,True
interesting,2,True
tip,2,True
mahesh,2,True
in-law,2,True
sibling,2,True
inr 1000000/-,2,True
inr 500000/-,2,True
•original,2,True
epfo,2,True
strictest,2,True
pertaining,2,True
immunity,2,True
criminally,2,True
civilly,2,True
retaliation,2,True
error-free,2,True
uninterrupted,2,True
shortage,2,True
commercially,2,True
bankruptcy,2,True
disqualification,2,True
year(s,2,True
7.6,2,True
year-wise,2,True
e-copies,2,True
294,2,True
couse,2,True
03/03/19,2,True
02/08/23,2,True
10/01/19,2,True
semi,2,True
nar,2,True
double,2,True
lecture1/,2,True
https://www.rrce.org/news/powe,2,True
industries,2,True
advika,2,True
kshipra,2,True
simulations,2,True
01/02/19,2,True
01/02/21,2,True
https://www.rrce.org/news/salesf,2,True
28/02/19,2,True
30/11/19,2,True
https://www.rrce.org/news/3days-sdp-on-internet-ofthingsiot/,2,True
https://www.rrce.org/news/7days-fdp-on-data-science-usingr/,2,True
sdp,2,True
wise3,2,True
datafoundry,2,True
systematic,2,True
algorithmic,2,True
generesis,2,True
developmen,2,True
bhubaneswa,2,True
centre-mw,2,True
austrlia,2,True
22/06/15,2,True
21/06/18,2,True
symbosium,2,True
honororium,2,True
26/06/15,2,True
25/06/18,2,True
venjay,2,True
honalec,2,True
bluetooth,2,True
https://www.rrce.org/news/tec,2,True
universiti,2,True
20th,2,True
sdn,2,True
bhd,2,True
malaysia,2,True
lumpur,2,True
belgavi,2,True
texas,2,True
usa,2,True
departments,2,True
hi-way,2,True
matching,2,True
postgraduate,2,True
healthcare,2,True
budgetary,2,True
syllabus,2,True
conspicuous,2,True
eny,2,True
rit,2,True
expansion,2,True
solicitor,2,True
stamping,2,True
master-and-servant,2,True
principal-and-agent,2,True
shali,2,True
11.3,2,True
sot,2,True
antecedent,2,True
termn,2,True
notices,2,True
eve,2,True
chancellor,2,True
1956,2,True
sqft,2,True
researcher,2,True
g.,2,True
23504212,2,True
91)-7204559866,2,True
info@sookshmas.com,2,True
conciliation,2,True
1996,2,True
s.v.g.,2,True
phone:080,2,True
karthik,2,True
03/03/2019,2,True
teque,2,True
bsk,2,True
hub,2,True
cut,2,True
edge,2,True
augmented,2,True
reality,2,True
artificial,2,True
events,2,True
modules,2,True
supreeth,2,True
nearby,2,True
/other,2,True
forthe,2,True
co-operation,2,True
bangalore-560074,2,True
30/10/2018,2,True
1353,2,True
a-square,2,True
bcchs,2,True
vajrahalli-raghuvanahalli,2,True
bug,2,True
38,2,True
willmaintain,2,True
1-02-2019,2,True
visvesvarayatechnological,2,True
called,2,True
md.,2,True
c.kl,2,True
assoc,2,True
educationaltrust,2,True
bangalore560040,2,True
b)duration,2,True
mouat,2,True
vii.effective,2,True
technologtes,2,True
di,2,True
certiport,2,True
commerce,2,True
benchmark,2,True
branding,2,True
raspberry,2,True
certifications,2,True
isi,2,True
dd,2,True
lcd,2,True
projector,2,True
configure,2,True
slot,2,True
98,2,True
exam98,2,True
361,2,True
winter,2,True
60hrs,2,True
r.balakrishna,2,True
56,2,True
kengeri1/,2,True
ka-bn,2,True
011,2,True
vijaynagara,2,True
bengaluru-560040,2,True
pmi,2,True
cad,2,True
instal,2,True
duration-,2,True
231,2,True
demo,2,True
mn,2,True
maruti,2,True
63,2,True
kaksfcl08/,2,True
ka-ba,2,True
retrospectively,2,True
"the companies act, 1956",2,True
562109,2,True
agents,2,True
manufacturer,2,True
servicing,2,True
light,2,True
109,2,True
prashanth,2,True
amicably,2,True
sever,2,True
hegde,2,True
2b,2,True
rapid,2,True
thursday,2,True
manufacturers,2,True
cater,2,True
trainings,2,True
audio-visual,2,True
karthikeyan,2,True
recourse,2,True
siqne,2,True
preetham,2,True
.vijayt,2,True
ponguventures,2,True
186,2,True
assigner,2,True
pre-startup,2,True
managingthe,2,True
e.,2,True
advisors,2,True
innovators,2,True
awareness,2,True
creativity,2,True
for1year,2,True
reports,2,True
deck,2,True
83,2,True
prototyping,2,True
interdisciplinary,2,True
6th2019,2,True
ideas,2,True
poc,2,True
vijaut,2,True
trom,2,True
isert/,2,True
lnstitutions(rrgi,2,True
theplatform,2,True
enablesmany,2,True
institutionsand,2,True
visits/,2,True
bangalo,2,True
progra,2,True
progranr,2,True
ra,2,True
ffil,2,True
cit,2,True
thi,2,True
placements,2,True
k.kam,2,True
assigns)of,2,True
prescreene,2,True
recorded,2,True
s3,2,True
95,2,True
cheque,2,True
bycamscann,2,True
expose,2,True
arrd,2,True
placernent,2,True
ivou,2,True
cond,2,True
rtunitie,2,True
selectsnrart,2,True
conrpanie,2,True
wlth,2,True
ffi,2,True
seleet,2,True
parly,2,True
holding,2,True
uf,2,True
raveline,2,True
mumbai-400001,2,True
nationwide,2,True
ambiguity,2,True
insofar,2,True
amendments,2,True
clause 12,2,True
amc,2,True
insurable,2,True
reputable,2,True
months,2,True
subsisting,2,True
venguswamy,2,True
ramaswamy,2,True
no.2,2,True
←→,2,True
youtube,2,True
maps,2,True
ictacademy,2,True
ict,2,True
builder,2,True
hod-eee-rrce,2,True
bharathi,2,True
alliance'for,2,True
matlab,2,True
embeddedtechnology,2,True
115,2,True
partyin,2,True
instrumentation,2,True
118,2,True
pc,2,True
edat,2,True
1965,2,True
bangalore-560103,2,True
"as""intel",2,True
r-7108,2,True
devinder,2,True
transaction(s,2,True
agreement(s,2,True
mismanagement,2,True
speculative,2,True
ultimately,2,True
collaterals,2,True
11.independent,2,True
employee-employer,2,True
indirectly-owned,2,True
13.notices,2,True
kishore,2,True
balaji,2,True
affairs,2,True
date:24.11.2018,2,True
dinecton,2,True
rbsc,2,True
prinupt,2,True
ofengineere,2,True
andwherea,2,True
anantharaman,2,True
synchronous,2,True
asynchronous,2,True
est,2,True
2a,2,True
instructional,2,True
regents,2,True
hinder,2,True
pd,2,True
ovi,2,True
18/08/2016,2,True
15/08/2016,2,True
wiring,2,True
ere,2,True
stal,2,True
12thcross,2,True
partya,2,True
211118,2,True
jayanagar,2,True
560011,2,True
ex,2,True
cofounder,2,True
mission,2,True
aspiring,2,True
professionals,2,True
startupathon,2,True
20a,2,True
"rs 88,000",2,True
salient,2,True
institution/,2,True
industry/,2,True
manasagangotri,2,True
0821,2,True
no.10/8,2,True
bangalore-560033,2,True
wari,2,True
-mw,2,True
a)organization,2,True
10-11-2016,2,True
technilab,2,True
09-11-2017,2,True
10/8,2,True
mal,2,True
-approved,2,True
emai,2,True
saakshintechnologies@gmail.com,2,True
organiser,2,True
no.6,2,True
c'cross,2,True
claret,2,True
bengalure-560013,2,True
e-mail:info@rrce.org,2,True
keonics,2,True
roadmaps,2,True
-9001,2,True
australia,2,True
chancellors,2,True
feit,2,True
bhagyashekar,2,True
bhubaneswar,2,True
distinguish,2,True
play,2,True
ramohali,2,True
mike,2,True
ph:080.65666769/28437124/28437375,2,True
halliae,2,True
thte,2,True
pk,2,True
collabrative,2,True
abhishek,2,True
04/08/20,2,True
05/09/20,2,True
arshiya,2,True
10/08/20,2,True
10/09/20,2,True
pithadia,2,True
chethan,2,True
17/09/20,2,True
16/10/20,2,True
chandana,2,True
sanjay,2,True
pet,2,True
leakage,2,True
yield,2,True
neha,2,True
prajwal,2,True
12/03/21,2,True
03/04/21,2,True
swathi,2,True
darshan,2,True
kesarkar,2,True
yathish,2,True
apparel,2,True
15/09/20,2,True
04/11/20,2,True
sorting,2,True
alogorithm,2,True
visulization,2,True
recollection,2,True
meghana,2,True
navya,2,True
04-09-20,2,True
14/10/20,2,True
amulya,2,True
ankit,2,True
asha,2,True
yoga,2,True
bansara,2,True
daksha,2,True
gayathri,2,True
nishanth,2,True
priya,2,True
sagar,2,True
conditionby,2,True
17/04/21,2,True
31/10/20,2,True
venkata,2,True
nisha,2,True
archana,2,True
08/07/19,2,True
05/07/19,2,True
04/08/19,2,True
srinivas,2,True
pramod,2,True
yashashwini,2,True
suraj,2,True
recognisation,2,True
sunidhi,2,True
spa,2,True
campsites,2,True
blog,2,True
07/07/19,2,True
08/08/19,2,True
deepika,2,True
mushabbar,2,True
x-cienciatechnologies,2,True
560006.india,2,True
pursuingbachelor,2,True
futureendeavour,2,True
x-cieacia,2,True
pvt.ltd,2,True
projeet,2,True
punctual,2,True
hardworking,2,True
inquisitive,2,True
10march,2,True
ctr,2,True
a'grade,2,True
radhakrishna,2,True
235,2,True
bca/02,2,True
www.xtipl.com,2,True
k.r,2,True
supriya,2,True
termsof,2,True
inwitnesswhereof,2,True
31th,2,True
eagle,2,True
stone,2,True
bearer,2,True
き,2,True
135211100002175,2,True
lgw,2,True
drivers,2,True
2.terms,2,True
18/01/2022,2,True
cancelthis,2,True
sofftech,2,True
297179,2,True
79969,2,True
90246/47,2,True
vidya,2,True
significance,2,True
perception,2,True
jupyter,2,True
numerical,2,True
pricr,2,True
fig.4,2,True
scatter,2,True
density,2,True
estimation,2,True
seem,2,True
hit,2,True
abstract,2,True
spot,2,True
quntity,2,True
helpful,2,True
inside,2,True
uncertainty,2,True
referral,2,True
linking,2,True
loading,2,True
mil,2,True
pandas,2,True
e-commerce,2,True
loader,2,True
unwanted,2,True
toward,2,True
element,2,True
trait,2,True
imperative,2,True
recommender,2,True
sifting,2,True
comparative,2,True
sciences,2,True
14ramohalli,2,True
exelusive,2,True
world-class,2,True
shore,2,True
consultanet,2,True
outsourcing,2,True
dev-ops,2,True
seiences,2,True
henceforth,2,True
ean,2,True
"rs.50,000",2,True
jmeter,2,True
script,2,True
tune,2,True
divyashree,2,True
mannari,2,True
technopoli,2,True
rs.6000,2,True
yemlur,2,True
77,2,True
"inr 6,000",2,True
timespent,2,True
1.75,2,True
timesheet,2,True
takencare,2,True
c.m,2,True
sharan,2,True
royalty-free,2,True
irrevocable,2,True
riot,2,True
mob.:9611885246,2,True
9611166425,2,True
s.m.,2,True
273,2,True
670327,2,True
aswathi,2,True
p.p,2,True
ayana,2,True
jasmine,2,True
tom,2,True
respected,2,True
appreve,2,True
cmc,2,True
sc,2,True
m.se,2,True
msc,2,True
amith,2,True
1gg14me009,2,True
1gg14me017,2,True
prabhakara,2,True
1gg14me037,2,True
ramachandra,2,True
1gg15me401,2,True
naveenkumar,2,True
1gg15me410,2,True
rama,2,True
rao,2,True
engr,2,True
chelnan,2,True
acm,2,True
oural,2,True
6.usn,2,True
chikkanna,2,True
boy,2,True
nal,2,True
hobl,2,True
aist,2,True
1.9,2,True
kn,2,True
nk,2,True
8900099783,2,True
smartphone,2,True
activation,2,True
gig-worker,2,True
unavailable,2,True
consume,2,True
trigger,2,True
discriminate,2,True
waiting,2,True
undelivered,2,True
timestamp,2,True
falsely,2,True
contamination,2,True
tampering,2,True
wallet,2,True
restaurants,2,True
customer-data,2,True
postal,2,True
byelaw,2,True
13.3,2,True
polished,2,True
fillable,2,True
signable,2,True
clone,2,True
pdfs,2,True
jotform.com/products/pdf-editor/,2,True
jotform.com/products/smart-pdf-forms/,2,True
e-signatures,2,True
jotform.com/products/sign/,2,True
homework,2,True
esign,2,True
aggregator,2,True
employer-employee,2,True
non-delivery,2,True
gintaa-branded,2,True
misbehaviour,2,True
behave,2,True
respectfully,2,True
invoicing,2,True
mohisgote,2,True
dlf,2,True
no.5,2,True
cuisines,2,True
food.grievance@gintaa.com,2,True
minimal,2,True
coin,2,True
madhya,2,True
periodical,2,True
manmeet,2,True
kaur,2,True
13.1.1,2,True
consolidation,2,True
smt./kum,2,True
distt,2,True
budh,2,True
rs. 1,2,True
rs. 1 lakh,2,True
2/-,2,True
rs.100/-,2,True
701,2,True
washington,2,True
20068,2,True
substantial,2,True
preamble,2,True
river,2,True
non-interference,2,True
section 3.1(a,2,True
lee,2,True
delaware,2,True
/s/,2,True
hourly,2,True
work-related,2,True
ergonomically,2,True
ums,2,True
contacts,2,True
week(s)/,2,True
10/2013,2,True
arrangements,2,True
piece,2,True
smw,2,True
chapter,2,True
paste,2,True
vnpf,2,True
ryan,2,True
robinson,2,True
'll,2,True
xxx,2,True
akkulaiah,2,True
.n,2,True
94e,2,True
bulaliuabllbiu,2,True
yaswanth,2,True
sha'h,2,True
aee,2,True
oihet,2,True
oryoma,2,True
dsger,2,True
nitt,2,True
s59n1,2,True
bu!a!luab!llpiu,2,True
paul,2,True
joshua,2,True
.p,2,True
nt-,2,True
ryr,2,True
ititi,2,True
sgeor,2,True
avee,2,True
yyuss,2,True
isd,2,True
dld,2,True
15951,2,True
tsge,2,True
issod,2,True
yyone,2,True
alienb,2,True
yyo,2,True
nes,2,True
fnyn,2,True
aas,2,True
epn,2,True
aet,2,True
aaen,2,True
soe,2,True
wok,2,True
teet,2,True
aaens,2,True
bise,2,True
llo,2,True
bt,2,True
rk,2,True
whan,2,True
ein,2,True
aei,2,True
coman,2,True
yie,2,True
seii,2,True
uoe,2,True
au,2,True
oa,2,True
ole,2,True
nily,2,True
etie,2,True
-'t,2,True
sus,2,True
beis,2,True
yone,2,True
lli,2,True
isod,2,True
oii,2,True
prathyusha,2,True
suon,2,True
sss,2,True
hdeveloper,2,True
chaitanya,2,True
rap,2,True
ope,2,True
cture,2,True
ccom,2,True
ous,2,True
etg,2,True
soeg,2,True
siva,2,True
llt,2,True
ikin,2,True
mounika,2,True
www.shcilestamp.com,2,True
2027,2,True
section 1(vi)(c,2,True
"indian companies act, 2013",2,True
33.3,2,True
metrics,2,True
afore-mentioned,2,True
mahindra,2,True
hcl,2,True
75th,2,True
50th,2,True
rsu,2,True
recoupment,2,True
dodd,2,True
frank,2,True
sixtieth,2,True
subpoena,2,True
inventions,2,True
impacc,2,True
iv)/,2,True
di878003/,2,True
delhi/,2,True
dl-dlh,2,True
article 5,2,True
2559,2,True
7452,2,True
calcutta,2,True
001,2,True
2248,2,True
bombay,2,True
6636,2,True
4151,2,True
sham,2,True
110,2,True
054,2,True
₹ 2,2,True
media,2,True
abridged,2,True
misreporting,2,True
investments,2,True
denote,2,True
edition,2,True
449,2,True
senapati,2,True
bapat,2,True
https://gintaa.com/legal/delivery-partner/terms-condition,1,True
indusind,1,True
nippon,1,True
https://www.scribd.com/document/999571761/offer-cum-appointment-letter-c0359015,1,True
https://pubs.payoneer.com/docs/sample-independent-contractor-agreement.pdf,1,True
sears,1,True
https://www.bvuniversity.edu.in/pdf/naac_criteria/512_220322.pdf,1,True
https://www.scribd.com/document/613578483/remote-agreement-pulkit-garg-47,1,True
i-venture,1,True
https://i-venture.org/wp-content/uploads/2023/10/consultancy_agreement.pdf,1,True
institutional,1,True
https://aera.gov.in/uploads/topics/17659708753175.pdf,1,True
doxuno,1,True
https://doxuno.com/free-templates/in/independent-contractor-agreement,1,True
https://www.rrce.org/rrce/wp-content/uploads/2016/12/dvv-3.5.2.1.pdf,1,True
jio,1,True
https://id.scribd.com/document/659482492/offer,1,True
wonderlegal,1,True
https://www.wonder.legal/in/modele/remote-work-agreement-in,1,True
ol-2021,1,True
0465,1,True
abhinandan,1,True
basu,1,True
"rs.
4,76,214/-",1,True
government-mandated,1,True
marked,1,True
family-friendly,1,True
work-life,1,True
8:45,1,True
5:45,1,True
regulated,1,True
launchpad,1,True
warmly,1,True
kamalahasan,1,True
haryana-122001,1,True
http://www.planetspark.in,1,True
ps10866,1,True
planetspark,1,True
haryana122001,1,True
spark,1,True
joy,1,True
encl,1,True
emoluments,1,True
bifurcate,1,True
"650,400",1,True
21428,1,True
creativeness,1,True
yen,1,True
ple,1,True
ant,1,True
snvss,1,True
ovos,1,True
sov,1,True
onl,1,True
yuis,1,True
syng,1,True
lg,1,True
schs,1,True
lon,1,True
https://wipro.icims.com/forms?module=forms&action=showform&view=htm&form=elite_offer_letter_template_2022&user=23077122&item=42677...11/12,1,True
https://wipro.icims.com/forms?module=forms&action=showform&view=htm&form=elite_offer_letter_template_2022&user=24385695&item=6,1,True
2:41,1,True
onr,1,True
uns,1,True
uen,1,True
gmo,1,True
slarnn,1,True
nnng,1,True
aonn,1,True
rg,1,True
pds,1,True
oonn,1,True
3:39,1,True
https://wipro.icims.com/forms?module=forms&action=showform&view=htm&form=elite_offer_letter_template_2022&user=24406526&item=66443...11/12,1,True
.performance,1,True
pre-tax,1,True
non-taxable,1,True
mohali,1,True
consistently,1,True
habitually,1,True
9.5,1,True
post-termination,1,True
9.6,1,True
9.7,1,True
colleague,1,True
9.8,1,True
redundancies,1,True
layoff,1,True
re-assign,1,True
inr 500,1,True
12.4,1,True
12.5,1,True
by:-,1,True
ria,1,True
mail------------------,1,True
license/,1,True
reviews,1,True
in-office,1,True
-months,1,True
willingly,1,True
"indian
contract act, 1872",1,True
amounting,1,True
"2,00,000",1,True
penalize,1,True
abrupt,1,True
270,1,True
expected,1,True
post-resignation,1,True
relievingletter/,1,True
https://wipro.icims.com/forms?module=forms&action=showform&view=htm&form=elite_offer_letter_template_2022&user=23071042&item=4,1,True
20/1/2022,1,True
5:42,1,True
uonl,1,True
"1/22/22,10:25",1,True
ode,1,True
22/1/202210:25,1,True
https://wipro.icims.com/forms?module=forms&action=showform&view=htm&form=elite_offer_letter_template_2022&user=23072094&item=42629...11/12,1,True
fri,1,True
9:34,1,True
sayansa,1,True
dhar,1,True
icims,1,True
infer,1,True
fresher,1,True
desktop/,1,True
box,1,True
browser,1,True
ctrl+p,1,True
destination,1,True
reset,1,True
|global,1,True
team|,1,True
limited|,1,True
https://wipro.icims.com/icims2/?r=884d22991921&contactid=17417946,1,True
oour,1,True
snn,1,True
-no,1,True
yio,1,True
rnong,1,True
ovg,1,True
svn,1,True
yon,1,True
wsr,1,True
ins,1,True
ruon,1,True
rec,1,True
roay,1,True
oent,1,True
lr,1,True
orrng,1,True
wne,1,True
cde,1,True
acne,1,True
aco,1,True
cornns,1,True
cus,1,True
sorny,1,True
pln,1,True
14/1/2022,1,True
1:09,1,True
11:29,1,True
https://wipro.icims.com/forms?module=forms&action=showform&view=htm&form=elite_offer_letter_template_2022&user=23073606&item=4,1,True
2:43,1,True
1/9,1,True
2/9,1,True
3/9,1,True
4/9,1,True
policyclearinghouse@wipro.com,1,True
5/9,1,True
self-marriage,1,True
25000,1,True
75000,1,True
"50,000",1,True
6/9,1,True
financials->variable,1,True
202223,1,True
7/9,1,True
"rs 50,000",1,True
80c,1,True
inr 1800,1,True
8/9,1,True
pre­defined,1,True
9/9,1,True
7:07,1,True
ct20182419173,1,True
29/10/2020,1,True
100/1jessore,1,True
bhagabati,1,True
kolkata-700074,1,True
ct20182414415,1,True
8/33,1,True
floornear,1,True
club,1,True
sahid,1,True
kolkata-700078,1,True
8016517584,1,True
8436213664,1,True
"inr 500,010.00/-",1,True
"15,000.00",1,True
"180,000.00",1,True
"7,500.00",1,True
"90,000.00",1,True
"9,188.00",1,True
"110,256.00",1,True
"5,500.00",1,True
"66,000.00",1,True
"1,125.00",1,True
"13,500.00",1,True
"38,313.00",1,True
"459,756.00",1,True
"21,600.00",1,True
"10,000.00",1,True
"8,654.00",1,True
"inr
500,010.00",1,True
books,1,True
periodicals,1,True
"the gratuity act, 1972",1,True
aamdoc,1,True
reinvent,1,True
hopeful,1,True
"july-2021(""start",1,True
"inr 400,000.00",1,True
inr 21600.00,1,True
inr 18400.00,1,True
idb,1,True
january][november,1,True
skillfully,1,True
undertakings,1,True
negatively,1,True
despite,1,True
irregular,1,True
justify,1,True
badge,1,True
proportional,1,True
intercept,1,True
retract,1,True
collective,1,True
bargaining,1,True
touch,1,True
shefali,1,True
rishab,1,True
1/25/2021,1,True
understating,1,True
personnel-related,1,True
profitability,1,True
herby,1,True
conceiving,1,True
testimony,1,True
provided,1,True
bss,1,True
crm,1,True
virtualization,1,True
nfv,1,True
convince,1,True
dissimilar,1,True
litigate,1,True
298236,1,True
hazra,1,True
intern-delivery,1,True
sundararajan,1,True
dimentics,1,True
internshala,1,True
8db6e66a-9678,1,True
8a9a-9f45,1,True
e49a9c2eada8,1,True
https://internshala.com/verify_certificate,1,True
debigarh,1,True
madhyamgram,1,True
cb,1,True
andit,1,True
dat,1,True
bnits,1,True
2021(joining,1,True
postp,1,True
rupeestwenty,1,True
"rs. 3,00,000",1,True
-please,1,True
annexure-s,1,True
18750.00,1,True
225000.00,1,True
3750.00,1,True
45000.00,1,True
25000.00,1,True
300000.00,1,True
13/01/2021,1,True
pone,1,True
acco,1,True
conf,1,True
independence,1,True
jayanti,1,True
sapta,1,True
ashta,1,True
nava,1,True
dush,1,True
diwali,1,True
christmas,1,True
p.tax,1,True
ax,1,True
rs. 500,1,True
"rs 8,000/=.",1,True
suppose,1,True
chang,1,True
ordingly,1,True
firmation,1,True
wit,1,True
holida,1,True
eginne,1,True
hera,1,True
130,1,True
ays,1,True
holi,1,True
reco,1,True
eave,1,True
denial,1,True
empl,1,True
termina,1,True
reckone,1,True
retrial,1,True
clude,1,True
oyee,1,True
hich,1,True
termin,1,True
subje,1,True
thir,1,True
terminat,1,True
performanc,1,True
monitory,1,True
reputational,1,True
ation,1,True
mpletion,1,True
referr,1,True
notic,1,True
compl,1,True
eriod,1,True
ployee,1,True
clie,1,True
ackground,1,True
otice,1,True
red,1,True
pliance,1,True
mination,1,True
ture,1,True
adv,1,True
tole,1,True
policie,1,True
expe,1,True
rem,1,True
visory,1,True
indire,1,True
rmission,1,True
stan,1,True
rminate,1,True
olicie,1,True
creed,1,True
rat,1,True
grou,1,True
entiality,1,True
agr,1,True
nated,1,True
eith,1,True
muneration,1,True
ectly,1,True
ndard,1,True
discriminatory,1,True
ow,1,True
reement,1,True
ployment,1,True
arge,1,True
ini,1,True
basak,1,True
itiate,1,True
docu,1,True
certifica,1,True
colo,1,True
ver,1,True
lette,1,True
rification,1,True
299541,1,True
ct20203009987,1,True
12/1mistry,1,True
beniapukur,1,True
kolkata-700014,1,True
8232941230,1,True
apr-2021,1,True
15521575,1,True
"cognizant"").you",1,True
"inr 401,988/-",1,True
"inr 22,500",1,True
"inr 19,500/-",1,True
"rs.450,740/-",1,True
"inr 22,500/-",1,True
pre-requirements,1,True
prioritize,1,True
non-completion,1,True
approximately,1,True
pre-approvals,1,True
entry-level,1,True
maya,1,True
sreekumar,1,True
"126,000",1,True
"75,600",1,True
"88,188",1,True
"359,988",1,True
"382,488",1,True
"19,500",1,True
"401,988",1,True
2:00,1,True
dse_na3@docusign.net,1,True
2:37,1,True
hr.in@gyansys.com,1,True
gyansysoffer,1,True
alternate,1,True
docusign.com,1,True
bd8be75e7e654de092fee00aad8a636e3,1,True
on-the-go,1,True
managementtm,1,True
trouble,1,True
rather,1,True
13915937,1,True
"rs.3,50,000/-",1,True
annexure-1͛͘,1,True
appointment͛,1,True
at,1,True
annexure-2͛͘,1,True
company͛,1,True
"rs.2,00,000",1,True
employment͛,1,True
on,1,True
https:\\campbuzz.lntinfotech.com,1,True
seven(7,1,True
larsen,1,True
toubro,1,True
govekar,1,True
2campus,1,True
get(i,1,True
p.m.,1,True
"11,300",1,True
"26,300",1,True
"8,664",1,True
"4,140",1,True
"34,398",1,True
c+d,1,True
"350,000",1,True
"rs. 3,00,000/-",1,True
1.basic,1,True
encashment,1,True
2.h.r.a.,1,True
3.you,1,True
4.the,1,True
5.the,1,True
6.the,1,True
7.any,1,True
limits,1,True
"rs. 1,250/-",1,True
"rs. 1,600/-",1,True
"rs. 1,100/-",1,True
"rs. 2,200/-",1,True
hide,1,True
center/,1,True
site/,1,True
workshift,1,True
candidates-,1,True
b.e./b.tech,1,True
ͻssc,1,True
/hsc,1,True
ͻre-exam,1,True
holders,1,True
"diploma(both),marks",1,True
subjects(irrespective,1,True
certificate(of,1,True
/backlogs,1,True
ͻbacklogs,1,True
reattempts,1,True
ͻthis,1,True
ͻre-exam(supplementary,1,True
ͻany,1,True
cleard,1,True
citizens,1,True
ugc,1,True
fitness(in,1,True
mbbs,1,True
jun-2020,1,True
aditi,1,True
14294152,1,True
"rs.19,500/-",1,True
"rs.450,500/-",1,True
"rs. 19,500/-",1,True
lets,1,True
heve,1,True
reh,1,True
ltu,1,True
criterla,1,True
perlod,1,True
increments,1,True
deputatlon,1,True
13915940,1,True
13915938,1,True
1message,1,True
12:50,1,True
aloka,1,True
.omat,1,True
ler,1,True
intimated,1,True
ct20182408351,1,True
03/10/2019,1,True
p.o,1,True
dumkal,1,True
murshidabad,1,True
adsr,1,True
berhampore-742303,1,True
"3,36,875/-",1,True
"10,200/-",1,True
"4,080/-",1,True
"7,570/-",1,True
"1,22,400",1,True
"1,224",1,True
"14,688",1,True
"5,887",1,True
"1,715",1,True
"28,475",1,True
"3,36,875",1,True
"4,080",1,True
"48,960",1,True
"7,570",1,True
"90,840",1,True
10:42,1,True
embark.wipro@wipro.com,1,True
mon,1,True
5:09,1,True
onboarding.helpdesk@wipro.com,1,True
dxc_india_campusconnect,1,True
dxcindiacampusconnect@dxc.com,1,True
8:49,1,True
e−sign,1,True
eit,1,True
shortly,1,True
along-with,1,True
"₹342,857.00",1,True
"₹360,000.00",1,True
"₹180,000.00",1,True
commissioner,1,True
"gratuity
act, 1972",1,True
"₹17,143",1,True
"rs
13,976",1,True
employee state insurance act 1948,1,True
remit,1,True
sick−cum−casual,1,True
2.1.your,1,True
51007431,1,True
though,1,True
2.11,1,True
3778,1,True
8292,1,True
8305,1,True
"rs. 200,000",1,True
/boarding,1,True
memos,1,True
"rs. 2,400",1,True
hostel):(per,1,True
rs.300,1,True
"rs. 7,200",1,True
5a,1,True
5b,1,True
"rs. 3,60,000",1,True
5c,1,True
rs. 3.6,1,True
"rs.1,44,000",1,True
5d,1,True
vouchers,1,True
"rs.26,400",1,True
exgratia,1,True
"rs. 21,",1,True
000/−pm,1,True
"inr 1,500",1,True
"inr 18,000",1,True
ex−showroom,1,True
"inr
9,00,000",1,True
unusually,1,True
"q1,q2,q3",1,True
unutilized,1,True
pro−rata,1,True
upper,1,True
3(d,1,True
annualized,1,True
letters,1,True
highest,1,True
voter,1,True
citibank,1,True
navy,1,True
pls,1,True
know−how,1,True
formally,1,True
honor,1,True
mine,1,True
undetectable,1,True
business−related,1,True
oem,1,True
odm,1,True
post−employment,1,True
finality,1,True
predictability,1,True
boundary,1,True
aside,1,True
reciprocal,1,True
mepz,1,True
addressee,1,True
12/09/2019,1,True
27gobra,1,True
gorostan,1,True
flora,1,True
fountain,1,True
kolkata-700046,1,True
7980579937,1,True
kage,1,True
censultancy,1,True
a.cakrabrt,1,True
700156,1,True
a.ut,1,True
mbal,1,True
021,1,True
g1ound,1,True
floo1,1,True
semiew,1,True
lid,1,True
/ites,1,True
secto,1,True
135,1,True
no1da,1,True
201304,1,True
1330,1,True
www.soprasteria.in,1,True
ha'/,1,True
parl,1,True
sterio,1,True
ofter,1,True
expecl,1,True
accep,1,True
tance,1,True
appointmenl,1,True
comple,1,True
port,1,True
inr 400000,1,True
europe,1,True
inr 200.000,1,True
chonge/,1,True
corce,1,True
condit'ons,1,True
com;)ly,1,True
witi1,1,True
lox,1,True
employmenl,1,True
olher,1,True
procedurf,1,True
-he,1,True
furiher,1,True
o•:jri,1,True
boci,1,True
ver1ficot10n,1,True
oppo,1,True
ntment,1,True
toter,1,True
hove,1,True
lntenl,1,True
pegords,1,True
www.dtdc.in,1,True
corporate0ffce,1,True
victra,1,True
bangaluru,1,True
-56047,1,True
tel.:080,1,True
25365032/39,1,True
fax:0802551461,1,True
u85110ka1990plco011089,1,True
gt-tt,1,True
e1,1,True
anasuya,1,True
xundu,1,True
attashicheleboty,1,True
fgr,1,True
thanking,1,True
absorption,1,True
abm,1,True
cmo,1,True
migratory,1,True
"rs 20,000/-",1,True
700059,1,True
404,1,True
vip,1,True
raghunathpur,1,True
on-job,1,True
13.11.19,1,True
dpd,1,True
igroup,1,True
dtdca,1,True
facing,1,True
executive-patient,1,True
incidence,1,True
eor,1,True
让l,1,True
date:2018.0907,1,True
12.5457,1,True
+0530,1,True
murnbal,1,True
fax·91,1,True
allosse,1,True
adherance,1,True
harressment,1,True
nule,1,True
iae,1,True
eoand,1,True
18.goveringlaw,1,True
legality,1,True
translate,1,True
non-english,1,True
u33110m0h1993ptc204814,1,True
bidg,1,True
45810704,1,True
policle,1,True
andinformation,1,True
specificatlon,1,True
allaper,1,True
including,1,True
projectlon,1,True
d)at,1,True
youllable,1,True
límite,1,True
sth,1,True
companyproperty,1,True
relinquishment,1,True
demonstrate/,1,True
8.company,1,True
intellectualproperty,1,True
wyt,1,True
b)you,1,True
registerable,1,True
lnae,1,True
sevite,1,True
sable,1,True
12.other,1,True
debenture,1,True
employeeaddress,1,True
inis,1,True
ynt,1,True
aus,1,True
tceh,1,True
14.non-compete&non,1,True
pwrot,1,True
wvo,1,True
swos,1,True
wsootie,1,True
tel91,1,True
lary,1,True
pertinent,1,True
yng,1,True
non-adherence,1,True
sphere,1,True
cardand,1,True
osssiod,1,True
aion,1,True
yonr,1,True
solitalre,1,True
o-s,1,True
isnuve,1,True
coon,1,True
coion,1,True
non-cooperation,1,True
orft,1,True
iall,1,True
u33110mh1993ptc204814,1,True
mumbal-,1,True
andherl-,1,True
wishes,1,True
hadlwsndan,1,True
madhusudan,1,True
nair,1,True
manager-hr,1,True
continent,1,True
mumbai-,1,True
fax+91,1,True
2248810704,1,True
consequent,1,True
medicalexamination,1,True
pre-condition,1,True
eygm,1,True
wous,1,True
utt,1,True
estouof,1,True
ofit,1,True
appt/2017,1,True
18/632,1,True
383691,1,True
hafps8271h,1,True
4/2,1,True
h-11,1,True
bhukailash,1,True
700023,1,True
"06,2018",1,True
attainment,1,True
trty,1,True
lent,1,True
regd.f.:1241,1,True
solitare,1,True
oorporate,1,True
"na12,4th",1,True
anheri-ghatkoparlinkroad,1,True
andheri(east,1,True
"mumbal-40093,inda",1,True
tel:91224810/701,1,True
fa91224810704,1,True
swaml,1,True
"152,919",1,True
h.ra,1,True
"76,460",1,True
coupons,1,True
"13,200",1,True
"60,000",1,True
"128,333",1,True
"436,912",1,True
"b7,382",1,True
"18,350",1,True
"7,355",1,True
"25,705",1,True
ctc(a+b+c+d,1,True
"550,000",1,True
guaranteed,1,True
@100,1,True
"inr 300,000",1,True
"inr 30,000/-",1,True
claw,1,True
sip,1,True
@20,1,True
33.33,1,True
2018.0907,1,True
1255:19,1,True
timus,1,True
10530,1,True
director-human,1,True
ashish,1,True
deblina,1,True
jayanta,1,True
joydeep,1,True
tausef,1,True
6190,1,True
www.intel.com,1,True
u85110ka1997ptc021606,1,True
jul-18,1,True
aug-19,1,True
mondays,1,True
fridays,1,True
8:00,1,True
5:00,1,True
12:00,1,True
noon,1,True
1:00,1,True
"rs. 855,340",1,True
"rs.
8,724.47",1,True
"rs. 100,000",1,True
rata,1,True
reassign,1,True
non-management,1,True
non-shift,1,True
employer(s,1,True
cocs,1,True
along-,1,True
u.s.a.,1,True
188,1,True
http://circuit.intel.com/circuit/index/employee%20services/jobs/hr%20guidelines/.,1,True
relevantly,1,True
psychological,1,True
resultant,1,True
relevent,1,True
eliminate,1,True
apr-mar,1,True
"22,674",1,True
pritam,1,True
dated,1,True
dates/,1,True
uploading,1,True
05.01.2026,1,True
bid/,1,True
packet,1,True
clarifications/,1,True
corrigendum/,1,True
disqualification/,1,True
form-1,1,True
form-2,1,True
form-4,1,True
appendix-ii,1,True
appendix-iii,1,True
glossary,1,True
clause 1.1.1,1,True
https://gem.gov.in,1,True
tor/,1,True
sow,1,True
26.09.2019,1,True
act.2008,1,True
theprincipal,1,True
operatorship,1,True
1.(1,1,True
officialgazette,1,True
"words,""any",1,True
functions,1,True
vii)any,1,True
88,1,True
1937,1,True
"aircraft act, 1934",1,True
section 2(a,1,True
provided-,1,True
supportive,1,True
landing,1,True
stake-holder,1,True
periodicity,1,True
12.01.2011,1,True
05/,1,True
28.02.2011,1,True
02.08.2010,1,True
04/,1,True
10.01.2011,1,True
07/,1,True
13.06.2016,1,True
normative,1,True
blocks,1,True
airportscapital,1,True
costs,1,True
14/,1,True
17dated,1,True
23.01.2017,1,True
ncap-2016,1,True
20/,1,True
31.03.2017,1,True
ude,1,True
desh,1,True
aam,1,True
naagrik,1,True
udan,1,True
12.01.2018,1,True
09.04.2018,1,True
assets,1,True
42/,1,True
05.03.2019,1,True
fror,1,True
assignment:-,1,True
relevance,1,True
scrutinize,1,True
section 4,1,True
assumption,1,True
turnover,1,True
exemption/,1,True
mses,1,True
illustrative,1,True
exhaustive,1,True
ultimate,1,True
p&laccount,1,True
linewith,1,True
ssa,1,True
correspondence/,1,True
assets/,1,True
opex,1,True
segregation,1,True
aero,1,True
non-aero,1,True
o&m,1,True
worksheet,1,True
consider/,1,True
tribunal/,1,True
appeal/,1,True
handing,1,True
mytp/,1,True
tariffs,1,True
3.8.2(iii),1,True
manpower,1,True
timeframe,1,True
payrolls)/,1,True
sub-contracting,1,True
years,1,True
mathematical,1,True
mathematics,1,True
statistics/,1,True
economics,1,True
involved/,1,True
associated/,1,True
planning/,1,True
raising/,1,True
budget/,1,True
structure/,1,True
programs:-,1,True
management/,1,True
examination/,1,True
roads,1,True
bridges,1,True
urban,1,True
railways,1,True
ports,1,True
shipyards,1,True
inland,1,True
waterways,1,True
bulk,1,True
electricity,1,True
generation/,1,True
transmission/,1,True
oil/,1,True
gas/,1,True
lng,1,True
telecommunication(fixed,1,True
telecom,1,True
centres,1,True
sanitation,1,True
sewage,1,True
dams,1,True
embankment,1,True
storm,1,True
drainage,1,True
hospitals,1,True
sports,1,True
infrastructures,1,True
horticulture,1,True
cold,1,True
chasin,1,True
terminal,1,True
soil,1,True
convention,1,True
backward,1,True
wells,1,True
refinery,1,True
non-physical,1,True
procedural,1,True
outcomes/,1,True
full-time/,1,True
part-time/,1,True
single/,1,True
joint/,1,True
dual/,1,True
combined/,1,True
composite/,1,True
assignments/,1,True
components/,1,True
familiarise,1,True
copying,1,True
demonstration,1,True
subsidy/,1,True
rfp)/,1,True
3.8.1,1,True
3.8.2,1,True
unqualified,1,True
rail,1,True
rs. 2250/,1,True
taxi,1,True
rs. 338/,1,True
rs. 900/,1,True
historical,1,True
pre-existed,1,True
missing,1,True
4.1.1,1,True
ascertainment,1,True
broadly,1,True
digitally/,1,True
ink,1,True
ink/,1,True
4.1.3,1,True
4.2.1,1,True
virtual/,1,True
email/,1,True
communicated/,1,True
bidder(s,1,True
preferable,1,True
non-availability,1,True
4.2.4,1,True
4.3.1,1,True
4.3.2,1,True
omissions,1,True
torwithin,1,True
4.4.1,1,True
4.4.3,1,True
4.4.4,1,True
justification,1,True
4.5.1,1,True
4.5.2,1,True
4.5.3,1,True
4.5.4,1,True
4.5.5,1,True
4.5.6,1,True
4.5.7,1,True
rs.100/,1,True
4.7.1,1,True
4.7.2,1,True
compelling,1,True
4.7.3,1,True
activity/,1,True
deduct/,1,True
0.5,1,True
controversy/,1,True
milestone(s)/,1,True
clause 6.3,1,True
consultant/,1,True
anymatter,1,True
employedor,1,True
no.11/,1,True
",i/",1,True
"act,1956/",1,True
"indian partnership act, 1932",1,True
no.[,1,True
]dated,1,True
"limited liability partnership act, 2008",1,True
wind,1,True
proactively,1,True
suspended/,1,True
penal,1,True
life/,1,True
limbs/,1,True
doubtful,1,True
abandon/,1,True
bypass/,1,True
action(s,1,True
me/,1,True
bid(s,1,True
leader/,1,True
passed/,1,True
obtained,1,True
self-attested,1,True
he/,1,True
table(at,1,True
3.3.(v,1,True
assignment/,1,True
mispresente,1,True
post-qualification,1,True
pune/,1,True
20xx,1,True
2030,1,True
contradiction,1,True
theagreement,1,True
sub-headings,1,True
1.9.1,1,True
1.9.2,1,True
24695040,1,True
1.9.3,1,True
clause 2.3,1,True
2.6.1,1,True
especially,1,True
abrogate,1,True
2.6.2,1,True
clause 2.6.1,1,True
hostility,1,True
enemy,1,True
sabotage,1,True
quarantine,1,True
wrongdoing,1,True
predictable/,1,True
seasonal,1,True
within10,1,True
unused,1,True
undamaged,1,True
concurrence,1,True
clause 2.9,1,True
debtor,1,True
overdue,1,True
remedie,1,True
2.10.3,1,True
2.10.4,1,True
dispatch,1,True
orderly,1,True
2.10.5,1,True
2.10.6,1,True
clause 2.10.6,1,True
3.1.1,1,True
3.1.2,1,True
conformity,1,True
3.1.3,1,True
practicablestep,1,True
3.1.4,1,True
3.2.1,1,True
behest,1,True
3.2.2,1,True
3.2.3,1,True
clause 3.2.4,1,True
3.2.6,1,True
soliciting,1,True
employing,1,True
suppression,1,True
harming,1,True
magnetic,1,True
digest,1,True
citation,1,True
3.5.1,1,True
3.6.1,1,True
3.6.2,1,True
latter,1,True
activities/,1,True
3.6.3,1,True
3.6.4,1,True
dispose-off,1,True
vet,1,True
agencies/,1,True
clause 3.4,1,True
surface,1,True
2.4(d),1,True
re-survey,1,True
permits/,1,True
maketo,1,True
rs.............,1,True
realization,1,True
impractical,1,True
fairly,1,True
unfairly,1,True
unfairness,1,True
-i,1,True
and___________________________________for,1,True
fulfilment,1,True
demur,1,True
unequivocal,1,True
certifie,1,True
dbod,1,True
guarantees,1,True
co-acceptances,1,True
constitution,1,True
contractor(s)/,1,True
supplier(s,1,True
lastly,1,True
f.no.,1,True
aera/20010,1,True
eoi-01/2025,1,True
26/23565,1,True
26on,1,True
deloitte,1,True
touche,1,True
tohmatsu,1,True
ernst,1,True
kpmg,1,True
pricewaterhousecoopers,1,True
davies,1,True
gleave,1,True
pkf,1,True
santhanam,1,True
crisil,1,True
subramanian,1,True
rite,1,True
mecon,1,True
icf,1,True
thornton,1,True
bharat,1,True
mercados,1,True
abps,1,True
xviii,1,True
adroit,1,True
xix,1,True
brahmayya,1,True
fin-advisors,1,True
xxi,1,True
fichtner,1,True
xxii,1,True
shridhar,1,True
a'or,1,True
update/,1,True
withaera,1,True
elaborate,1,True
rfps,1,True
narrow,1,True
17.10.2025,1,True
04/2020,1,True
01.06.2020,1,True
29.06.2020,1,True
03.01.2024,1,True
30.11.2025,1,True
sprungh,1,True
inderpalsingh,1,True
p&s,1,True
glohal,1,True
cytereturty,1,True
ajay,1,True
mdr,1,True
"rs. 30,100/-",1,True
6.0,1,True
mutualy,1,True
resuit,1,True
nullification,1,True
correspond,1,True
relieving/,1,True
mookhey,1,True
www.niiconsulting,1,True
tietwor,1,True
tltd,1,True
ecospact,1,True
2garrias,1,True
17157,1,True
csti,1,True
.6,1,True
z,1,True
u72900mh2001ptc12269,1,True
cybersecurity,1,True
ihereby,1,True
cph/,1,True
cisc,1,True
/cpfa,1,True
triage,1,True
benign,1,True
analysts,1,True
adequacy,1,True
troubleshoot,1,True
deputed,1,True
www.niiconsulting.com,1,True
ecosace,1,True
olk,1,True
nagardas,1,True
andiern,1,True
unbai,1,True
40069,1,True
t91,1,True
22a9711576,1,True
22283920:%,1,True
91226209:53,1,True
2?aabcns18.3f,1,True
u72900mh2001ptc132893,1,True
info@niiconsulting.com,1,True
omzinterio,1,True
semorn,1,True
nlera,1,True
beaud,1,True
hones,1,True
letteer,1,True
akshay,1,True
jeratagi,1,True
jevargi,1,True
jeratgi,1,True
kalaburagi,1,True
585310,1,True
"rs. 2,40,000/-",1,True
fourty,1,True
thousands,1,True
instant,1,True
aliotte,1,True
seled,1,True
inerior,1,True
roor,1,True
"315/3,1pl",1,True
mgin,1,True
120d,1,True
broukfield,1,True
kundanchal,1,True
bangolore-56037,1,True
b0,1,True
4890,1,True
8718,1,True
pport@hamzieteria,1,True
gol,1,True
3omzinterio,1,True
ttericr,1,True
beouta,1,True
8upon,1,True
imrnediately,1,True
handver,1,True
cortespondence,1,True
rot,1,True
sarre,1,True
sral,1,True
whie,1,True
ast,1,True
gnment,1,True
fiie,1,True
proe,1,True
prejudiia,1,True
overstayec,1,True
seyond,1,True
originalty,1,True
tree,1,True
absconded,1,True
silent,1,True
youremployment,1,True
medica,1,True
ochit,1,True
irector,1,True
resinteric,1,True
pa.,1,True
ld,1,True
stanne,1,True
bx,1,True
7er,1,True
support@homzinten,1,True
1s3,1,True
15cvoo4,1,True
uobl,1,True
intra,1,True
servicess,1,True
vwe,1,True
managerprojects,1,True
hr&manager,1,True
1h,1,True
1sj16cv01,1,True
prabh,1,True
mob:974119911,1,True
so.somriaaarrok,1,True
anitha,1,True
engineering-reg,1,True
rs.12000/-,1,True
wraosaza,1,True
edauskvekszadazdbr,1,True
kiriaatkedvaksterikaroriginaoaruarsnsardaiaaureilruarra,1,True
86/87/88,1,True
bathalahalli,1,True
taluf,1,True
talakaveri,1,True
amruthahalli,1,True
f-mail,1,True
saniana.waterproofing@gmail.com,1,True
wcb,1,True
www.sanjanawaterproofing.com,1,True
9916290799,1,True
appointment:1s,1,True
salary:10000/-per,1,True
quotations,1,True
invoices,1,True
submissions,1,True
allied,1,True
s15(vci0,1,True
prabi,1,True
onstriiction,1,True
97411991,1,True
architha,1,True
rs. 12000-,1,True
ou're,1,True
propretor,1,True
"86/87/88,bathalahalli",1,True
talu,1,True
stru,1,True
ctio,1,True
privai,1,True
elimiied,1,True
technologv,1,True
annexuree,1,True
transterre,1,True
leavee,1,True
benefits(on.successful,1,True
clu,1,True
secrecv,1,True
notlce,1,True
3odays,1,True
notwithstand,1,True
-cost,1,True
monthlyy,1,True
constructignspvt,1,True
bangeiore,1,True
resources-enager,1,True
signaturë.anddate,1,True
contace,1,True
confidrntial,1,True
21129,1,True
p'ost,1,True
discusion,1,True
allowa,1,True
28/2,1,True
ganesha,1,True
r.t.nagar,1,True
infracon.structures@gmail.com,1,True
94494,1,True
18857,1,True
inracon,1,True
i1j,1,True
fuu,1,True
curenl,1,True
cti,1,True
fir4,1,True
ym,1,True
infon,1,True
matnmiatit,1,True
titne,1,True
onnyour,1,True
pronenl,1,True
pemanent,1,True
reeiduifinl,1,True
adidea,1,True
aln,1,True
nubes,1,True
hang,1,True
uoidential,1,True
ntdree,1,True
duriny,1,True
ourse,1,True
prrnnptly,1,True
intimat,1,True
satt,1,True
vwritity,1,True
fotnight,1,True
s1u,1,True
hrhan,1,True
haye,1,True
ouhnit,1,True
dnueit,1,True
fduratiomal,1,True
jualifuatunn-,1,True
unutts,1,True
pas,1,True
p'ermanent,1,True
fl'roof,1,True
alsn,1,True
subnnit,1,True
vtt,1,True
paopnt,1,True
joininy,1,True
as1ure,1,True
matagnuernt,1,True
ynu,1,True
abicde,1,True
bry,1,True
arid,1,True
thass,1,True
discloe,1,True
perwm,1,True
peruns,1,True
ty,1,True
ret,1,True
knuwhuw,1,True
nparry,1,True
informatirn,1,True
ervice,1,True
terrninate,1,True
miconduct,1,True
contractin,1,True
ecord,1,True
assoclation,1,True
fon,1,True
infracog,1,True
strufrdce,1,True
voj,1,True
charnge,1,True
psipl,1,True
o9102021,1,True
srinivasa,1,True
316,1,True
veeramudamma,1,True
kondarajanahalli,1,True
karnataka-563101,1,True
trainer-,1,True
654,1,True
tk,1,True
karnataka-570009,1,True
"rs. 14,000/-",1,True
ral,1,True
exy,1,True
rajesha,1,True
manager-human,1,True
09/10/2021,1,True
training8,1,True
14000,1,True
dda,1,True
1sj15cvo19,1,True
jai,1,True
gurudev,1,True
||,1,True
a.v.,1,True
29anlpm9017d2zr,1,True
a.b.v.,1,True
ph:-9845111395,1,True
costruction,1,True
bhavan,1,True
1000/-,1,True
27.08.2020,1,True
one-nmonth,1,True
forabv,1,True
proprnetor,1,True
allahabad,1,True
b.b,1,True
chickballapura,1,True
mail:mohanbabumohanbabu9@gmail.com,1,True
1si15cvo1,1,True
ipyo0)i,1,True
1/|,1,True
cnnstrue,1,True
tiot.g,1,True
gbai,1,True
ptopriclor,1,True
kim,1,True
bramhini,1,True
iyear,1,True
.you're,1,True
ogvs,1,True
constrjct,1,True
nstrutin,1,True
08156274542,1,True
9535846399,1,True
yp,1,True
b.e..,1,True
ciuil,1,True
mandibele,1,True
inerease,1,True
intinnation,1,True
chickballapur.562101,1,True
1s315cvoa3,1,True
fifth,1,True
pritech,1,True
64/4,1,True
mrs.,1,True
poornima,1,True
shenoy,1,True
son/,1,True
prakash,1,True
vand,1,True
amruth,1,True
dbor,1,True
teritory,1,True
formalize,1,True
eent,1,True
xecute,1,True
nean,1,True
nrormation,1,True
technigue,1,True
experimental,1,True
operating,1,True
relatable,1,True
prudent,1,True
isrepute,1,True
hindrance,1,True
inr 26250,1,True
thereot,1,True
expeditiously,1,True
found.of,1,True
clause)or,1,True
permanen,1,True
brea,1,True
egalprocess,1,True
irretrievably,1,True
erase,1,True
protectable,1,True
indemnifying,1,True
liabilijty,1,True
onth,1,True
10.5,1,True
arse,1,True
detween,1,True
non-commercial,1,True
slgne,1,True
arnd,1,True
dy,1,True
acsimile,1,True
certifle,1,True
witha,1,True
nag,1,True
1sj16cv0,1,True
44c6,1,True
oprictor,1,True
htkslmit,1,True
cnstructloti.gs,1,True
ail.(om,1,True
emss,1,True
lyear,1,True
afier,1,True
gv,1,True
constrwctio,1,True
1s315cvo31,1,True
1sjihcvoaq,1,True
08156,1,True
9845053935,1,True
262,1,True
p.purushotham8e,1,True
civ,1,True
chickballapur-562,1,True
101,1,True
16.08.2020,1,True
dhanushree,1,True
hg,1,True
mustoor,1,True
10days,1,True
sbouid,1,True
vapasanora,1,True
chickballapur-,1,True
t4,1,True
1sj15cvo31,1,True
dreamiy,1,True
03.10.2020,1,True
30/1,1,True
parijathafuel,1,True
stationj-venkatapura,1,True
shidlaghattatq,1,True
chickballapura-d,1,True
562102,1,True
mob+91,1,True
6364926366,1,True
mailsanaraconstructions7200@amail.com,1,True
ia6maz,1,True
st15,1,True
cvo3p,1,True
iowiiom,1,True
ht,1,True
letier,1,True
coniarmn,1,True
niaregl.n,1,True
jmne,1,True
0as,1,True
ste,1,True
icer,1,True
7jt4,1,True
montis,1,True
ncntone,1,True
lcler,1,True
lis,1,True
puilonnad,1,True
eti.iu1,1,True
plr,1,True
stuctures,1,True
ben,1,True
thericd,1,True
sni,1,True
45t16c,1,True
v47,1,True
10:31,1,True
lirnite,1,True
chandrakala,1,True
nov,1,True
9:35,1,True
messagefrom,1,True
hr@bsriil.com,1,True
10:10,1,True
telecon,1,True
4:57,1,True
qa\qc,1,True
05.07.2021,1,True
9606965445,1,True
phani,1,True
9959898734,1,True
https://mail.google.com/maillu/0/?ik=503a2b298d&view=pt&search=al&permthid=thread-f%3a1715967294394993377&simpl=msg-f%3a171596,1,True
10:33,1,True
congralulation,1,True
thanks,1,True
bilock,1,True
sahakarnagar,1,True
092,1,True
23623700/01,1,True
cell:9481272727,1,True
23623703,1,True
no1,1,True
104/5,1,True
sbh,1,True
madapur,1,True
081,1,True
23114278,1,True
32,1,True
yeditha,1,True
mandapeta,1,True
godavari,1,True
533,1,True
8855,1,True
231737,1,True
www.bsril.com,1,True
d-block,1,True
sahakaranagar,1,True
benga,1,True
luru-560092,1,True
desgihation,1,True
cno,1,True
babuus,1,True
vinl,1,True
canal&aqueduct,1,True
yetinaho,1,True
05.07,1,True
05.08.202,1,True
aount,1,True
8asic,1,True
"6,097.00",1,True
452,1,True
"3,048.00",1,True
"1,394.00",1,True
"1,655.00",1,True
933.00,1,True
"13,127",1,True
sixx,1,True
hurdred,1,True
seventt,1,True
rtve,1,True
kupees,1,True
reguire,1,True
89714,1,True
36645,1,True
86939,1,True
81444,1,True
natarajsjcit,1,True
123@gmail.com,1,True
m.v.,1,True
chikkaballapura,1,True
date:.2.93.2018,1,True
gowthamg,1,True
itor,1,True
mv,1,True
tenin,1,True
hontl,1,True
ikkntnllatuta,1,True
vater19.m,1,True
guruprasad,1,True
hugar,1,True
sile,1,True
appeoint,1,True
engincer,1,True
estcemed,1,True
ngätizatiti,1,True
subjectcd,1,True
rcgulalion,1,True
aftei,1,True
yait,1,True
gcnerally,1,True
salaric,1,True
cvery,1,True
marchy,1,True
arc,1,True
probatisn,1,True
onc-month,1,True
41/1u14,1,True
ati,1,True
ansiabgts,1,True
29hacnabs/01z,1,True
7a91ka01tca4244,1,True
anpower,1,True
harsiik,1,True
sther,1,True
natne,1,True
dno,1,True
nasso2,1,True
suh,1,True
apposnimcticticr,1,True
mrs,1,True
harsha,1,True
dste1143e1.21,1,True
mentletter,1,True
cre,1,True
picasure,1,True
offcr,1,True
positionof,1,True
affixcd,1,True
perijod,1,True
cmployient,1,True
sthali,1,True
puid,1,True
annerutc,1,True
5alar,1,True
structute,1,True
aic,1,True
du1s,1,True
aker,1,True
roily,1,True
rev,1,True
isa,1,True
7rcttzí,1,True
ko,1,True
ariy,1,True
ttne,1,True
tnndition,1,True
yc,1,True
repori,1,True
0ct-21,1,True
hocalion,1,True
1uricaled,1,True
secur,1,True
3pypointncnt,1,True
m'e,1,True
noeds,1,True
manpwwer,1,True
i1d,1,True
sove,1,True
specife,1,True
tern5,1,True
tihe,1,True
cliest,1,True
oull,1,True
mered,1,True
usnder,1,True
ideut,1,True
emplryees,1,True
employecs,1,True
slaie,1,True
en1pios,1,True
s1ate,1,True
insurante,1,True
oreticd,1,True
cuftupany,1,True
yosr,1,True
viarious,1,True
localg115,1,True
ciaim,1,True
enployce,1,True
irotn,1,True
transierted,1,True
plave,1,True
and'or,1,True
fron,1,True
depariment,1,True
rganizali,1,True
asottier,1,True
zrd,1,True
ofe,1,True
regio,1,True
regiuon,1,True
dicretiom,1,True
anayetct,1,True
acecoun,1,True
eripencie,1,True
wii,1,True
fromm,1,True
satturday,1,True
shifis,1,True
ariscs,1,True
similzriy,1,True
cliei,1,True
orgaizt,1,True
o7n,1,True
wnrke,1,True
exiggencie,1,True
einployment,1,True
elevcn,1,True
esnploymet,1,True
appoimment,1,True
employcd,1,True
coune,1,True
beiore,1,True
/wark,1,True
contrat,1,True
extcnde,1,True
requiremmcnt,1,True
nevds,1,True
above-,1,True
stund,1,True
autoniatically,1,True
comnunicalion,1,True
employrment,1,True
expliciily,1,True
ins1ructions,1,True
clicnt,1,True
sate,1,True
resignztion,1,True
managei1en,1,True
erve,1,True
effeci,1,True
employmet,1,True
witlh,1,True
i2,1,True
conidentiality,1,True
confliet,1,True
lnter,1,True
ali,1,True
wiiere,1,True
contidential,1,True
fegd,1,True
srne,1,True
sbm,1,True
feetrcad,1,True
banashankar-i,1,True
050,1,True
26595431,1,True
26798228,1,True
c-mail,1,True
serviceseneeds.co.in,1,True
www.needs.co.in,1,True
ds-max,1,True
hh1,1,True
uh,1,True
ihayt,1,True
15alig,1,True
alytc,1,True
in7019,1,True
"ea2!97p'i(,041549",1,True
dugroupwsld.in-www.dsiaxpropertics.cu,1,True
9001:2015,1,True
comrany,1,True
dsm,1,True
appu2020/092564,1,True
nj20200,1,True
mharshith,1,True
banguln,1,True
letterof,1,True
appointmeni,1,True
wilh,1,True
reterenee,1,True
appli.tn,1,True
inilerview,1,True
plcase,1,True
appoiri,1,True
ganization,1,True
1he,1,True
"of""trainee",1,True
"engineer""on",1,True
tern,1,True
dnd,1,True
efective,1,True
appointnent,1,True
shll,1,True
repert,1,True
1an,1,True
jan-2020,1,True
:o,1,True
resour,1,True
tthent,1,True
ther1i1110,1,True
totmallie,1,True
designalion,1,True
tranee,1,True
twill,1,True
thouph,1,True
to4,1,True
speeit,1,True
pusition,1,True
ight,1,True
v0u,1,True
deput.lun'transtetassign9,1,True
compans,1,True
uhether,1,True
existng,1,True
ppointient,1,True
uure,1,True
uork,1,True
responsih1lities,1,True
w1l,1,True
1ic,1,True
eaplaine,1,True
tivad,1,True
deparnment,1,True
irom,1,True
4)an,1,True
ual,1,True
conpensation,1,True
cost-o-company,1,True
"rs. 1,44,000/-",1,True
ruees,1,True
tii,1,True
padd,1,True
iri,1,True
alar,1,True
rs. 12.000/-,1,True
dlonth,1,True
kurnar,1,True
subrmit,1,True
perrmanent,1,True
subrmission,1,True
sig1_es_signer2,1,True
es_:signer1,1,True
signaturel,1,True
signer2,1,True
rritse,1,True
remise,1,True
cther,1,True
scecfically,1,True
arg,1,True
regure,1,True
orntacd,1,True
depanment,1,True
trs,1,True
dumen,1,True
elee,1,True
atseptance,1,True
df,1,True
eperiene,1,True
prerious,1,True
edurational,1,True
shet,1,True
pay-slip,1,True
offerlappointment,1,True
ike,1,True
confime,1,True
youa,1,True
annexurel,1,True
salany,1,True
re-structure,1,True
"rs 26,400",1,True
aintenance,1,True
compay,1,True
self-owned,1,True
teneft,1,True
-human,1,True
sig1_es_:signer2,1,True
"employee state insurance act, 1948",1,True
maximurn,1,True
armount,1,True
2.0,1,True
cornpensation,1,True
"inr 17,142.85",1,True
un-availed,1,True
accumulative,1,True
curent,1,True
paid,1,True
transferability,1,True
yment,1,True
locaton,1,True
oftices,1,True
clent,1,True
comoany,1,True
benenis,1,True
inkeo,1,True
ume,1,True
malntai,1,True
ngn,1,True
inroa,1,True
confidentaty,1,True
conduct/,1,True
organiztion,1,True
1sj16cv416,1,True
05/20/2020,1,True
positioyou,1,True
successtul,1,True
dxccs,1,True
joinin9,1,True
e-sign,1,True
mepz-sez,1,True
sanatorium,1,True
22628080/22623880,1,True
+9144,1,True
22628171,1,True
www.dxc.technology,1,True
15j16cv4j4,1,True
sbpli40/2020,1,True
madankumar,1,True
"rs. 12,000/-",1,True
manu,1,True
"3h,16/32,hextrapoint",1,True
"111,/",1,True
maikappa,1,True
ochandrakanth,1,True
4/27,1,True
hudi,1,True
bidar,1,True
karnataka-585329,1,True
homelane.com,1,True
ccepta,1,True
nce,1,True
1.pre-employment,1,True
references,1,True
lane.com,1,True
refe,1,True
rence,1,True
uthorize,1,True
yourselfin,1,True
2.commencement,1,True
gnpioynen,1,True
yw,1,True
cohpa,1,True
beirng,1,True
nrst,1,True
durlng,1,True
wiich,1,True
mayterminae,1,True
ompany,1,True
ab5olute,1,True
3.compensation,1,True
"inr 3,20,000",1,True
fuly,1,True
duction,1,True
eighteen,1,True
4.employee,1,True
situated,1,True
ellgibility,1,True
5.confidentiality,1,True
6.data,1,True
monitoring8,1,True
administrotive,1,True
homelanei,1,True
oor,1,True
pav,1,True
ntness,1,True
investigations(inciuainge,1,True
anonymously,1,True
whistle-blowing,1,True
proce,1,True
dure,1,True
proauct,1,True
tund,1,True
quasi,1,True
purchaser,1,True
7.performance,1,True
contorm,1,True
reasona,1,True
onal,1,True
rationale,1,True
8.intellectual,1,True
conce,1,True
ptualize,1,True
ofany,1,True
9.no,1,True
conflicting,1,True
confict,1,True
awfhs,1,True
dre,1,True
companv,1,True
aential,1,True
epect,1,True
infornation,1,True
diae,1,True
cployer,1,True
10.adherence,1,True
professiona,1,True
lism,1,True
ofsex,1,True
ancestry,1,True
pregnancy,1,True
childbirth,1,True
apprise,1,True
reto,1,True
11.termination,1,True
ofsixty,1,True
thirty-day,1,True
compound,1,True
ofa,1,True
pplication,1,True
warn,1,True
12.event,1,True
afis,1,True
ebect,1,True
tail,1,True
d.engage,1,True
c.are,1,True
d.commit,1,True
e.are,1,True
misdemeanoror,1,True
f.engage,1,True
8.personally,1,True
h.breach,1,True
13.garden,1,True
clause 11,1,True
14.comparny,1,True
exept,1,True
operty,1,True
tneir,1,True
oroup,1,True
advertise,1,True
necornpanys,1,True
recorad5,1,True
toge,1,True
copiesof,1,True
ha,1,True
adve,1,True
rtise,1,True
web-server,1,True
a5sistant,1,True
supervise,1,True
15.no,1,True
readily,1,True
16.miscellan,1,True
eous,1,True
lawtully,1,True
spect,1,True
uity,1,True
inentives}that,1,True
enmployment,1,True
hereot,1,True
ageement,1,True
modife,1,True
areement,1,True
amangement,1,True
ecude,1,True
asociation,1,True
homevistadecor,1,True
putation,1,True
ponent,1,True
month|,1,True
"1,28,000",1,True
"10,667",1,True
"64,000",1,True
"5,333",1,True
"1,06,400",1,True
"8,867",1,True
800|,1,True
"2,74,400",1,True
"22,867",1,True
paya,1,True
urance,1,True
kalpa,1,True
president-human,1,True
resourcess,1,True
1s115vo1,1,True
1sj1hcvoh,1,True
mathi1151rr,1,True
ostiuc(ions,1,True
p'prictor,1,True
949711h82,1,True
c.11,1,True
1.enk,1,True
apia,1,True
411,1,True
kandavarapete,1,True
13000/-,1,True
26/07/2020,1,True
isliactor,1,True
umodu,1,True
vp,1,True
ovfuicdnur,1,True
chikkakurugodu,1,True
v&p,1,True
gauribidanur,1,True
chickaballanur,1,True
-561208,1,True
1s145c,1,True
29aalfa4608h1zd,1,True
aalfa4608h,1,True
stadium,1,True
9449779207,1,True
7619430148,1,True
o!aven,1,True
jaffer,1,True
e)you,1,True
constructton,1,True
bulld,1,True
dream'y,1,True
namratha,1,True
cesicn,1,True
nayamath,1,True
4b,1,True
endorse,1,True
check/,1,True
tour,1,True
dez,1,True
compersation,1,True
annesyre,1,True
ircse,1,True
frorm,1,True
organizstin,1,True
fourd,1,True
unsaisibnj,1,True
eersio,1,True
pertormance,1,True
deerme,1,True
relinquish,1,True
detrimental/,1,True
accumulation,1,True
derore,1,True
cale,1,True
considereu,1,True
inmportant,1,True
ercept,1,True
intormmation,1,True
concerme,1,True
atfait,1,True
thhe,1,True
aftair,1,True
othernwise,1,True
gifts,1,True
tavor,1,True
stu'b,1,True
onceve,1,True
mnay,1,True
urther,1,True
rightful,1,True
deerne,1,True
lend,1,True
prohibited-,1,True
alternateoccupation,1,True
employement,1,True
companyyou,1,True
the-,1,True
safe-keeping,1,True
othe,1,True
intormed,1,True
returh,1,True
sanjeeta,1,True
meher,1,True
manager-,1,True
"14,438",1,True
"5,775",1,True
"10,071|",1,True
"3,63,400",1,True
"30,283",1,True
"1,73,250",1,True
"69,300",1,True
"1,20,850",1,True
"3,85,000",1,True
"38,500",1,True
"32,083",1,True
15j15c,1,True
vo65,1,True
architeet,1,True
date:13.10.2020,1,True
pallavi,1,True
ater,1,True
afi,1,True
s75cvo,1,True
29aapkbz25f1z,1,True
h.kodanda,1,True
ramaiah,1,True
9880995054,1,True
venkateshwara,1,True
dealer,1,True
netafim,1,True
dist-563101,1,True
date:28-08-2019,1,True
ref:-,1,True
svis,1,True
app/012/2019,1,True
muneshwara,1,True
15000/-,1,True
perfonmance,1,True
intination,1,True
srr,1,True
veikateshwara,1,True
lrigation,1,True
cocon,1,True
ottierrionss1öno,1,True
noesij,1,True
o1,1,True
ss80995054,1,True
.a0,1,True
ey,1,True
cr5,1,True
aalfa460eh,1,True
29aal,1,True
faagon1zd,1,True
constrution,1,True
noar,1,True
m.g,1,True
stadun,1,True
phono,1,True
94497/9207,1,True
76194014,1,True
rof,1,True
dalo,1,True
hva,1,True
pooja,1,True
ouantity,1,True
subjccte,1,True
piven,1,True
cligible,1,True
d)i,1,True
performancc,1,True
gcncrally,1,True
incrcase,1,True
weckly,1,True
vh,1,True
pinnacleprime,1,True
struction,1,True
priv,1,True
mit,1,True
-trainee,1,True
wiil,1,True
wifl,1,True
bangaiare,1,True
tmeyer,1,True
ija,1,True
afa,1,True
diseretion,1,True
managernent,1,True
iransfer,1,True
feave,1,True
taia,1,True
donine,1,True
tarde,1,True
sehedule,1,True
uome,1,True
ipaza,1,True
urliess,1,True
adrance,1,True
beriefits,1,True
orosiorpe,1,True
benefita,1,True
lcasual,1,True
clof,1,True
per.annum,1,True
tenefte,1,True
earnedlezve,1,True
er2,1,True
carade,1,True
regulatians,1,True
rditgne,1,True
torce,1,True
frarne,1,True
oye,1,True
secrec,1,True
afrer,1,True
wichot,1,True
s2,1,True
excat,1,True
legai,1,True
caigacrs,1,True
resezrch,1,True
zrie,1,True
weer,1,True
yr,1,True
erice,1,True
senyvice,1,True
termínate,1,True
serurga,1,True
natice,1,True
cé,1,True
daye,1,True
resignatíon,1,True
rarcaory,1,True
fra,1,True
procese,1,True
unautnarized,1,True
bence,1,True
sence,1,True
contínuous,1,True
ron-efaance,1,True
cyour,1,True
lse,1,True
len,1,True
empiogm,1,True
employrnent.shall,1,True
corne,1,True
withau,1,True
conditionsaid,1,True
nctnnsamde,1,True
ngt,1,True
imvoke,1,True
intere,1,True
corresoondence,1,True
comcamy,1,True
¥,1,True
eu,1,True
reum,1,True
ictc,1,True
monthiy,1,True
yeariy,1,True
engalora,1,True
ang,1,True
báte,1,True
dt.6-04-2021,1,True
somanathanhalli,1,True
channarayaptana,1,True
hasan,1,True
dist-5731,1,True
7892963819,1,True
punithdgowda97@gmail.com,1,True
"rs. 22,000/-",1,True
project-in-charge,1,True
16th,1,True
certif+cates,1,True
warm,1,True
pvt.lltd,1,True
1st1cv4d,1,True
geneial,1,True
contiacting,1,True
confidentinl,1,True
061,1,True
raghavendra,1,True
.v,1,True
28th,1,True
15j1,1,True
vl,1,True
cortract,1,True
ineracon,1,True
structpe,1,True
contracting,1,True
purpoe,1,True
infracon,1,True
structre,1,True
authorie,1,True
bri,1,True
r2823,1,True
emat,1,True
nfracon,1,True
stucture,1,True
ngpmourdo/2021,1,True
22/128,1,True
rangaswamy,1,True
avathilpost,1,True
|1,1,True
rural,1,True
fmail,1,True
rajeshgowda142@gmail,1,True
o844248109,1,True
appont,1,True
laning,1,True
0.000,1,True
0.700,1,True
nh,1,True
interchange,1,True
nih4,1,True
package-,1,True
packahe-1,1,True
71.000,1,True
bethamangala,1,True
section(package-111,1,True
expressway,1,True
annuity,1,True
bharatmala,1,True
pariyojna,1,True
phase-1,1,True
"rs.25,000/-",1,True
orders/,1,True
reccive,1,True
educations,1,True
20-08-2021,1,True
privatojnited,1,True
foorqan,1,True
rezvi,1,True
nagpur,1,True
440,1,True
u45203mh2004ptc150165,1,True
1s316cv44,1,True
constructicns,1,True
ph:08156,1,True
cell:9535846399,1,True
chickballapur-562101,1,True
anneintment,1,True
rakesh,1,True
npo,1,True
rad,1,True
canara,1,True
chickalper,1,True
sab,1,True
plesse,1,True
appointent,1,True
suhjecte,1,True
1yoewill,1,True
salkiry,1,True
2yoa,1,True
allonwance,1,True
atter,1,True
4your,1,True
pertomance,1,True
satistaction,1,True
tud,1,True
oonveyance,1,True
reportingduty,1,True
onganization,1,True
5cvo,1,True
15j15cvo8,1,True
1sti5cvo7,1,True
2915,1,True
rifie,1,True
ntra,1,True
tkouse,1,True
"i/1,herun",1,True
banude,1,True
henuw,1,True
bgahur,1,True
kalym,1,True
nagan,1,True
mamare,1,True
56004,1,True
tol,1,True
25421,1,True
vostrtrasuoort.n,1,True
ww.mftasuanort,1,True
infrasupport,1,True
yor,1,True
engineerkg,1,True
paher,1,True
1s,1,True
ou2019,1,True
20/101,1,True
maruth,1,True
xtension,1,True
563130,1,True
6364033303,1,True
raneethe,1,True
1mal,1,True
intervew,1,True
heid,1,True
"rs 1,59,996/-",1,True
1n,1,True
yon1ng,1,True
kreis,1,True
ngnt,1,True
int1matton,1,True
conditon,1,True
erter,1,True
ths,1,True
nformaton,1,True
ncorrect,1,True
educaton,1,True
engeering,1,True
lokesh,1,True
cwo,1,True
qc,1,True
cinu2u2h.12mtcoui*s,1,True
nabl,1,True
acred1ted,1,True
iec,1,True
17025,1,True
2005,1,True
fxcellence,1,True
dientet,1,True
coo,1,True
ph:+9035867854,1,True
gst;29eveps6272k2zq,1,True
batawadl,1,True
18.05.2020,1,True
riyakath,1,True
rs.12500/-,1,True
dur,1,True
tsmy,1,True
picinun,1,True
plend,1,True
tollowng,1,True
otler,1,True
employmeni,1,True
behall,1,True
is0a2imuth,1,True
renewadle,1,True
enei,1,True
solutio,1,True
reportiny,1,True
posilion,1,True
abhiran,1,True
auth1pudi,1,True
deseription,1,True
iesiukential,1,True
lnecial,1,True
ess,1,True
eneigy,1,True
sorage,1,True
180.azimuth,1,True
guidelne,1,True
shade,1,True
structural,1,True
eleetrical,1,True
oview,1,True
modity,1,True
engneering,1,True
calculatons,1,True
bom,1,True
rescanch,1,True
dorument,1,True
connply,1,True
requrement,1,True
understund,1,True
cquipment,1,True
worktlow,1,True
dinct,1,True
cmail,1,True
multi-tasking,1,True
instalment,1,True
rs. 15.000/-,1,True
"rs 1.80,000-",1,True
amnual,1,True
basi,1,True
conmpny,1,True
ine,1,True
rs. 0,1,True
0ur,1,True
noncompete,1,True
agreenent,1,True
energeney,1,True
ff,1,True
acerucd,1,True
compuy,1,True
poliey,1,True
avaüle,1,True
superviso,1,True
septembe,1,True
180a7imuth,1,True
cither,1,True
iand,1,True
agteement,1,True
180azimuth,1,True
specilically,1,True
i80,1,True
renewable,1,True
agreemen,1,True
olfer,1,True
ellect,1,True
candidatc,1,True
signauure,1,True
15j15voet,1,True
onsrutions,1,True
priatli,1,True
1e,1,True
privall,1,True
coneidenial,1,True
7h,1,True
enployrnent,1,True
elera,1,True
annexure1,1,True
lransfer,1,True
areliable,1,True
trasie,1,True
leaye,1,True
successfuli,1,True
entitie,1,True
thestandineg,1,True
olithe,1,True
tcasual,1,True
divuige,1,True
willimmediately,1,True
ngalore,1,True
ndannerure,1,True
eamolumenis,1,True
comeany,1,True
ctci,1,True
basice,1,True
specia,1,True
allowae,1,True
earming,1,True
individuai,1,True
wouid,1,True
ietter,1,True
angalora,1,True
resourcesmahager,1,True
1st15,1,True
derign,1,True
architect,1,True
date:13,1,True
10.2020,1,True
appointmentorder,1,True
shiva,1,True
1s316cv432,1,True
aoble,1,True
infia,1,True
manager-projects,1,True
exoellent,1,True
confim,1,True
confirrmation,1,True
truction,1,True
privateli,1,True
mite,1,True
annexure-b,1,True
ocurrent,1,True
eptitled,1,True
perigd,1,True
uniess,1,True
gl,1,True
confidentiaiity,1,True
legab,1,True
employment.byserving,1,True
mandatoryif,1,True
rtebangelore,1,True
resourcesmanager,1,True
ucton,1,True
privateand,1,True
22/07/2019,1,True
s/0,1,True
k.n.yarappa,1,True
kuruburu,1,True
chikkaballapur,1,True
mylandahalli,1,True
563125,1,True
roie,1,True
reportng,1,True
ycur,1,True
oinirg,1,True
yoü,1,True
expecie,1,True
conaition,1,True
notto,1,True
disciose,1,True
successfui,1,True
ieader,1,True
rajajinagar,1,True
toligate,1,True
woc,1,True
044,1,True
23145383,1,True
admin@pinnacleprime.in,1,True
www.pinnacleprime.in,1,True
-b,1,True
transrerre,1,True
succossful,1,True
tiiie,1,True
discourege,1,True
leave(cl,1,True
leave(el,1,True
stand1ng,1,True
becone,1,True
respon,1,True
biliie,1,True
sane,1,True
conformance,1,True
relatirng,1,True
prime|,1,True
montlily,1,True
4s00,1,True
costto,1,True
consta,1,True
pinnacie,1,True
sonstructions,1,True
-manager,1,True
16115cv,1,True
consulii,1,True
23/05/2021,1,True
"surveyor""with",1,True
abh!nada,1,True
e,1,True
klribl/5/,1,True
1st1(v111,1,True
oble,1,True
nfra,1,True
suryakant,1,True
tal,1,True
awar,1,True
sjc,1,True
technolcgy,1,True
chickbalapur,1,True
suryakan,1,True
talawar,1,True
vve,1,True
iease,1,True
osition,1,True
enginee,1,True
trainge,1,True
iocation,1,True
repore,1,True
offce,1,True
beiieve,1,True
"11,000/-",1,True
siandard,1,True
applicabie,1,True
cordition,1,True
empioymentwith,1,True
kianagement,1,True
at-ii,1,True
ierminate,1,True
ermpioyiment,1,True
iihs,1,True
1etter,1,True
10i,1,True
gotiatt,1,True
gueaiantee,1,True
en1pioymeni,1,True
perod,1,True
conim,1,True
acceplarce,1,True
criar,1,True
sendiny,1,True
conifmat,1,True
jo!n,1,True
teaim,1,True
teel,1,True
25045cvlle,1,True
designacube,1,True
gaigpe,1,True
kigpraan,1,True
yd,1,True
owais,1,True
sulta,1,True
furtmer,1,True
interiew,1,True
piecse,1,True
iniam,1,True
deign,1,True
cces,1,True
irei,1,True
projecis,1,True
starfing,1,True
ferm,1,True
condificns,1,True
rs. 18000/-p.m.during,1,True
probcfion,1,True
periad,1,True
trere,1,True
wilcecetmm,1,True
cccordance,1,True
yaur,1,True
probatfion,1,True
marith,1,True
apat,1,True
fum,1,True
afner,1,True
cary,1,True
ouf,1,True
busire,1,True
ercert,1,True
perrmission,1,True
nofice,1,True
peiod,1,True
yau,1,True
wat,1,True
tolesve,1,True
agmuia,1,True
aice,1,True
inciude,1,True
fme,1,True
tmere,1,True
vaiairsn,1,True
mng,1,True
stricty,1,True
uncficial,1,True
orcwsing,1,True
ailcwedimaifice,1,True
dumg,1,True
ofic,1,True
cuoes,1,True
komal,1,True
kapoor,1,True
7716t7222,1,True
inicecegccesm,1,True
1sj16c,1,True
v4,1,True
sbpl/41/2020,1,True
-=-----,1,True
"rs. 15,000/-",1,True
.two,1,True
"3h,16/32",1,True
hextrapoint,1,True
v1,1,True
construcnon,1,True
consul,1,True
tancy,1,True
23/05/202,1,True
subjact,1,True
engineer-,1,True
rs.13000-,1,True
nomal,1,True
govermment,1,True
mwuu,1,True
abhnvia.rlelivil,1,True
avhiram,1,True
consultuncy,1,True
klribli5/,1,True
nnod,1,True
iith,1,True
cmscnner,1,True
1sj16,1,True
cv436,1,True
9acros,1,True
jakkur,1,True
roat,1,True
jukk,1,True
layt,1,True
bengu,1,True
f80,1,True
0464,1,True
oswistrastracture,1,True
pverit,1,True
coscern,1,True
tlats,1,True
tend,1,True
contim,1,True
kinar,1,True
saregulw,1,True
cmployee,1,True
tls,1,True
orgont,1,True
usjonol,1,True
ftom,1,True
dale,1,True
1203,1,True
lagncer,1,True
ltuw,1,True
alkr,1,True
k2,1,True
-pet,1,True
wnth,1,True
hie,1,True
monod,1,True
hse,1,True
lhs,1,True
perlorane,1,True
coet,1,True
emayee,1,True
csthsietory,1,True
ary,1,True
queme,1,True
iesird,1,True
muntiond,1,True
vistata,1,True
sluuctares,1,True
1sj,1,True
15cvi25|,1,True
goneal,1,True
ontafif,1,True
r/,1,True
sept/,1,True
ai-,1,True
058,1,True
yashasvini,1,True
4)revision,1,True
salary/,1,True
ntt,1,True
tiicu,1,True
urse,1,True
vou,1,True
supont,1,True
cant,1,True
l'ermanent,1,True
tinme,1,True
joime,1,True
omply,1,True
egulation,1,True
contidentiality,1,True
miscornduct,1,True
duplkate,1,True
generol,1,True
controacting,1,True
purpos,1,True
infracqn,1,True
^tructures,1,True
600096,1,True
nov-2022,1,True
12188,1,True
bathina,1,True
nov-2022.viasat,1,True
position/,1,True
obstacle,1,True
anti-virus,1,True
mouse,1,True
keyboard,1,True
vpn,1,True
itservicedesk@viasat.com,1,True
scanning,1,True
scrutiny,1,True
set-up,1,True
high-speed,1,True
case-by-case,1,True
unintentionally,1,True
module1,1,True
no.40,1,True
m.g.r.,1,True
096,1,True
bp,1,True
elderly,1,True
elder,1,True
wiki,1,True
9885154274,1,True
sivadas,1,True
07-07-2023,1,True
economical,1,True
remuneratory,1,True
applicablity,1,True
non-worker,1,True
allowed,1,True
spread-over,1,True
"rs217,824.00",1,True
annexure-i.,1,True
/kpi,1,True
indicators,1,True
kpi,1,True
mutualagreed,1,True
amenity,1,True
suitably,1,True
/state,1,True
conversely,1,True
prima,1,True
facie,1,True
offense,1,True
grossly,1,True
10.1the,1,True
whistle,1,True
blower,1,True
fifty-eight,1,True
58,1,True
10.3this,1,True
mentally,1,True
10.4in,1,True
10.5you,1,True
10.6on,1,True
10.7you,1,True
patents,1,True
magazine,1,True
floppy,1,True
10.1all,1,True
10.3subject,1,True
denominate,1,True
14.1you,1,True
14.2the,1,True
discontinuation,1,True
15.1,1,True
16.1,1,True
17.1,1,True
18.1,1,True
severity,1,True
19.1,1,True
20.1,1,True
w.e.f,1,True
l7,1,True
benefit-total,1,True
a+b+c+d,1,True
role-specific,1,True
dbwpn7174j,1,True
sub-contractors,1,True
investee,1,True
"quess"")(whether",1,True
budget,1,True
surround,1,True
compact,1,True
mark-up,1,True
html,1,True
xml,1,True
countersign,1,True
clause 3.2(i),1,True
3.2(ii),1,True
3.2(iii),1,True
3.2(iv),1,True
3.2(v),1,True
3.2(vi),1,True
clause 4.1(i),1,True
clause 4.1(ii),1,True
4.1(iii),1,True
recognise,1,True
expunge,1,True
encode,1,True
clause 2.4,1,True
disinvest,1,True
shareholding,1,True
forgo,1,True
takeover,1,True
financially,1,True
non-solicit,1,True
non-disparage,1,True
resticted,1,True
warranties,1,True
6.1.1,1,True
6.1.2,1,True
6.1.3,1,True
harmony,1,True
conclusively,1,True
next-,1,True
business-day,1,True
clause 8.4,1,True
nssineka@gmail.com,1,True
7708713652,1,True
ruchi.ahluwalia@quesscorp.com,1,True
61056001,1,True
sihr_headgned,1,True
ikya,1,True
fear,1,True
bias,1,True
enactment,1,True
redressel,1,True
punishable,1,True
inappropriate,1,True
jvs,1,True
offended,1,True
humiliate,1,True
leer,1,True
ogle,1,True
obscene,1,True
mms,1,True
whatsapp,1,True
pinup,1,True
touching,1,True
fondling,1,True
unnecessary,1,True
brushing,1,True
indecent,1,True
rape,1,True
intimidating,1,True
hostile,1,True
humiliating,1,True
speakup@quesscorp.com,1,True
complainant,1,True
corroborative,1,True
substantiate,1,True
deposition,1,True
90days,1,True
section 509,1,True
ipc,1,True
harassment(posh,1,True
offsite,1,True
movable,1,True
immovable,1,True
borrow,1,True
obscure,1,True
antitrust,1,True
usually,1,True
quite,1,True
geography,1,True
firmly,1,True
corrupt practices act 1977,1,True
uk,1,True
reception,1,True
sport,1,True
whistleblower,1,True
questionable,1,True
examples,1,True
irregularities,1,True
pilferage,1,True
propriety,1,True
deliberate,1,True
alert@quesscorp,1,True
instantaneous,1,True
anti-smoking,1,True
non-transferrable,1,True
instigation,1,True
striking,1,True
incite,1,True
drunken,1,True
morale,1,True
perceived,1,True
records,1,True
cheat,1,True
trick,1,True
deceive,1,True
/in-laws,1,True
"40,00,000",1,True
"3,50,000",1,True
"1,75,000",1,True
"30,00,000",1,True
l4,1,True
l5,1,True
"1,50,000",1,True
"25,00,000",1,True
l9,1,True
temp,1,True
basic-,1,True
190,1,True
bidhannagar,1,True
700091,1,True
"rs. 26,500/-",1,True
pursuit,1,True
intension,1,True
hours:-,1,True
09:00,1,True
06:00,1,True
office:-,1,True
dipak,1,True
tewary,1,True
reddensoft,1,True
beachwood,1,True
satyajit,1,True
sarani,1,True
durgapur-713216,1,True
0343,1,True
2606556,1,True
9474999971,1,True
cbse,1,True
2430237,1,True
15550,1,True
ankita,1,True
teacher,1,True
no.:8116222834,1,True
4/11,1,True
nibedita,1,True
benachity,1,True
durgapur-713213,1,True
@k.,1,True
mistress,1,True
kazi,1,True
nazrul,1,True
m.phil/,1,True
admit,1,True
urdu/2019/0001,1,True
m.phil,1,True
safruddin,1,True
urdu,1,True
mphil/,1,True
urd/,1,True
regn,1,True
mphilurdc102,1,True
mphilurdc101,1,True
estd-2012,1,True
3.computer,1,True
mphilurdc103,1,True
examinee,1,True
jum,1,True
cemer,1,True
sw,1,True
cement,1,True
meghna,1,True
bhui,1,True
a+,1,True
issuing,1,True
20310,1,True
neshg1595528000/010286,1,True
priod,1,True
geologist,1,True
n.a.,1,True
nemcpl,1,True
depart,1,True
encashed,1,True
l.w.p.,1,True
e7,1,True
o.t.,1,True
1800.00,1,True
fooding,1,True
1548.00,1,True
washing,1,True
3348.00,1,True
23459.00,1,True
doesnot,1,True
vill.-,1,True
musiang,1,True
lamare,1,True
khliehriat,1,True
jaintia,1,True
hills,1,True
jowai,1,True
793200,1,True
1522.00,1,True
--2022,1,True
nemu,1,True
13809.00,1,True
6905.00,1,True
690.00,1,True
1381.00,1,True
200.00,1,True
26807.00,1,True
cocoon,1,True
niladri,1,True
bcd106,1,True
7384939351,1,True
01/06/2022,1,True
ecospace,1,True
604,1,True
tower-4a,1,True
11f/12,1,True
700160,1,True
306,1,True
south,1,True
astra,1,True
2c/1,1,True
rajarhat,1,True
700161,1,True
technova,1,True
119,1,True
nanakramguda,1,True
serilingampally,1,True
mandal,1,True
ranga,1,True
telangana,1,True
500032,1,True
1.a,1,True
1.b,1,True
1.c,1,True
1.d,1,True
2.a,1,True
2.b,1,True
2.c,1,True
2.d,1,True
loyally,1,True
2.e,1,True
keyword,1,True
2.f,1,True
3.a,1,True
3.b,1,True
3.c,1,True
3.d,1,True
3.e,1,True
4.a,1,True
4.b,1,True
4.c,1,True
discontinuance,1,True
fetter,1,True
6.a,1,True
6.b,1,True
6.c,1,True
rostere,1,True
7.a,1,True
7.b,1,True
7.c,1,True
8.a,1,True
8.b,1,True
persistent,1,True
non-observance,1,True
8.c,1,True
8.c.i,1,True
8.c.ii,1,True
8.c.iii,1,True
8.c.iv,1,True
8.c.v,1,True
8.d,1,True
8.d.i,1,True
8.d.ii,1,True
8.e,1,True
8.f,1,True
8.g,1,True
ill-health,1,True
8d,1,True
9.a,1,True
9.b,1,True
9.c,1,True
anti-discrimination,1,True
11.a,1,True
11.b,1,True
11.c,1,True
11.d,1,True
joint-venturer,1,True
11.e,1,True
12.a,1,True
12.b,1,True
12.b.i,1,True
became,1,True
acquaint,1,True
12.b.ii,1,True
licensor,1,True
licensee,1,True
12.b.iii,1,True
12.c,1,True
12.d,1,True
reliable,1,True
concurrent,1,True
14.a,1,True
14.b,1,True
sub-license,1,True
perpetuity,1,True
14.c,1,True
14.d,1,True
14.e,1,True
14(d,1,True
14.f,1,True
14(a,1,True
14(b,1,True
ratify,1,True
14.g,1,True
14(e,1,True
14.h,1,True
breeder,1,True
appellation,1,True
14.i,1,True
droit,1,True
author,1,True
14.i.i,1,True
14.i.ii,1,True
distortion,1,True
mutilation,1,True
16.a,1,True
photocopier,1,True
printer,1,True
conversation,1,True
text,1,True
speech,1,True
16.b,1,True
18.a,1,True
18.b,1,True
18.c,1,True
courtesies,1,True
18.d,1,True
government-owned,1,True
government-controlled,1,True
routine,1,True
18.e,1,True
arms,1,True
19.a,1,True
19.b,1,True
exhibits,1,True
19.c,1,True
19.c.i,1,True
19.c.ii,1,True
19.c.iii,1,True
20.a,1,True
20.b,1,True
20.c,1,True
tardiness,1,True
undertime,1,True
forbid,1,True
rudiment,1,True
noncompliance,1,True
attitude,1,True
co-employees,1,True
"inr 252,012.00",1,True
"inr 100,805.00",1,True
allowances1,1,True
d-(a+b,1,True
"inr 60,183.00",1,True
bonus2,1,True
"inr 41,300.00",1,True
compensation3,1,True
"inr 454,300.00",1,True
contribution)4,1,True
a*12,1,True
"inr 30,241.00",1,True
gratuity5,1,True
a*0.048,1,True
"inr 12,097.00",1,True
"inr 42,338.00",1,True
ctc)6,1,True
"inr 496,638.00",1,True
allowances,1,True
indicator,1,True
multiply,1,True
length,1,True
demographic,1,True
badging,1,True
google.com,1,True
succession,1,True
businessrelated,1,True
8),1,True
elimination,1,True
divestment,1,True
dogfooding,1,True
ethnic,1,True
religious,1,True
temps,1,True
malfeasance,1,True
wrong-doing,1,True
globally,1,True
goc-help@google.com,1,True
ntpc,1,True
tanda,1,True
gate-2,1,True
vill-,1,True
fatehpur,1,True
kanhuara,1,True
p.o-,1,True
makhdoom,1,True
ambedkar,1,True
224190,1,True
"inr 19,000,000/-",1,True
twenty-five,1,True
9:30am,1,True
sincere,1,True
obtaining,1,True
mallaiah,1,True
khushboo,1,True
"475,000",1,True
"237,500",1,True
"36,000",1,True
"39,583",1,True
"144,000",1,True
"28,800",1,True
"10,800",1,True
"8,71,317",1,True
"18,43,000",1,True
"57,000",1,True
"1,900,000",1,True
"inr 500,000",1,True
hr@tekion.com,1,True
12:08,1,True
arindam.ohs@gmail.com,1,True
arindam,1,True
halder,1,True
20825986,1,True
loved,1,True
https://wiprocon.webex.com/meet/alen.koshy,1,True
9:00:00,1,True
arun|john|alen,1,True
normalize,1,True
insufficiency,1,True
eagerly,1,True
helpdesk.recruitment@wipro.com,1,True
stackk,1,True
vision,1,True
8/21,1,True
rabindra,1,True
pally,1,True
durgapur,1,True
713203,1,True
transferrable,1,True
superior,1,True
3(threejmonths,1,True
15days,1,True
adjustable,1,True
notice/,1,True
un-approved,1,True
gh,1,True
propety,1,True
willalway,1,True
paramount,1,True
senvice,1,True
carryout,1,True
forgery,1,True
mis,1,True
emoluments/,1,True
liable/,1,True
toindicate,1,True
fonward,1,True
bifurcation,1,True
company(annually,1,True
edutech,1,True
laccept,1,True
dodda,1,True
kannelli,1,True
28440011/12,1,True
28440256,1,True
enrich,1,True
endorsement,1,True
trainee-,1,True
"inr 12,",1,True
"rs.14,",1,True
"rs 2,",1,True
"15,488/-",1,True
"17,553/-",1,True
"19,618/-",1,True
"23,000/-",1,True
0.75,1,True
regularity,1,True
"inr 1,250/-",1,True
centrally,1,True
proforma,1,True
bengaluru-560035,1,True
58.5,1,True
off-campus,1,True
real-life,1,True
renowned,1,True
mid-semester,1,True
handout,1,True
9:00am,1,True
non-negotiable,1,True
deny,1,True
comer,1,True
/late,1,True
grading,1,True
devoted,1,True
re-appear,1,True
teamwork,1,True
decorum,1,True
deviate,1,True
sternly,1,True
/withdraw,1,True
mouth,1,True
undergoing,1,True
conceptualize,1,True
re-assigned,1,True
withstand,1,True
wilp/,1,True
8:30am,1,True
ilt,1,True
vilt,1,True
wilfully,1,True
groom,1,True
360,1,True
hone,1,True
alike,1,True
entrant,1,True
trp,1,True
entail,1,True
"rs.3,200",1,True
22/6/2021,1,True
9:48,1,True
0054,1,True
lr911,1,True
aw-2021,1,True
484,1,True
unanimous,1,True
consistency,1,True
w.e.f.,1,True
"rs. 6,92,000.00/-",1,True
"rs. 84,000.00/-",1,True
annanya,1,True
1032,1,True
vasundhara,1,True
ghaziabad,1,True
utter,1,True
201012,1,True
108,1,True
startuphuts,1,True
hsr,1,True
560102,1,True
09972940573,1,True
info@awign.com,1,True
www.awign.com,1,True
u74999up2016ptc084683,1,True
mar-2022,1,True
c10905242,1,True
bankola,1,True
colliery,1,True
mashan,1,True
dhoura,1,True
ukhra,1,True
attached,1,True
materials/,1,True
onboarding.doc.ase@accenture.com,1,True
well-being,1,True
dos,1,True
vaccine,1,True
precedent,1,True
primers,1,True
pace,1,True
program(s,1,True
"inr 10,000",1,True
https://india.jobs.accenture.com/default.aspx,1,True
cid,1,True
disabled,1,True
countdown,1,True
company-,1,True
http://careers.accenture.com/microsites/countdown/pages/welcome-india.aspx,1,True
navigate,1,True
history-as,1,True
feedback/,1,True
http://indiacampus.accenture.com,1,True
/myzone,1,True
auth,1,True
acknowledged,1,True
vasudeo,1,True
zurale,1,True
centers,1,True
a)annual,1,True
"inr 3,00,000",1,True
b)local,1,True
fy22,1,True
pay-out,1,True
elements,1,True
"25,500",1,True
"3,25,500",1,True
"8,000",1,True
"3,33,500",1,True
inr 300000/-,1,True
ailment,1,True
discounted,1,True
acn,1,True
nyse,1,True
espp,1,True
c)gratuity,1,True
approximation,1,True
"inr 2,500",1,True
unlikely,1,True
•two,1,True
degrees,1,True
•pan,1,True
•passport,1,True
•copy,1,True
card-,1,True
regulating,1,True
regulator,1,True
/atc,1,True
/ie,1,True
sso6,1,True
/database,1,True
pod,1,True
-ddc5e,1,True
hrishikesh.bharati@accenture.com,1,True
hrishikesh.bharati,1,True
clause 3,1,True
typographical,1,True
onerous,1,True
manifestly,1,True
merchantability,1,True
non-infringement,1,True
military,1,True
re-commence,1,True
non-exclusivity,1,True
substantive,1,True
■,1,True
non-,1,True
ncr,1,True
xxxx,1,True
freight,1,True
debarment,1,True
running,1,True
autonomous,1,True
3.5.2,1,True
192,1,True
193,1,True
227,1,True
228,1,True
266,1,True
organisatio,1,True
signi,1,True
duratio,1,True
publishing,1,True
papers,1,True
journals,1,True
nar-on-internships-placementpreparation-career-planning/,1,True
1/02/19,1,True
1/02/21,1,True
nar-on-how-to-be-a-successfulentrepreneur/,1,True
09/01/20,1,True
23/11/18,1,True
22/10/20,1,True
demos,1,True
nar-on-connecting-to-the-futureof-construction-industry/,1,True
https://www.rrce.org/news/toyot,1,True
a-centre-of-excellence/,1,True
https://www.rrce.org/news/inter,1,True
nship-training-program-on-altair-hyper-works/,1,True
https://www.rrce.org/news/mouwith-indian-machine-toolmanufacturers-association/,1,True
empowerment,1,True
precursor,1,True
diamond,1,True
fiber,1,True
optics,1,True
https://www.rrce.org/news/fiberoptics-and-its-applications/,1,True
https://www.rrce.org/news/robot,1,True
ics-process-automationfundamentals/,1,True
https://www.rrce.org/news/under,1,True
standing-embedded-systems/,1,True
emotional,1,True
https://www.rrce.org/news/emoti,1,True
onal-intelligence/,1,True
https://www.rrce.org/news/pytho,1,True
n-image-processing,1,True
https://www.rrce.org/news/bigdata-fundamentals/,1,True
powerlaunche,1,True
rlaunching-your-career-withisert/,1,True
connecting,1,True
https://www.rrce.org/news/conn,1,True
ecting-industries-institution-andstudents-via-selectsmart/,1,True
https://www.rrce.org/news/intro,1,True
ducing-virtual-internshipsprogram-by-isert/,1,True
dream,1,True
goals,1,True
https://www.rrce.org/news/drea,1,True
m-your-goals/,1,True
https://www.rrce.org/news/howto-find-a-job-and-survive-life/,1,True
https://www.rrce.org/news/safet,1,True
y-by-design/,1,True
https://www.rrce.org/news/hard,1,True
ware-device-management/,1,True
rfid,1,True
https://www.rrce.org/news/rfidin-iot/,1,True
buide,1,True
https://www.rrce.org/news/3dprinting-technologies-buildinga-new-world/,1,True
https://www.rrce.org/news/digita,1,True
l-job-opportunities-in-softwaretest-engineering/,1,True
trends,1,True
oppprtunities,1,True
https://www.rrce.org/news/trend,1,True
s-and-oppprtunities-in-civilengineering/,1,True
https://www.rrce.org/news/perso,1,True
nality-management-for-yourcareer/,1,True
https://www.rrce.org/news/plann,1,True
ing-for-a-successful-future/,1,True
https://www.rrce.org/news/newjourney-of-online-learning/,1,True
leap,1,True
https://www.rrce.org/news/leapyour-productivity/,1,True
https://www.rrce.org/news/japan,1,True
ese-language/,1,True
assesment,1,True
https://www.rrce.org/news/softw,1,True
are-quality-assesment,1,True
https://www.rrce.org/news/natur,1,True
al-language-processing/,1,True
https://www.rrce.org/news/infor,1,True
mation-security/,1,True
https://www.rrce.org/news/funda,1,True
mentals-of-cyber-security/,1,True
apj,1,True
abdulkalam,1,True
endowment,1,True
https://www.rrce.org/news/drapj-abdulkalam-endowmentwebinar/,1,True
https://www.rrce.org/news/grow,1,True
th-mindset/,1,True
5s,1,True
https://www.rrce.org/news/lean5s/,1,True
e4u,1,True
https://www.rrce.org/news/e4utraining-orientation-program/,1,True
trending,1,True
https://www.rrce.org/news/empl,1,True
oyability-skill-training-in-trending-technology-on-my-sqldatabase-soft-skills/,1,True
alumini,1,True
https://www.rrce.org/rrce/wp6,1,True
uploads/2016/12,1,True
dv,1,True
https://www.rrce.org/news/aiml-5g/,1,True
stress,1,True
https://www.rrce.org/news/stress,1,True
-management-during-lockdown/,1,True
https://www.rrce.org/news/mach,1,True
ine-learning/,1,True
https://www.rrce.org/news/cyber,1,True
-security/,1,True
https://www.rrce.org/news/hand,1,True
s-on-workshop-on-select-smartdigital-platform/,1,True
https://www.rrce.org/news/leanmanufacturing/,1,True
-lecture1/,1,True
lecture#2,1,True
-lecture2/,1,True
https://www.rrce.org/news/po,1,True
wer-launching-your-career/,1,True
verilog,1,True
-design-verilog/,1,True
gaming,1,True
https://www.rrce.org/news/gami,1,True
ng-and-simulations/,1,True
demystifying,1,True
https://www.rrce.org/news/demy,1,True
stifying-ip/,1,True
https://www.rrce.org/news/whatmakes-an-engineer-successful/,1,True
https://www.rrce.org/news/entre,1,True
preneurship-and-innovation-ascareer-opportunity/,1,True
https://www.rrce.org/news/proto,1,True
type-development/,1,True
nar-on-tailor-madenanomaterials-for-applicationsin-sensors-leds-and-waterremediation/,1,True
1year,1,True
essentials,1,True
specialists,1,True
orce-essentials-for-businessspecialists/,1,True
r-seminar-on-employabilityskills-for-the-future/,1,True
essential-adx,1,True
https://www.rrce.org/news/sixdays-sdp-on-salesforce-coe/,1,True
https://www.rrce.org/news/3days-fdp-on-aws-certifiedcloud-practitioner/,1,True
declarative,1,True
builders,1,True
dev,1,True
402,1,True
orce-declarative-developmentfor-platform-app-builders/,1,True
https://www.rrce.org/news/work,1,True
shop-on-internet-of-things/,1,True
https://www.rrce.org/news/embe,1,True
dded-system-and-iot/,1,True
https://www.rrce.org/news/prod,1,True
uct-developmententrepreneurship-trainingplacement-and-opportunities/,1,True
https://www.rrce.org/news/fdpon-intellectual-property-rights/,1,True
https://www.rrce.org/news/techn,1,True
ical-talk-on-embedded-systemand-industrial-automation/,1,True
09/01/21,1,True
https://www.rrce.org/news/alumi,1,True
ni-interaction-on-importance-ofsoftware-in-electricals/,1,True
https://www.rrce.org/news/block,1,True
-chain-technology/,1,True
https://www.rrce.org/news/instit,1,True
ute-industry-collaboration-cell/,1,True
https://www.rrce.org/news/3day-workshop-on-design10,1,True
development-of-embeddedsystem-using-iot-applications/,1,True
https://www.rrce.org/news/5days-sdp-on-aws-cloudcomputing-architecture/,1,True
https://www.rrce.org/news/awscertification-test/,1,True
things(iot,1,True
02/01/18,1,True
30/12/18,1,True
professinal,1,True
worhshop,1,True
seminarconsultancy,1,True
https://www.rrce.org/news/on,1,True
e-day-training-on-usage,1,True
ofwise3,1,True
platform/,1,True
-volume,1,True
audit,1,True
csv,1,True
pharma,1,True
https://www.rrce.org/news/rprogramming/,1,True
dept.of,1,True
manasagang,1,True
otri,1,True
hyperwork,1,True
https://www.rrce.org/news/three,1,True
-days-national-workshop-on-altair-hyperworks/,1,True
https://www.rrce.org/news/facult,1,True
y-development-program-on-altair-hyper-works/,1,True
multi-radio,1,True
hnical-seminar-iot-andapplication-developmentservices/,1,True
hnical-seminar-advanced-javasql/,1,True
https://www.rrce.org/news/stu,1,True
dent-development-program-on-internet-of-things/,1,True
9/11/17,1,True
dept.ofcse,1,True
18/09/15,1,True
17/09/19,1,True
hnical,1,True
352875u,1,True
addresst,1,True
twin,1,True
kuala,1,True
50088,1,True
kuata,1,True
afflate,1,True
visvesveraya,1,True
netute,1,True
4201514,1,True
deihi,1,True
mech,1,True
natlonal,1,True
580074,1,True
individualy,1,True
universili,1,True
pdia,1,True
rajarajeswart,1,True
alil,1,True
teohnological,1,True
collaboratlon,1,True
ecnd,1,True
elanl,1,True
coliaboration,1,True
reiation,1,True
folow,1,True
follewing,1,True
conferenca,1,True
irr,1,True
ahort,1,True
digitalization,1,True
nssearch,1,True
grarte,1,True
examiner,1,True
academie,1,True
asean,1,True
sabbatical,1,True
1.1.9,1,True
lilmlte,1,True
1.1.10,1,True
1.1.11,1,True
utp,1,True
1.1.12,1,True
abovementione,1,True
detall,1,True
availabie,1,True
parlies,1,True
raspectivety,1,True
rsec,1,True
eiee,1,True
gonfidential,1,True
tothe,1,True
recelving,1,True
ell,1,True
confidentlal,1,True
confidentiel,1,True
disdosing,1,True
informnation,1,True
whlch,1,True
obsolete,1,True
temmination,1,True
incude,1,True
baceurd,1,True
rnceett,1,True
nun,1,True
nllui,1,True
petnyy,1,True
ssessd,1,True
coilaboration,1,True
deveiope,1,True
righ,1,True
eriee,1,True
trire,1,True
watiten,1,True
mutuelly,1,True
faite,1,True
lapee,1,True
clalm,1,True
coure,1,True
elther,1,True
eacees,1,True
di8claimer,1,True
responsibie,1,True
omisslon,1,True
omlssione,1,True
consutant,1,True
shell,1,True
lawe,1,True
malaysla,1,True
-a,1,True
actlon,1,True
exolusive,1,True
ioin,1,True
reiationship,1,True
implementetion,1,True
obligalion,1,True
einne,1,True
nnn,1,True
uno,1,True
eenn,1,True
enyn,1,True
intelleotuat,1,True
malerials,1,True
authorlse,1,True
shatl,1,True
32610,1,True
bandar,1,True
seri,1,True
iskandar,1,True
perak,1,True
+605,1,True
3688151,1,True
alliance@utp.edu.my,1,True
rejarajeswari,1,True
28437124/+91,1,True
28437375,1,True
+91-80-2843,1,True
7373,1,True
office@rrce.org,1,True
principal@rrce.org,1,True
ived,1,True
substitule,1,True
bene,1,True
mohamed,1,True
ibrahim,1,True
bin,1,True
abdul,1,True
mutellb,1,True
zaimizi,1,True
hamtani,1,True
nmo,1,True
preekdent,1,True
a.c.s.arun,1,True
yabaian,1,True
engineerng,1,True
s.sookshmas,1,True
560074which,1,True
alit,1,True
assgnee,1,True
thereofof,1,True
mems,1,True
2.an,1,True
1200,1,True
partition,1,True
facultyof,1,True
boththe,1,True
4.rrce,1,True
combined,1,True
6.rrce,1,True
self-learning,1,True
10.except,1,True
provisions/,1,True
agreementin,1,True
comapnyshall,1,True
tme,1,True
partieshereto,1,True
disputea,1,True
beresolve,1,True
6rt,1,True
icc,1,True
from3/03/2019,1,True
02/08/2023,1,True
s60072,1,True
email:info@sookshmas.com,1,True
kettk,1,True
m.n,1,True
dr.usha,1,True
2amlteuaf,1,True
drgamanraj,1,True
pnfesor,1,True
hoo,1,True
depantnesrk,1,True
dse,1,True
rrcle,1,True
t.devi,1,True
depactment,1,True
"23504212,+(91)-7204559866",1,True
poune,1,True
visır,1,True
bangalore-74,1,True
bangalore-85,1,True
rajarajeswaricollegeof,1,True
"rrce),bangalore",1,True
anentity,1,True
"as""cse",1,True
tequedlabs,1,True
limited-,1,True
560085,1,True
"parties""and",1,True
"as""party",1,True
value-added,1,True
conducive,1,True
ambience,1,True
intellectualgrowth,1,True
software/,1,True
quotient,1,True
job-,1,True
enumerate,1,True
thismou.,1,True
thereforethe,1,True
on-going,1,True
rrceand,1,True
trainedin,1,True
conductingworkshops/,1,True
workshops/,1,True
trainingmodules,1,True
ruby,1,True
ios,1,True
engines,1,True
"team""comprises",1,True
in-charge,1,True
rrcecampus,1,True
hackathon,1,True
theprior,1,True
vr,1,True
board/,1,True
kits,1,True
requiredto,1,True
is50,1,True
rrcewill,1,True
employmentof,1,True
13.1this,1,True
mouis,1,True
confinedto,1,True
560085has,1,True
usha,1,True
prabaharan,1,True
innovate,1,True
560062,1,True
decade,1,True
partya]responsibilities,1,True
m.visvesvaraya,1,True
+919243562460,1,True
www.apsis-solutions.com,1,True
infrastucture,1,True
of2,1,True
terms&conditions,1,True
awasthi@apsis-solutions.com,1,True
2.jobs,1,True
forcefrom,1,True
to1,1,True
c.r,1,True
electronfits,1,True
è,1,True
bangalore560060,1,True
5.technical,1,True
ugcourses,1,True
v.effective,1,True
chokmahtechnologies@gmail.com,1,True
oro,1,True
preferahly,1,True
4.suitable,1,True
vi.confidentiality,1,True
23-01-2019,1,True
20-01-2021,1,True
0100,1,True
aanulyo,1,True
date23|012019,1,True
directar,1,True
23/01/2019,1,True
profesyor&head,1,True
10/01/2019,1,True
hodeee-rrce,1,True
bangalore-560006,1,True
shallexecute,1,True
46,1,True
10.01.2019,1,True
thesis,1,True
ltid,1,True
crcss,1,True
47,1,True
oou,1,True
effectivedate&durationofmou,1,True
1.all,1,True
xcienciatechnologies@gmail.com,1,True
bangalore-560040will,1,True
10-01-2019,1,True
09-01-2021,1,True
rofessur,1,True
10/01,1,True
pp,1,True
um,1,True
cst,1,True
23rdnovember,1,True
microasoft-aep(authorized,1,True
"l107,lajpatnagar-il",1,True
newdelhi-110024and,1,True
representedby,1,True
sandeepgiyyanjjethani(director,1,True
operations)hence,1,True
as'deliverypartner'and,1,True
2880+gst,1,True
certificationsmta,1,True
"3,college",1,True
pre-bundled,1,True
adobe,1,True
ic3,1,True
it/,1,True
e&tc,1,True
/bundled,1,True
educate,1,True
motivate,1,True
/offline,1,True
rkop,1,True
e-mail:infe@rrce.org,1,True
1st50,1,True
2ndattempt,1,True
plaque,1,True
alot,1,True
followingbenefit,1,True
mentorrbuddy.com,1,True
aptitude,1,True
mentorrbuddy,1,True
hourstraining,1,True
progressive,1,True
certificationsmapped,1,True
tointernship,1,True
rpo,1,True
icipal,1,True
23112018,1,True
rarcia,1,True
52,1,True
22tmdoctober,1,True
"2021,same",1,True
mou.s,1,True
facultymember,1,True
chq,1,True
e-format,1,True
/oracle,1,True
e-kits,1,True
15%'resource,1,True
bundledprogram,1,True
partnerto,1,True
necessa,1,True
astcucture,1,True
fakhas9,1,True
rb,1,True
231112018,1,True
53,1,True
theirupkeep,1,True
/regular,1,True
68hrs,1,True
/part,1,True
ex-,1,True
certiport/,1,True
bindingon,1,True
resourcepartner,1,True
onesemester,1,True
ec,1,True
e&te,1,True
chose,1,True
efakho9,1,True
r31112018,1,True
moogambigaicharitableand,1,True
audience,1,True
pure,1,True
attempts,1,True
ruf,1,True
devmapped,1,True
735,1,True
robotic,1,True
rkes,1,True
0arlary,1,True
2311|2018,1,True
55,1,True
plsq,1,True
6900,1,True
isummer,1,True
/winter,1,True
atsinfotech,1,True
rajkumar,1,True
ramsignatüress,1,True
23/11118,1,True
date231112018,1,True
feefukho,1,True
ka70573459375274s,1,True
nov-2020,1,True
03:41,1,True
kaksfci08/,1,True
kakaksfcl0832845809295152s,1,True
uti,1,True
erfcate,1,True
an24a,1,True
3-,1,True
ccllege,1,True
山.0eof,1,True
faurajeswari,1,True
stame,1,True
mbi,1,True
hcy,1,True
ofstock,1,True
halan,1,True
201111,1,True
www.rce.org,1,True
1organisations,1,True
bentley,1,True
0ß,1,True
techedupartner,1,True
cam,1,True
chedu,1,True
conceme,1,True
revit,1,True
-architecture,1,True
mep,1,True
3ds,1,True
inventor,1,True
pemmit,1,True
prògram,1,True
sinse,1,True
usnds,1,True
methne,1,True
industry-oriented,1,True
20.1f.202ò,1,True
19.11.2024,1,True
asexpire,1,True
eae,1,True
09.here,1,True
bpth,1,True
partv,1,True
20112020,1,True
kargohalli,1,True
aruti,1,True
deportment,1,True
wiswari,1,True
engidlering,1,True
osi,1,True
date:20.11.2020,1,True
rrce-blr,1,True
mou/2020,1,True
bengaluru-40,1,True
install,1,True
v.lau,1,True
2oluz20200,1,True
professop,1,True
engineerlng,1,True
t.rust,1,True
09.05.2018,1,True
umal,1,True
bengalunu-560,1,True
61,1,True
pnd,1,True
06.the,1,True
drot,1,True
tf,1,True
msss,1,True
ane,1,True
09/05/2018,1,True
08/05/2019,1,True
cimad,1,True
62,1,True
pl:.080,1,True
fax.080,1,True
560040,1,True
vomn,1,True
kallur,1,True
bandn,1,True
shuy,1,True
dwrrfeoleeg,1,True
-stampp,1,True
ka05823245101064r,1,True
may-2019,1,True
06:23,1,True
fi,1,True
vijayanagar3/,1,True
kakaksfolo841098417238530r,1,True
purchasedby,1,True
e13/,1,True
tenth,1,True
10.05.2019,1,True
09.05.2019,1,True
-stptutory,1,True
auihernticityof,1,True
www.shcliestamp.com,1,True
etail,1,True
/available,1,True
certlilicale,1,True
inlorm,1,True
competeni,1,True
no.1,1,True
oficers,1,True
bengaluru560074,1,True
officers,1,True
tkmis,1,True
japan,1,True
minority,1,True
csr,1,True
becse,1,True
mba,1,True
wherefore,1,True
excellernce,1,True
structuring,1,True
chassis,1,True
end-life,1,True
v.tkm,1,True
shed,1,True
pdd,1,True
at-least,1,True
aforementione,1,True
claus,1,True
iv.lf,1,True
telex,1,True
sollowing,1,True
p.o.bidadi,1,True
562,1,True
66292261,1,True
27287077/78/79,1,True
principal1,1,True
28437124,1,True
08028437373,1,True
mobile:9900028023,1,True
titles,1,True
nevertheless,1,True
oska,1,True
4oz,1,True
lock-out,1,True
calamity,1,True
eventuality,1,True
motoa,1,True
toyotaa,1,True
vigayanaud,1,True
rajendra,1,True
exehebiredy,1,True
prasmawts,1,True
fa-se,1,True
kml,1,True
rbalalem,1,True
hna,1,True
pvinp,1,True
annexure-i,1,True
innova,1,True
2kd,1,True
u709713,1,True
etios,1,True
1nd,1,True
1400525,1,True
losk,1,True
toyoma,1,True
moto,1,True
mercury,1,True
prestige,1,True
marathahalli,1,True
+91.80.66.29.4500,1,True
+91.80.66.29.4700,1,True
www.altair-india,1,True
whomsover,1,True
exploration,1,True
decision-making,1,True
satish,1,True
satish.ramakrishna@altair.com,1,True
9845,1,True
450,1,True
ill)l,1,True
po*tö,1,True
562123,1,True
incorporated/,1,True
mcet,1,True
mould,1,True
employable,1,True
industry-institute,1,True
initiatives,1,True
viz,1,True
pre-final,1,True
concessional,1,True
intemship,1,True
snack,1,True
overlap,1,True
krishnamoorth,1,True
ath,1,True
digvij,1,True
head-,1,True
ka33867794683801r,1,True
jan-201912:38,1,True
kakaksfcl0801837563330459r,1,True
mouj,1,True
canpus,1,True
twenty-third,1,True
dayof,1,True
23-01-2019)at,1,True
cult,1,True
aiert,1,True
thee,1,True
auhenlicity,1,True
stantp,1,True
certficate,1,True
certrficate,1,True
avalarle,1,True
wensite,1,True
rendere,1,True
invatid,1,True
pallikaranai,1,True
chennaioooo,1,True
tva,1,True
consultancy)which,1,True
engineering(rrce,1,True
toas,1,True
"the""second",1,True
"party""/",1,True
"rrce""which",1,True
itsaffiliate,1,True
sss-start,1,True
scratch,1,True
mentoring,1,True
counseiing,1,True
coaching,1,True
startups,1,True
mutualconsent,1,True
ex-ternal,1,True
ijate,1,True
mutualdiscussion,1,True
andco-working,1,True
incub,1,True
batee,1,True
softwareandother,1,True
proto-,1,True
allamount,1,True
meetingson,1,True
attendingthe,1,True
programmes,1,True
in-cubation,1,True
centér,1,True
2.responsibilities,1,True
imcshall,1,True
willprepare,1,True
studentsfor,1,True
andbusiness,1,True
tomorrow,1,True
entrepreneurial,1,True
tostudent,1,True
instartup,1,True
vijayh,1,True
cutl,1,True
andany,1,True
propercoordination,1,True
in-house,1,True
between50,1,True
forboth,1,True
quantifieda,1,True
willundergo,1,True
40real,1,True
discussedand,1,True
f.2,1,True
leadtomvp(minimum,1,True
theeach,1,True
willcharge,1,True
"rs 35,000",1,True
startingfrom1st,1,True
2019till,1,True
31stjanuary,1,True
avijay,1,True
qut,1,True
5.1.this,1,True
givingone,1,True
andliabilitie,1,True
underthis,1,True
6.amendment,1,True
andhost,1,True
amendmentor,1,True
anysec,1,True
andagreed,1,True
7.period,1,True
8.arbitration,1,True
set-,1,True
tle,1,True
bvijauto,1,True
vinoth,1,True
s'vijayanand,1,True
collegeofengineeing,1,True
chennai-600,1,True
annexurea,1,True
a5,1,True
a6,1,True
a7,1,True
pricingmodel,1,True
a8,1,True
models,1,True
a9,1,True
mvb,1,True
a10,1,True
creating,1,True
traction,1,True
a12,1,True
a13,1,True
a14,1,True
a15,1,True
a16)scalable,1,True
a17,1,True
usp,1,True
a18,1,True
teaser,1,True
rjcut=,1,True
culf,1,True
feasibilitystudy,1,True
statements(p&l,1,True
b4,1,True
roi,1,True
b5,1,True
b6,1,True
greenfield,1,True
b7,1,True
b8,1,True
bijau,1,True
colloquium,1,True
trainingon,1,True
fuzzy,1,True
front,1,True
c2,1,True
c3,1,True
c4,1,True
c5,1,True
frugal,1,True
fundingmodel,1,True
c6,1,True
shared,1,True
century,1,True
c7,1,True
dark,1,True
c8,1,True
c9,1,True
c10,1,True
riput,1,True
d1,1,True
d2,1,True
d3,1,True
emergingtechnologies,1,True
d4,1,True
d5,1,True
entrepreneurs,1,True
d6,1,True
d7,1,True
motivated,1,True
d8,1,True
entrepreneurtalk,1,True
6p,1,True
tosell,1,True
d10)business,1,True
d11)rapid,1,True
d12,1,True
avijatt,1,True
insection,1,True
"for""building",1,True
allpre-incubation,1,True
within12,1,True
ofstarte,1,True
/co-founders,1,True
clubthrough,1,True
rigorous,1,True
co-founder,1,True
complement,1,True
start-ups,1,True
companieswill,1,True
"rs. 12,000per",1,True
periodof,1,True
wholesome,1,True
cannotbe,1,True
split,1,True
requestedby,1,True
facility(optional)may,1,True
seamless,1,True
fashion,1,True
startupcreation,1,True
meetings,1,True
for2to,1,True
bvijau,1,True
culk,1,True
86,1,True
thestartup,1,True
assemble,1,True
advisable,1,True
allocate3000,1,True
"10,000sq",1,True
coworke,1,True
seamlessly,1,True
intheir,1,True
b.vijautt,1,True
qull,1,True
87,1,True
5th2019morning,1,True
3rdyear,1,True
b)meeting,1,True
foracs,1,True
b)3,1,True
march5th,1,True
2019afternoon,1,True
bvijautt,1,True
acscollege,1,True
7th2019,1,True
2tmd,1,True
2d2019morning,1,True
2d,1,True
3rd2019,1,True
2019morning,1,True
4th2019afternoon,1,True
89,1,True
aesc,1,True
ongu,1,True
updatad,1,True
qth,1,True
janway,1,True
bate,1,True
prineipal,1,True
laculty,1,True
leb,1,True
morng,1,True
selectinginnovator,1,True
interdiseiplinary,1,True
finad,1,True
teara,1,True
generatton,1,True
throngh,1,True
ceative,1,True
mecting,1,True
novelidea,1,True
outeome,1,True
apt,1,True
workshop-,1,True
facnlty,1,True
nderstandi,1,True
party''incubated,1,True
kottagarahalli,1,True
ramnagar,1,True
iead,1,True
comnrercial,1,True
i[reement,1,True
lsertand,1,True
rg{2r,1,True
b(l,1,True
jjo,1,True
r€,1,True
canidentify,1,True
selectsrnart,1,True
"i""esource",1,True
cjiscretion,1,True
\i.fr-ry,1,True
forpa,1,True
.r,1,True
"fi!""e;.ipris""r",1,True
-lauth,1,True
orize,1,True
gnatory,1,True
jlt*ll,1,True
".,lsert/",1,True
rrgt,1,True
herernafter,1,True
institutiorrs'with,1,True
coilaborate,1,True
associatej,1,True
governnlent,1,True
"partner,,nlutually",1,True
hip,1,True
rnentor,1,True
entrtie,1,True
objecttve,1,True
ctivit,1,True
ert,1,True
suc,1,True
certificatio,1,True
platfornr,1,True
conditiorr,1,True
therr,1,True
feasrbility,1,True
tsert,1,True
etigible,1,True
avajl,1,True
ovid,1,True
/pr,1,True
tify,1,True
rtu,1,True
pport,1,True
nter,1,True
rsh,1,True
l-ti,1,True
cts,1,True
du,1,True
stry,1,True
ivit,1,True
unity,1,True
t>!o,1,True
iseri,1,True
\c,1,True
ftv::a,1,True
authorlzed,1,True
lelss,1,True
"i*ul*,r",1,True
agreerment,1,True
erther,1,True
"rea5o""rs",1,True
-z-,1,True
i;'a*;a,1,True
ka65765983067309r,1,True
mar-2019,1,True
11:56,1,True
kakaksfcl0863581818259623r,1,True
géneris,1,True
pald,1,True
phe,1,True
bth,1,True
kad67659,1,True
inbuilt,1,True
screening,1,True
05th,1,True
.rijt=,1,True
verilie,1,True
www.shcilestamp.con,1,True
intorm,1,True
93,1,True
"rrce),bengaluru",1,True
"act,1956",1,True
mnei,1,True
inmuise,1,True
andpermitte,1,True
4881st,1,True
gn,1,True
lifecycle,1,True
94,1,True
mentorships,1,True
suchservice,1,True
wherea,1,True
hostedsolution,1,True
rs. 2000/-,1,True
a.vipoti,1,True
4.payment,1,True
4.4the,1,True
4.5any,1,True
15working,1,True
sos,1,True
pat,1,True
rrceandgeneris,1,True
.vijaut=,1,True
1.kamm,1,True
96,1,True
5.4hardware,1,True
5.4.1,1,True
streaming,1,True
hert,1,True
tut,1,True
iton,1,True
.vija4ta,1,True
97,1,True
stringent,1,True
agreements,1,True
returnedto,1,True
b.r.jat,1,True
1.kmm,1,True
aono,1,True
9.non-solicitation,1,True
onliabilitie,1,True
/indemnification,1,True
.viat,1,True
k.1kamm,1,True
66,1,True
bylaw,1,True
andguideline,1,True
anand,1,True
kannon,1,True
diredtos,1,True
rree,1,True
managingidirector,1,True
05/02/19,1,True
1050,1,True
camscanner100,1,True
witlt,1,True
nlentor,1,True
researclr,1,True
prinrary,1,True
agreerrent,1,True
rnerltorsflip,1,True
cornpanie,1,True
corrmercial,1,True
l!e!i,1,True
.glee,1,True
tg41el,1,True
egf99,1,True
ctivitie,1,True
tvlentorship,1,True
real-tirne,1,True
otht,1,True
activitre,1,True
institution{s,1,True
student(s,1,True
"tern""rinate",1,True
asreement,1,True
fronr,1,True
-oslsiet:-,1,True
tirrg,1,True
"\<.k"":y--",1,True
kaiyanam,1,True
ogy,1,True
partn,1,True
advll(a,1,True
-cpartnsr,1,True
designatron,1,True
ffil;filssht,1,True
l*r,1,True
1't,1,True
560034,1,True
n4entors,1,True
"party',incubated",1,True
herei,1,True
"as,,partner",1,True
instiiution,1,True
rrutually,1,True
followin,1,True
suclr,1,True
lvith,1,True
artner,1,True
canidentify/1,1,True
throu,1,True
lsertandthepartnerhavejointlysignedthisagreementon,1,True
l2.l,1,True
",rcat",1,True
"^*.*""",1,True
"\ctrt""-;2",1,True
fot,1,True
forpartner,1,True
"r""jt",1,True
t4/02,1,True
kariyappanadoddi,1,True
betvreen,1,True
lsert/,1,True
par!/,1,True
rnstitution,1,True
rrgr,1,True
kunrbalgodu,1,True
riches,1,True
residency,1,True
nri,1,True
mtttually,1,True
placerrent,1,True
agerrcie,1,True
"platform,,selectsmart,,as",1,True
n8,1,True
studerrt,1,True
lz,1,True
bancia,1,True
k.\l,1,True
techrrology,1,True
lv'lou,1,True
"s.lsr*lt:1,*,r",1,True
tsrl@,1,True
ww,1,True
ndenstandin6,1,True
liis,1,True
agreen,1,True
",ent",1,True
l)etwee,1,True
lnternationai,1,True
saciety,1,True
eduqalion,1,True
lsertl,1,True
incubaterl,1,True
lnslitution,1,True
conrprise,1,True
il14,1,True
ranrohalli,1,True
|ross,1,True
kunrbalgotiu,1,True
"lt,,lysore",1,True
bangaiore,1,True
11207,1,True
karnbifur;r,1,True
roaci,1,True
simuintion,1,True
pw,1,True
lto,1,True
iloor,1,True
5tlr,1,True
r1-]c5,1,True
naagarabhaavi,1,True
i5ert,1,True
olgani?ation,1,True
connil.t,1,True
rnduslrier,1,True
inltitutioil,1,True
disital,1,True
platfoln,1,True
15[rt,1,True
prograrn,1,True
vith,1,True
enabie,1,True
rrany,1,True
inrtltulion,1,True
researrh,1,True
instituti0ns,1,True
providers,1,True
i5,1,True
opportunrly,1,True
anc.l,1,True
rnslitution$,1,True
ilt€rltor5,1,True
rnentorships,1,True
coulri,1,True
plar,1,True
errrent,1,True
atrrl,1,True
spon,1,True
bovernment,1,True
",,itlroui",1,True
tomnrtrcia,1,True
gagement,1,True
eloru,1,True
itie,1,True
suppt)rt,1,True
opportun,1,True
t'd,1,True
roject,1,True
nternship,1,True
afiivitie,1,True
collaboratlve,1,True
0ther,1,True
lnd,1,True
ustry,1,True
placenrent,1,True
ud,1,True
eir,1,True
poliry,1,True
aiignnrenl,1,True
resou,1,True
rce,1,True
traininb,1,True
infrast,1,True
ctu,1,True
c0mpany,1,True
stu,1,True
dent(s,1,True
aerees,1,True
gervice,1,True
t!rll,1,True
l!tr,1,True
select5m.art,1,True
holted,1,True
solutlon,1,True
hllcerr,1,True
si;r,1,True
ln5lrtutlorls,1,True
orrrn,1,True
rrt,1,True
u.t,1,True
soclal,1,True
organiz'atiorls,1,True
inriividual,1,True
menlor,1,True
nrhiclr,1,True
lhis,1,True
idenlih/,1,True
antl,1,True
lrake,1,True
hulcier,1,True
jective,1,True
"prcgi""arr",1,True
welrin,1,True
pro]ects,1,True
rogram,1,True
r5tri,1,True
r.ert,1,True
icatio,1,True
rrlernship,1,True
aifi,1,True
tr!i1,1,True
"r$,\r",1,True
"\,ol",1,True
trl,1,True
signatnry,1,True
w'i--,1,True
lsirt,1,True
r'liv,1,True
rilurrlr,1,True
borh,1,True
lttrt,1,True
artd,1,True
l::'arlr,1,True
agtee,1,True
ternritrate,1,True
lhe,1,True
agreefilent,1,True
ironl,1,True
rvithout,1,True
clte,1,True
ndiliorr-,1,True
"lser""l",1,True
anrl,1,True
pertnef,1,True
thi5,1,True
agreeillenl,1,True
-l,1,True
ba^t(^f(-orf,1,True
l''.irtr,1,True
"'ri::r',iy",1,True
lilrerlj,1,True
llrr,1,True
rlr,1,True
f']a1l1,1,True
"111,,::to'o",1,True
"t'l;'itrriti',1tri",1,True
i'r.l''rhllllr{-id,1,True
iit,1,True
\1ou,1,True
lrall,1,True
rror,1,True
conslrue,1,True
nrting,1,True
thls,1,True
paftnership,1,True
i5[rt,1,True
cor,1,True
duct,1,True
ka53712371232337s,1,True
12:22,1,True
kakaksfcl0801364049342332s,1,True
nre,1,True
at_no,1,True
amendmentno,1,True
verifiedl,1,True
shcilestamp,1,True
charlatisag,1,True
admn,1,True
mdical,1,True
kbipura,1,True
shribeereshwar,1,True
co-op,1,True
karna·axa,1,True
karnaiaka,1,True
ofy,1,True
arnataka,1,True
gover,1,True
105,1,True
02d,1,True
moogambigaavitabeedacational,1,True
0300074,1,True
ellcal,1,True
vsore,1,True
106,1,True
node,1,True
65(63,1,True
months)instead,1,True
b.vijayt,1,True
dateidmin,1,True
witnessedby,1,True
ungalore,1,True
ambipura,1,True
hysore,1,True
ka34360219156037,1,True
jun-2021,1,True
01:12,1,True
kakaksfcl0836046781099923,1,True
shribeereshwarcoop.credit,1,True
br.:kengeri,1,True
tal.:bangalore,1,True
dist.:bangalore,1,True
examba(mulb-stata)-500060,1,True
lme,1,True
moogan,1,True
cmpus,1,True
"companies act, 1956and",1,True
2020and,1,True
moogambige,1,True
adical,1,True
rcad,1,True
ranaalnre-560n,1,True
71(65,1,True
65months,1,True
ofmoogambigai,1,True
bvijant,1,True
mooambigal,1,True
vuayanand,1,True
tite,1,True
executivendirectorpure,1,True
bangalore-5600,1,True
ca,1,True
secure|member.ictacademy.in,1,True
mydashboard.aspx,1,True
欧,1,True
08028437375,1,True
295,1,True
updote,1,True
abova,1,True
seats,1,True
▲,1,True
member.ictacademy.in/membership.aspx,1,True
三,1,True
cce,1,True
s.no,1,True
lnognate,1,True
emc,1,True
coae,1,True
vmware,1,True
cot,1,True
powered,1,True
palo,1,True
alto,1,True
salesforce-declarative,1,True
csco,1,True
automotion,1,True
celonis,1,True
ui,1,True
2zzivate,1,True
winws,1,True
to-settings,1,True
juniper,1,True
understanding(mou)made,1,True
26/04/2018,1,True
ramohallicross,1,True
registeredand,1,True
hassan-573201and,1,True
thandaveshwaraand,1,True
boardofdirectors,1,True
it'ssuccessors,1,True
turnkey,1,True
113,1,True
engineeringstudents,1,True
representationand,1,True
engineeringshall,1,True
anddegree,1,True
"ltd.,shall",1,True
114,1,True
duringtheterm,1,True
softtecpvt,1,True
shalldeem,1,True
andunenforceable,1,True
witnesswhereof,1,True
affixedtheir,1,True
riasc,1,True
suntter,1,True
prrceipal,1,True
tley,1,True
loginwbaft,1,True
lm,1,True
800,1,True
ofelectrical,1,True
dt26.04,1,True
.2018,1,True
asplc,1,True
pcb,1,True
designingwith,1,True
"pvt.ltd.,with",1,True
engineeringfor,1,True
visveswaraya,1,True
"ltd.,for",1,True
softec,1,True
tluy,1,True
pvtl,1,True
kunhimangalam,1,True
panchayat,1,True
moment,1,True
inception,1,True
ago,1,True
secular,1,True
inaugurate,1,True
patron,1,True
vyaghram,1,True
sivaramakrishna,1,True
iyer,1,True
non-communal,1,True
non-partisan,1,True
abovementioned,1,True
acronym,1,True
jobishjohns@rrce.org,1,True
sujikv@gmail.com,1,True
.sc,1,True
sujith.k.,1,True
kerala-670,1,True
kv,1,True
memorandumofunderstanding,1,True
fpce,1,True
technologyindia,1,True
incorporatedunder,1,True
"56,gurgaon",1,True
-122011,1,True
anintel,1,True
institutes,1,True
understandingregarding,1,True
conn,1,True
ait,1,True
tid,1,True
ehi,1,True
コー,1,True
moushall,1,True
andsupersede,1,True
sade,1,True
つー,1,True
1stjune,1,True
betweenrajarajeshwari,1,True
registeredoffice,1,True
bangalore-560103(hereafter,1,True
gurgaon,1,True
122011,1,True
referreda,1,True
andset,1,True
basedon,1,True
educationinstitute,1,True
b.intelwishes,1,True
byfice,1,True
allmatter,1,True
fundingfrom,1,True
nothingin,1,True
thismoushallmean,1,True
liabilityto,1,True
basedupon,1,True
spm,1,True
andall,1,True
suade,1,True
mou)made,1,True
12/03/2018between,1,True
bydr,1,True
hodhereinafter,1,True
hod-eee-rrce(which,1,True
shallinclude,1,True
companyregistered,1,True
723,1,True
1stfloor,1,True
narayana,1,True
chord,1,True
basaveshwar,1,True
navrang,1,True
560086,1,True
r.anantharaman,1,True
toasprolific,1,True
whichterm,1,True
andinclude,1,True
aspiringtobe,1,True
reputedturnkey,1,True
automationsolution,1,True
asia,1,True
enquiry@rrce,1,True
org,1,True
136,1,True
agreedto,1,True
ofsuch,1,True
agreedclause,1,True
shallprovideprolific,1,True
theterm,1,True
shallmake,1,True
andalso,1,True
/levelof,1,True
depr,1,True
tco,1,True
shalldeliver,1,True
137,1,True
annexure-l.,1,True
andprolific,1,True
engineeringhereby,1,True
138,1,True
heretohave,1,True
cress,1,True
139,1,True
understanding(dt12.03.2018,1,True
drivesand,1,True
140,1,True
prolificon,1,True
engineerir,1,True
141,1,True
programdelivery,1,True
-iag,1,True
"the""effective",1,True
berkeley-iag,1,True
"called""iag",1,True
centric,1,True
2019and,1,True
50students,1,True
mix,1,True
co-branded,1,True
sep2019,1,True
⊃,1,True
"inr 1,500,000",1,True
"inr13,00,000",1,True
dec2018,1,True
accelerators,1,True
outlet,1,True
propertyrights,1,True
"thereto(""intellectual",1,True
theprogram,1,True
5.trademarks,1,True
whichare,1,True
institute'smarks,1,True
andapprove,1,True
ficepursuant,1,True
outreach,1,True
6.prohibitionagainst,1,True
videotape,1,True
member(s,1,True
anv,1,True
hv,1,True
renresentative,1,True
holdinstitute,1,True
andemployee,1,True
andagainst,1,True
betweenfice,1,True
circumstances,1,True
pradeep@fice.in,1,True
4175,1,True
1855,1,True
repute,1,True
reasongiven,1,True
⊃ー,1,True
shallconstitute,1,True
17.amendment,1,True
modifiedonly,1,True
venturer,1,True
terrorism,1,True
ash,1,True
volcano,1,True
non-cancelable,1,True
elizabeth,1,True
saunders,1,True
iaguc,1,True
vij,1,True
nagesh,1,True
862,1,True
foot,1,True
560095,1,True
luales,1,True
m-s.murali,1,True
reneal,1,True
ramohall,1,True
cruss,1,True
bergaluru-74,1,True
r.balakvishne,1,True
princiba,1,True
part;and,1,True
bangalore-560072.and,1,True
reputedcompany,1,True
147,1,True
toform,1,True
eaglestoneelectricals,1,True
conductedat,1,True
shallretain,1,True
electronios,1,True
enge,1,True
eaglestoneelectrioals,1,True
mpprohith,1,True
faclestone,1,True
f.k.,1,True
papareddype,1,True
ya,1,True
nagürabhavi,1,True
151,1,True
hod-eeerrce(which,1,True
bengaluru-560060,1,True
s.melectricals,1,True
152,1,True
provideprolific,1,True
students/,1,True
sproprietorricai,1,True
pret,1,True
jy,1,True
155,1,True
jpnet,1,True
rajarejeswari,1,True
156,1,True
agreernent,1,True
l(umbalgodu,1,True
lvysore,1,True
sonata,1,True
aps,1,True
n.r.colony,1,True
afte,1,True
rre,1,True
polse,1,True
industrre,1,True
istrt,1,True
provrde,1,True
rnentorship,1,True
agencle,1,True
citrng,1,True
ar-ly,1,True
conditlon,1,True
"7d'october,2021-",1,True
fat,1,True
gnnara3tata,1,True
sathyanarayana,1,True
deslgnation,1,True
flrst,1,True
relationshtp,1,True
ptograrn,1,True
tra,1,True
ning,1,True
certiflcation,1,True
vartous,1,True
lnstitr,1,True
organlzation,1,True
entltie,1,True
rnto,1,True
obiective,1,True
rogrel,1,True
alignrnent,1,True
avall,1,True
ortunitie,1,True
.:1i,1,True
1:\,1,True
cha,1,True
irma,1,True
-m,1,True
bffiww&w,1,True
1t;ti,1,True
t1,1,True
rlli,1,True
biir.1liif'i'ir11*rnt,1,True
r&dlab,1,True
02.01.2018,1,True
innovationsr,1,True
zp,1,True
rich,1,True
d'main,1,True
geethanjali,1,True
28488990,1,True
"www.skiresearch.com,email:shreekrish@skiresearch.com",1,True
158,1,True
rrce)was,1,True
accreditedwith,1,True
12years,1,True
itand,1,True
companyspecific,1,True
encouraginginteraction,1,True
practicing,1,True
date&duration,1,True
of3,1,True
ids,1,True
shreekrish@,1,True
skiresearch.com,1,True
hodece@rrce.org,1,True
perk,1,True
with1,1,True
dateand,1,True
02-01-2018,1,True
31-12-2020,1,True
prad,1,True
principai,1,True
institutc,1,True
vourexperience,1,True
rs.20,1,True
hiwaricollegeof,1,True
enginefring,1,True
rajcortlflcatonocollege,1,True
irajarajeshwari,1,True
ka65561123749158s,1,True
daieshwaricollege,1,True
iwarecoluge,1,True
olun,1,True
ohlfge,1,True
ragertificatedssue,1,True
engy,1,True
fi)tkacrsf|08/,1,True
jayanagar7,1,True
nov-2020.02:30,1,True
rajaraieshwaricollege,1,True
radescrptidnricolleg,1,True
raldescribtrónrdrdocument,1,True
docreference,1,True
iraiarajeshwari,1,True
coller,1,True
rapurchasedby,1,True
rauarajeshwaricollege,1,True
kakaorsfl0823450456755191s,1,True
aricia,1,True
galuru,1,True
partyari,1,True
ralaraieshwari,1,True
colle,1,True
racg,1,True
stámp,1,True
dutypald,1,True
rajaraifstwaricollegeof,1,True
bengat,1,True
cnsineere,1,True
rajarajeshwapicolle,1,True
engi,1,True
rajarajeshwaricol,1,True
collegeofà,1,True
engineerin,1,True
raiaraieshwabicollege,1,True
raiaraieshwari,1,True
collf,1,True
thh,1,True
eme,1,True
engion,1,True
gf,1,True
oftngitcere,1,True
rajarajeshwaric,1,True
constructionmanagement,1,True
bir,1,True
engineeringibengaluru,1,True
sllege,1,True
authorlsod,1,True
lanatory,1,True
12.112023,1,True
hereln,1,True
nmkrv,1,True
3rdblock,1,True
referrod,1,True
instltute,1,True
177/1,1,True
naka,1,True
secõnd,1,True
bimtutory,1,True
alort,1,True
authentieity,1,True
cerfficale,1,True
shoukl,1,True
venfe,1,True
shicilestainp,1,True
holtng,1,True
dacrepancy,1,True
détalis,1,True
certiicate,1,True
avalable,1,True
mvale,1,True
infotm,1,True
coupetent,1,True
aulbouty,1,True
tho,1,True
cedilicate,1,True
https://www.rrce.oral,1,True
https://www.cmtionline.com/,1,True
tralning,1,True
secondparty,1,True
withresource,1,True
educatioh,1,True
on-green,1,True
etc..,1,True
toplcs,1,True
/entrepreneurship,1,True
ivil,1,True
engineer(ng,1,True
i.e..,1,True
12.11.2023,1,True
in'writing,1,True
pire,1,True
partıos,1,True
580n,1,True
glve,1,True
signatories,1,True
bang,1,True
bengalurù-,1,True
560074.principal,1,True
bengaluru-7,1,True
ashokkumar,1,True
consruc,1,True
31e,1,True
englneering,1,True
civ!l,1,True
rajarajéswari,1,True
injineere,1,True
nationalengineeringcollege,1,True
anautonomousinstitutionaffiliatedtoannauniversity,1,True
k.r.nagar,1,True
kovilpatti-628503,1,True
crnagar,1,True
necbusiness,1,True
estd1984,1,True
msmf,1,True
amutharaj,1,True
a2z,1,True
638,1,True
challagahatta,1,True
1.objectives,1,True
2020.and,1,True
fledged,1,True
frommarch,1,True
facilitiesand,1,True
goodcondition,1,True
tear,1,True
ofequipment,1,True
restoration,1,True
minimumviable,1,True
product(mvp,1,True
launchfund,1,True
fundof,1,True
"rs.88,000/-",1,True
mainly,1,True
pilot,1,True
registrationcost,1,True
"rs 20,000",1,True
atleast,1,True
technologyproduct,1,True
licenses,1,True
plugin/,1,True
widget,1,True
flyers,1,True
"rs 3,000",1,True
pre-launch,1,True
exceeding14,1,True
registration.(upto,1,True
"rs 14,000",1,True
"rs 2,500",1,True
rs 1000,1,True
"rs 1,800",1,True
rs. 300,1,True
unspent,1,True
100th,1,True
rs 1,1,True
rs 2,1,True
quit,1,True
bootstrappe,1,True
vacate,1,True
necbi,1,True
theincubatee,1,True
parcel,1,True
allor,1,True
tamilnadu,1,True
whercof,1,True
aullema,1,True
41312026,1,True
j.amutharaj,1,True
k.kalidasa,1,True
murugavel,1,True
no:6171,1,True
tower6,1,True
peskige,1,True
bagmane,1,True
bell,1,True
.d,1,True
194,1,True
"8,cse",1,True
alumin)ni,1,True
-98,1,True
d.sobya,1,True
no:658a,1,True
chellogahatta,1,True
bangalone-,1,True
5600,1,True
forcollaboration,1,True
researcher/,1,True
lab/,1,True
collaborating,1,True
krishnaveni,1,True
topic:-,1,True
irradiation,1,True
advaced,1,True
2419608,1,True
9844023568,1,True
sk@physics.uni-mysore.ac.in,1,True
k-fist,1,True
vgst,1,True
28-10-2017,1,True
sigkyishnacelharspn,1,True
assistait,1,True
profeesor,1,True
d.o.s.,1,True
snassgangethri,1,True
refno,1,True
413,1,True
rrcenou,1,True
ece/2016,1,True
df1431,1,True
3rdcross,1,True
mmaruthi,1,True
560033,1,True
2.rajarajeswari,1,True
170,1,True
9-11-2017,1,True
171,1,True
dateandsignature,1,True
from10,1,True
deptonly,1,True
telefax,1,True
25805029,1,True
mob:+91,1,True
9845485964,1,True
sevanagar,1,True
29580202423,1,True
172,1,True
mad,1,True
bengaluru–560074,1,True
173,1,True
8.student,1,True
bangalore-560085shall,1,True
agreefor,1,True
c)any,1,True
174,1,True
18-09-2015,1,True
17-09-2019,1,True
175,1,True
2008certified,1,True
chinmayi,1,True
s.k,1,True
m.or,1,True
sakkshirtechnologie,1,True
085,1,True
1336,1,True
girinagar,1,True
のr,1,True
principay,1,True
rajaraeswartc,1,True
13/9115,1,True
ramghalli,1,True
18/9115date,1,True
176,1,True
3dmain,1,True
3td,1,True
177,1,True
iso-,1,True
followingarrangement,1,True
b)practical,1,True
half/,1,True
16-09-2015,1,True
15-09-2018,1,True
bangalore-13,1,True
tele,1,True
2345,1,True
9389,1,True
98861,1,True
35789,1,True
gemni,1,True
gecor@live.in,1,True
prasad@gecorindia.in,1,True
www.gecorindia.in,1,True
14-09-2015,1,True
179,1,True
pin-,1,True
560100,1,True
rąad,1,True
miero,1,True
"103,4thcross",1,True
bangalore-560100,1,True
khmdl,1,True
diversified,1,True
custom-built,1,True
circuits,1,True
aerospace,1,True
automotive,1,True
high-reliability,1,True
enclosed).rrce,1,True
byallindia,1,True
aicte)&is,1,True
registeçed,1,True
iii.[partya]responsibilities,1,True
dps,1,True
import,1,True
roadmaps-a,1,True
confidentlality,1,True
thetemure,1,True
microdevices,1,True
ofallthe,1,True
dataexchange,1,True
tohave,1,True
effectivedate,1,True
from26,1,True
to25,1,True
kamataarhridicoeyichero,1,True
chioer,1,True
s.raghavan,1,True
chiefexecutiveofficer,1,True
1109,1,True
d014,1,True
4/410,1,True
feļlow,1,True
australian,1,True
undergraduate,1,True
conference/,1,True
3.ph,1,True
postdoc,1,True
guides,1,True
4.conducting,1,True
conferences/,1,True
sessionsdure,1,True
183,1,True
22.06.2015,1,True
to21.06.2018,1,True
lns,1,True
lelee,1,True
25/6115,1,True
m.s.,1,True
rataraeswari,1,True
colegesfoengineering,1,True
184,1,True
calledwinglobal,1,True
3.student,1,True
185,1,True
tovisvesvaryatechnological,1,True
bangalore-560078for,1,True
mstsm,1,True
187,1,True
from18,1,True
2015to18,1,True
k.sateesh,1,True
balu,1,True
rjarajesnabnc,1,True
ksateesh,1,True
thdec.2015,1,True
078,1,True
ek,1,True
★,1,True
iso9001:2008,1,True
herwzen,1,True
fla,1,True
palasun,1,True
rasulgarh,1,True
odisha-751010,1,True
rajurajeswari,1,True
mesurn,1,True
kanbalagodu,1,True
bengoiuru,1,True
hereinatter,1,True
bhubuneswar,1,True
odisha-75107n,1,True
partyb,1,True
coliege,1,True
eross,1,True
mvsuru,1,True
kumbalagodn,1,True
bengaharu,1,True
tnisttute,1,True
nonprotis,1,True
ectronic,1,True
humanity,1,True
neraber,1,True
dean,1,True
departmemt,1,True
heads,1,True
professors,1,True
spenenced,1,True
sottware,1,True
laivecsity,1,True
cerung,1,True
techmology,1,True
intluental,1,True
wale,1,True
interdiscipiinary,1,True
rescarch,1,True
state-of-the-art,1,True
mot,1,True
kumibalgodu,1,True
fax:080~28437373,1,True
ntobmce.org,1,True
enquirygnte.ong,1,True
organtze,1,True
jomntly,1,True
directiy,1,True
isbn,1,True
issn,1,True
decoration,1,True
conferencc,1,True
podium,1,True
collar,1,True
conterence,1,True
frem,1,True
accoum,1,True
theme,1,True
rs. 4500,1,True
rs 5500,1,True
fak:080,1,True
visvesvaryatechnological,1,True
25.06.2015,1,True
24.06.2016,1,True
partiesa,1,True
nldee,1,True
kemcn,1,True
malla,1,True
checenmon,1,True
25.06.15,1,True
dac01s5,1,True
inse,1,True
poreach,1,True
deoit,1,True
indle,1,True
rameh,1,True
collecec,1,True
ramonalli,1,True
mvsore,1,True
infogrrce.org,1,True
sponsored,1,True
exclmnge,1,True
seope,1,True
accordanee,1,True
enteredl,1,True
vil,1,True
oflicial,1,True
kcemore,1,True
mallcee,1,True
mallick,1,True
palusumi,1,True
u16,1,True
91.11.91,1,True
prpaa,1,True
odisha-750,1,True
estd.-2012,1,True
mysora,1,True
bengaluru-560.074,1,True
28437124/26437375,1,True
enqulry,1,True
@roe.org,1,True
www.mce.org,1,True
paticipant,1,True
collabo,1,True
ration,1,True
from-to,1,True
robot,1,True
multidirectional,1,True
aswin,1,True
31/03/21,1,True
dhruthi,1,True
requests,1,True
breast,1,True
cancer,1,True
diagnosis,1,True
gaganarpitha,1,True
nayana,1,True
mining,1,True
helmet,1,True
sirish,1,True
rajashree,1,True
weather,1,True
rice,1,True
tejashwini,1,True
ranjitha,1,True
feeder,1,True
siddraju,1,True
liquid,1,True
sonika,1,True
spandan,1,True
gangannavar,1,True
malware,1,True
detector,1,True
vidyashree,1,True
vinutha,1,True
antenna,1,True
postioning,1,True
rescue,1,True
shoaib,1,True
door,1,True
crop,1,True
motwani,1,True
applicationfemme,1,True
transformer,1,True
vihara,1,True
shetty,1,True
greenhouse,1,True
defect,1,True
ecg,1,True
bhumireddy,1,True
chaitra,1,True
sangamesh,1,True
goudar,1,True
comatose,1,True
patient,1,True
devanand,1,True
dhruva,1,True
hemsagar,1,True
jagadeesha,1,True
mir,1,True
saiffudin,1,True
kyadiggeri,1,True
shanthi,1,True
swaroop,1,True
sushmitha,1,True
vd,1,True
jayaram,1,True
07/03/21,1,True
07/04/21,1,True
jayavardhan,1,True
03/07/20,1,True
29/08/20,1,True
bookstore,1,True
niswana,1,True
preethi,1,True
uthkarsh,1,True
dileep,1,True
simhadri,1,True
firdose,1,True
tabassum,1,True
visualizer,1,True
gowri,1,True
gummalla,1,True
akhil,1,True
kaveri,1,True
kushaal,1,True
lavanya,1,True
lohith,1,True
lynette,1,True
francis,1,True
mathew,1,True
mamatha,1,True
manish,1,True
seena,1,True
devadiga,1,True
pesalavenkata,1,True
harish,1,True
rajeena,1,True
curfew,1,True
e-pass,1,True
rekha,1,True
shalini,1,True
shambavi,1,True
sharanya,1,True
pharmacy,1,True
shobha,1,True
navjodh,1,True
singvirk,1,True
keerthana,1,True
shah,1,True
fahad,1,True
monika,1,True
durgadmath,1,True
nida,1,True
nitesh,1,True
prasanth,1,True
prathiksha,1,True
sanath,1,True
gallery,1,True
saniya,1,True
bn,1,True
shrusti,1,True
dance,1,True
audition,1,True
sinchana,1,True
sourav,1,True
vineetha,1,True
mukesh,1,True
sirvi,1,True
dattatray,1,True
bhagwat,1,True
harsh,1,True
jain,1,True
20/10/20,1,True
chandan,1,True
agrahar,1,True
booking,1,True
natesh,1,True
nikesh,1,True
bhupalam,1,True
geetanjali,1,True
gollamandala,1,True
divyanjali,1,True
nandhini,1,True
brinda,1,True
impa,1,True
megha,1,True
akshatha,1,True
05/08/19,1,True
tejaswini,1,True
shashi,1,True
yeshwanth,1,True
mayuri,1,True
12/07/19,1,True
31/08/19,1,True
prithvi,1,True
suchithra,1,True
thejaswini,1,True
kalale,1,True
kshreeraja,1,True
aishwaraya,1,True
arpitha,1,True
seldon,1,True
lobo,1,True
ankithanayana,1,True
bhat,1,True
prathaksha,1,True
yashwanth,1,True
swarnamala,1,True
movie,1,True
prasad,1,True
jankatti,1,True
yashaswinin,1,True
santharam,1,True
harshavardhan,1,True
puneeth,1,True
tanisha,1,True
bindushree,1,True
mnagement,1,True
chaithali,1,True
swiggy,1,True
chanakya,1,True
nasarulla,1,True
shariff,1,True
hithaishi,1,True
gelari,1,True
sunitha,1,True
megaldon,1,True
jasper,1,True
thejas,1,True
abeeya,1,True
bhavana,1,True
bhoomika,1,True
ankith,1,True
nithin,1,True
dilip,1,True
pawfection,1,True
10/07/19,1,True
10/08/19,1,True
rajesekharan,1,True
07/08/19,1,True
vijetha,1,True
shravya,1,True
vasu,1,True
niriksha,1,True
aishwarya,1,True
vasant,1,True
sharmbanna,1,True
bhovibadar,1,True
yadav,1,True
chinmayee,1,True
pragathi,1,True
kishor,1,True
chetan,1,True
devaraj,1,True
nishigandha,1,True
dhrithi,1,True
09/07/18,1,True
06/08/18,1,True
1rr17ee008,1,True
rashmi,1,True
1rr17ee015,1,True
1rr17ec402,1,True
"python""from",1,True
aug10th2020,1,True
10th2020,1,True
technciogies,1,True
-560006.india,1,True
deardhruthi,1,True
pride,1,True
pack,1,True
arshiyafathima,1,True
hrmanager,1,True
thisis,1,True
chethann(1rr17ec155,1,True
rajarajewari,1,True
xcienciatechnologies,1,True
tosept17th,1,True
technclogies,1,True
mohomndatr,1,True
1rr15ec031,1,True
aug2020,1,True
to10th,1,True
c(1rr17ec027)pursuingbachelors,1,True
raa,1,True
ciencia,1,True
10thaug2020,1,True
10thsept,1,True
mehoneat,1,True
-560006,1,True
technologiesindia,1,True
completioncertificate,1,True
gaganarpithav(1rr17ec044,1,True
-x-ciencia,1,True
17th2020,1,True
x-iencia,1,True
pvu.ltd,1,True
-ciencia,1,True
tectinoicgies,1,True
"3/1,robertson",1,True
tel+91,1,True
1rr15is002,1,True
proudly,1,True
1rr17is002,1,True
degital,1,True
colluberative,1,True
platferm,1,True
1rr17is003,1,True
coliabsrative,1,True
1rr171s004,1,True
culaburative,1,True
plasfarm,1,True
1rr1715007,1,True
intership,1,True
口口,1,True
digi,1,True
548,1,True
dewan,1,True
chamaraja,1,True
mohalla,1,True
570024,1,True
cm@digihubsolutions.com,1,True
brundha,1,True
1rr17is042,1,True
ticketing,1,True
2021.03.30,1,True
18:02:21,1,True
05'30,1,True
habitat,1,True
jayalakshmipuram,1,True
570012,1,True
2512020,1,True
www.digihubsolutions.com,1,True
chetau,1,True
sharma,1,True
bajarajeshwan,1,True
engiueering,1,True
completed_1months,1,True
5/3/2021,1,True
h/2021,1,True
succe,1,True
6|h|2021,1,True
9663476586,1,True
9741150102,1,True
www.technofly.in,1,True
banga,1,True
1rr17is009,1,True
1rr17is011,1,True
dly,1,True
1rr17is012,1,True
knowleog,1,True
acredita,1,True
ccre,1,True
dite,1,True
certfeate,1,True
bearing,1,True
1rri17me010,1,True
engineerin9,1,True
kavamahl,1,True
odtoo,1,True
hyperworkss,1,True
certihicate,1,True
kb,1,True
1rr17me013of,1,True
hiperworks,1,True
marchi,1,True
bengaluu,1,True
pitana1,1,True
prot.,1,True
hamësh,1,True
pow,1,True
ccri,1,True
oto,1,True
1rri7me021,1,True
internsfiip,1,True
fiela,1,True
"10""march",1,True
departmernt,1,True
enginering,1,True
berngaluru,1,True
kaudeh,1,True
~u~,1,True
certijytfaatmr,1,True
deepakdevanand,1,True
6earin9,1,True
1rr17me024,1,True
ofrajarajeswari,1,True
intunslup,1,True
pro9ramon,1,True
~tair.hyperworks,1,True
lidd,1,True
thmardi,1,True
aprif-2021,1,True
or9aniud,1,True
6y,1,True
medianica£,1,True
ett9ineeritt9,1,True
enginllri-119,1,True
be119afu.ru,1,True
~av1kum,1,True
~~:s,1,True
"-~~;,",1,True
",.->l",1,True
---~,1,True
dhruiva,1,True
1rr17me027,1,True
ravikuman,1,True
1.ort,1,True
hod-me,1,True
230,1,True
232,1,True
236,1,True
237,1,True
243,1,True
244,1,True
253,1,True
255,1,True
256,1,True
263,1,True
264,1,True
busines,1,True
01/01/2019,1,True
01/01/2022,1,True
renumeration,1,True
mohdett,1,True
referenceto,1,True
toofferinternship,1,True
span,1,True
ourcompanyin,1,True
july-2019,1,True
byeee,1,True
includetraine,1,True
deeperunderstandingof,1,True
tarough,1,True
lndian,1,True
abideby,1,True
whe,1,True
batch1,1,True
1rr14ee050,1,True
varsha,1,True
marivada,1,True
1rr14ee051,1,True
ashwin,1,True
k.s,1,True
1rr16ee047,1,True
1rr16ee404,1,True
inchara,1,True
1rr16ee050,1,True
l.m,1,True
1rr17ee410,1,True
1rr16ee004,1,True
bindu,1,True
m.r,1,True
1rr16ee008,1,True
thrishank,1,True
1rr16ee038,1,True
1rr16ee011,1,True
b.h(1rr16ee036,1,True
anirudh,1,True
1rr16ee046,1,True
indga,1,True
pvt.ltol,1,True
from:20/09/2017,1,True
to19/09/2019,1,True
profpraveen,1,True
stagebangalore-560072,1,True
partieshere,1,True
thlth,1,True
hinw,1,True
shis,1,True
"₹2,000/-",1,True
andother,1,True
allowancelike,1,True
travelling,1,True
táken,1,True
intendedto,1,True
fonfaglestone,1,True
faglestonselectrical,1,True
nsguiabhavi,1,True
crosskk,1,True
oftraining,1,True
1rr16ee407,1,True
1rr16ee415,1,True
1rr16ee422,1,True
srikanth,1,True
1rr16ee428,1,True
vinay,1,True
"on""designing",1,True
"conditioner""from17thjan",1,True
layprappeteredcvo,1,True
electpical,1,True
bangaio.-/2,1,True
1stcross,1,True
bangalore-560072.telno.9035041008,1,True
/valid,1,True
ta,1,True
hagarhavi,1,True
食,1,True
peraveenapatil,1,True
e44,1,True
thovisandenly,1,True
h.,1,True
srob,1,True
branches,1,True
tigh,1,True
aboe,1,True
"00001,2560002400152029",1,True
oginukare,1,True
bca/001,1,True
businessconsult,1,True
todesign,1,True
andwillend,1,True
on45,1,True
softtee,1,True
thandayeshwara,1,True
ging,1,True
pirector,1,True
"40/163,1st",1,True
bharathl,1,True
assoclates,1,True
assan-573201,1,True
minfo@loginwaresofttec.comwww.loginwaresofttec.com,1,True
08172,1,True
oginukre,1,True
lngin,1,True
petential,1,True
unleash,1,True
bca/002,1,True
consultagreement,1,True
1.consultation,1,True
pertorm,1,True
ofagreement,1,True
3.renumeration,1,True
2percent,1,True
mahage,1,True
info@loginwaresofttec.comwww.loginwaresofttec.com,1,True
08172-,1,True
promcspalsiv,1,True
geo,1,True
improvise,1,True
complete-insights,1,True
extricate,1,True
diverse,1,True
sometimes,1,True
feed,1,True
retalpos,1,True
etl,1,True
features,1,True
dentify,1,True
leads,1,True
nventory,1,True
afwchenifi,1,True
freparng,1,True
pntegrating,1,True
linnang,1,True
fandas,1,True
g3seyb,1,True
usng,1,True
modelsusing,1,True
centifying,1,True
sh6234s,1,True
scikit,1,True
orcer,1,True
resultsand,1,True
open-source,1,True
much,1,True
factual,1,True
displaying,1,True
aisle,1,True
fig.2,1,True
grocery,1,True
crder_d,1,True
eval,1,True
pnot_order,1,True
2539325,1,True
iud,1,True
2356795,1,True
473747,1,True
prion,1,True
2754736,1,True
431534,1,True
3367565,1,True
550135,1,True
grior,1,True
3108588,1,True
pier,1,True
2295261,1,True
2550362,1,True
1187695,1,True
2158274,1,True
2p,1,True
1511582,1,True
histogram,1,True
fig:5,1,True
kernel,1,True
unobservable,1,True
underlie,1,True
probability,1,True
fig.5,1,True
habit,1,True
informal,1,True
excel,1,True
exceptionally,1,True
proficient,1,True
made,1,True
precise,1,True
generation-an,1,True
teditional,1,True
mamual,1,True
scalable,1,True
leare,1,True
franchise,1,True
scimnce,1,True
busneses,1,True
elense,1,True
manive,1,True
ceollectd,1,True
wn,1,True
unverified,1,True
heap,1,True
chustering,1,True
chasification,1,True
fne,1,True
modls,1,True
whch,1,True
productservice,1,True
prodoct,1,True
silos,1,True
dynamically,1,True
productszservice,1,True
data-driven,1,True
buse,1,True
perueptiom,1,True
mumerous,1,True
ether,1,True
almost,1,True
brod,1,True
aritmetic,1,True
statistie,1,True
informatio3,1,True
theory,1,True
fieid,1,True
coputonal,1,True
siee,1,True
daa,1,True
dabase,1,True
visalization,1,True
ura,1,True
aub,1,True
learing,1,True
clasification,1,True
cluster,1,True
analyuis,1,True
quantification,1,True
ican,1,True
eting,1,True
inormation,1,True
fou,1,True
aociate,1,True
low-leve,1,True
deestive,1,True
oletion,1,True
peo,1,True
demnd,1,True
ned,1,True
addre,1,True
noie,1,True
oen,1,True
coy,1,True
hd,1,True
bc,1,True
oug,1,True
adly,1,True
tog,1,True
meevant,1,True
weak,1,True
relevane,1,True
analýsn,1,True
doment,1,True
inomon,1,True
incoporate,1,True
ner,1,True
strie,1,True
sorie,1,True
tha,1,True
soly,1,True
eacndingy,1,True
dou,1,True
anal,1,True
moot,1,True
spie,1,True
nevas,1,True
domta,1,True
alimte,1,True
conspeeny,1,True
desice,1,True
cleae,1,True
tecnie,1,True
uake,1,True
fom,1,True
wome,1,True
cuse,1,True
nose,1,True
exceedingly,1,True
inl,1,True
numerous,1,True
telemarketer,1,True
tough,1,True
retargete,1,True
'd,1,True
footfall,1,True
think,1,True
visualzation,1,True
segmentabion,1,True
collaberative,1,True
filtenng,1,True
users,1,True
sistem,1,True
model.1,1,True
unking,1,True
integrty,1,True
que,1,True
norse,1,True
engneerng,1,True
featuré,1,True
cammerce,1,True
iodel,1,True
apache,1,True
mif,1,True
sclkif,1,True
leain,1,True
n+1,1,True
leaming,1,True
architectural,1,True
architectaural,1,True
stacking,1,True
differently,1,True
linker,1,True
evacuating,1,True
possibly,1,True
vast,1,True
anaconda,1,True
jupiter,1,True
weight,1,True
purchasing,1,True
basie,1,True
troublesome,1,True
costly,1,True
sfement,1,True
forestall,1,True
robotize,1,True
highlight,1,True
significantly,1,True
comprehend,1,True
clement,1,True
tackle,1,True
fragmented,1,True
featore,1,True
incredible,1,True
effet,1,True
istll,1,True
adaptable,1,True
kagglers,1,True
subclass,1,True
sift,1,True
inclination,1,True
progressively,1,True
prevalent,1,True
assortment,1,True
motion,1,True
music,1,True
twitter,1,True
rundown,1,True
eatery,1,True
picce,1,True
clothing,1,True
adminístration,1,True
beforehand,1,True
enthusiasm,1,True
content-based,1,True
discrete,1,True
filtering,1,True
asscist,1,True
kmm,1,True
:d,1,True
generls,1,True
www.fechgeneris.com,1,True
s60,1,True
compamy,1,True
stafl,1,True
carlier,1,True
kum,1,True
d·l,1,True
umlte,1,True
info@techgenerls.com,1,True
247,1,True
highvolume,1,True
webportals,1,True
cloud-based,1,True
mankind,1,True
centralize,1,True
thereby,1,True
overhead,1,True
api,1,True
generating,1,True
setup,1,True
intensive,1,True
-production,1,True
pre-pat,1,True
defnition,1,True
dependency,1,True
pre-performance,1,True
tuning,1,True
coexistence,1,True
mirror,1,True
sprint,1,True
traceability,1,True
workload,1,True
configurations,1,True
analyzed,1,True
negligible,1,True
18(even,1,True
si.no,1,True
77degree,1,True
banglore-37,1,True
1{t,1,True
2months,1,True
banglore-560043,1,True
jofro,1,True
bengsiuru-550037,1,True
434,1,True
mahaveer,1,True
galaxy,1,True
apartments,1,True
sunkalpalya,1,True
uttarahalli-kengeri,1,True
bangalore-37,1,True
",and",1,True
ato,1,True
continous,1,True
abondonment,1,True
"1915,4th",1,True
rpc,1,True
vijaynagar,1,True
bangalore-560004,1,True
"2""d",1,True
bangalore-560043,1,True
ting,1,True
from:10/09/2016,1,True
10/09/2019,1,True
profavinash,1,True
cm(the,1,True
individualworking,1,True
electronicsengineering,1,True
rajrajeswaricollege,1,True
1.consultant,1,True
termsofagreement,1,True
10/09/2016to,1,True
10/09/2019.either,1,True
"₹1,500/-will",1,True
faglestone,1,True
lapadpreteredea,1,True
whavi,1,True
znu,1,True
sluge,1,True
1scross,1,True
telno.9035041008,1,True
1rr14ee001,1,True
amruthavarshini,1,True
1rr14ee024,1,True
1rr14ee042,1,True
1rr14ee044,1,True
departmentof,1,True
electrical&electronics,1,True
temperature,1,True
humidity,1,True
conditioning,1,True
8jam,1,True
theyhave,1,True
exhibitedpunctuality,1,True
anddiligence,1,True
duringtheir,1,True
imtemshipperiod,1,True
electcca,1,True
lbyopreaardórce3,1,True
2ndmain1stcrosskk,1,True
3ö,1,True
bunk,1,True
rtosneft-ifs,1,True
and000132,1,True
nagarbhavi,1,True
sangalore,1,True
karniataka-660072,1,True
t9e,1,True
00019,1,True
sixteen,1,True
nc,1,True
0000415600110241:0052029,1,True
6h,1,True
2ng,1,True
otg,1,True
dept-rrce,1,True
aing,1,True
flagship,1,True
include:-,1,True
manet,1,True
promptness,1,True
workmanlike,1,True
tools,1,True
hhal,1,True
article 2,1,True
inspire,1,True
rs 1.00000,1,True
rs 25.000/-,1,True
firmware,1,True
incorporated,1,True
haphe,1,True
ciality,1,True
confidentialinformation,1,True
thia,1,True
tnfomalion,1,True
imite,1,True
developmente,1,True
produet,1,True
plana,1,True
producte,1,True
serviee,1,True
fomula,1,True
proceese,1,True
techniquea,1,True
fimware,1,True
aoftware,1,True
ldeaa,1,True
diecoverie,1,True
inventiona,1,True
copynight,1,True
trademarka,1,True
secreta,1,True
discloae,1,True
directty,1,True
visualty,1,True
conaultant,1,True
publie,1,True
hapire,1,True
qlality,1,True
enga,1,True
toa,1,True
ets,1,True
ana,1,True
insurrection,1,True
lock-outs,1,True
interruption,1,True
day-to-day,1,True
abate,1,True
interuption,1,True
excused,1,True
ebligaton,1,True
conéiue,1,True
pere,1,True
nosce,1,True
elthe,1,True
pary,1,True
non-publicity,1,True
wten,1,True
cansent,1,True
pry,1,True
attomey,1,True
itomation,1,True
rured,1,True
comnecton,1,True
enforement,1,True
abigation,1,True
tnis,1,True
ebligation,1,True
artide,1,True
weuikd,1,True
andt,1,True
entitlied,1,True
reliel,1,True
consulitant,1,True
ef,1,True
oose,1,True
xd,1,True
alt,1,True
govere,1,True
accerdance,1,True
lindia,1,True
cholce,1,True
consene,1,True
cty,1,True
bengalure,1,True
tis,1,True
agreemene,1,True
oulter,1,True
roaa,1,True
prevasystems.com,1,True
provisions,1,True
thomauk,1,True
s.wl,1,True
s.usha,1,True
k.s.rajesh,1,True
kkirl,1,True
ome,1,True
etheret,1,True
shield,1,True
enabl,1,True
licenced,1,True
20.109.|.2016,1,True
29/09/2016,1,True
19/09/2020,1,True
statiob,1,True
kengari,1,True
no.9611885246,1,True
thii,1,True
a0w,1,True
sois,1,True
"₹2,000/-will",1,True
remunerationfor,1,True
executedthis,1,True
m.electrical,1,True
ralleay,1,True
foed,1,True
kangan,1,True
i|sri,1,True
malleswara,1,True
prasanna|1,1,True
tarudraiah,1,True
licencedclass1,1,True
1rr15ee013,1,True
darshini,1,True
1rr15ee034,1,True
shakthi,1,True
1rr15ee035,1,True
1rr15ee048,1,True
pnet,1,True
fploprietor,1,True
rical,1,True
no.84,1,True
ancheken,1,True
railwaystationroad,1,True
268,1,True
274,1,True
275,1,True
276,1,True
0497,1,True
2805121,1,True
2805521,1,True
payyanurcollege@rediffmail.com,1,True
chem,1,True
proj/2019/(3,1,True
roal,1,True
201920,1,True
encouragement,1,True
vm/,1,True
experiment,1,True
14-11-2019,1,True
15-12-2019,1,True
13119,1,True
13-11-2019,1,True
hod-puysves,1,True
aicti,1,True
afflited,1,True
r&d/10/2019,1,True
b8psch1204,1,True
characterization,1,True
nano-composites,1,True
v'isiting,1,True
rajarajeswarl,1,True
collegu,1,True
enquiry@rce.org,1,True
universlty,1,True
csebelecl,1,True
r&d/11/2019,1,True
sucessfully,1,True
cross-linking,1,True
carbon,1,True
reinforcement,1,True
blends,1,True
b8psch1205,1,True
johns@rediffmail.com,1,True
pu,1,True
rajarajoswari,1,True
englneerin,1,True
enquiry@rrca.org,1,True
aprved,1,True
affliated,1,True
tehnological,1,True
r&d/13/2019,1,True
successully,1,True
nano-,1,True
composite,1,True
"2,4",1,True
dihydroxy,1,True
benzaldehyde,1,True
b8psch1208,1,True
physlcs,1,True
enginesring,1,True
bangaloce,1,True
karnatakz,1,True
enqulry@rce.org,1,True
r&d/12/2019,1,True
succesfully,1,True
b8psch1207,1,True
vulcanize,1,True
bungalore,1,True
departmeni,1,True
asscciate,1,True
enginsering,1,True
phyaics,1,True
kamatska,1,True
mda,1,True
info@rrca.org,1,True
@rrce.org,1,True
www.rrcs.org,1,True
sharon,1,True
john,1,True
b7psch1211,1,True
shana,1,True
parveen,1,True
ameen,1,True
b7psch1210,1,True
reshmi,1,True
namboothiri,1,True
p.,1,True
b7psch1208,1,True
saranya,1,True
b7psch1209,1,True
b7psch1204,1,True
suj,1,True
ku,1,True
08-11-2018,1,True
girls,1,True
girl,1,True
01-01-2019,1,True
15-01-2019,1,True
jobísh,1,True
28-12-2018,1,True
bengaiuru-74,1,True
undergone,1,True
xpre,1,True
icye,1,True
nanjappa,1,True
1rr15me063,1,True
muttur,1,True
1rr15me066,1,True
astet,1,True
pavankumar,1,True
1rr15me068,1,True
eloci,1,True
1rr15me077,1,True
1rr15me076,1,True
stio,1,True
cloei,1,True
pood,1,True
summuka,1,True
1rr15me101,1,True
samartha,1,True
1rr16me422,1,True
akarsh,1,True
1gg14me001,1,True
1gg14me002,1,True
1gg14me020,1,True
1gg14me031,1,True
rakshith,1,True
1gg14me038,1,True
crn,1,True
sangamanathnavhi,1,True
shashikumara,1,True
1gg14me045,1,True
vinayakchougala,1,True
1gg14me054,1,True
1gg15me409,1,True
vijaykumar,1,True
1gg15me418,1,True
kishan,1,True
1gg11me018,1,True
muion,1,True
forim,1,True
kumaa,1,True
puta,1,True
madaiah,1,True
gousia,1,True
oviental,1,True
hokl,1,True
mellahally,1,True
yelandur,1,True
chamarajanara,1,True
pin:-571441,1,True
isl,1,True
goveanment,1,True
ramanag,1,True
pama,1,True
pamithkumar1996,1,True
9620436104,1,True
vilth,1,True
fem,1,True
amilhkom,1,True
pwould,1,True
24103|18,1,True
rumca.p,1,True
iw,1,True
on-hyperworks,1,True
bharatheb.k.,1,True
krishina,1,True
rao.b.r.,1,True
m.g.:soav,1,True
i-main,1,True
huvuhadina,1,True
bidhi,1,True
pullakere,1,True
ramnagaram-562159,1,True
190/2,1,True
karnatara,1,True
ranocii,1,True
s.so,1,True
mainroad,1,True
3s,1,True
tumaruru-5f2102,1,True
govermtment,1,True
enggo,1,True
colcege,1,True
ramnagaram,1,True
sęmester,1,True
8thsem,1,True
701919≠003,1,True
9513000113,1,True
bharathknishnagpanrling@,1,True
gai.com,1,True
bharath.kni8hna181@maibcom,1,True
bharath.b.k.,1,True
date:19/03/2018,1,True
bharath。b-k.,1,True
rannagaram,1,True
khanamknoma,1,True
chandrasbekag,1,True
bchorcond,1,True
arcnalasahalli,1,True
ramanagas,1,True
doddakallahallr,1,True
malurct,1,True
kolag,1,True
ramanaga,1,True
/vtc,1,True
gg14me009,1,True
echanifal,1,True
96634955697,1,True
chanrubdilesha,1,True
gmail•,1,True
chandhaghebos.would,1,True
23)3/18,1,True
chethon,1,True
basavaraju,1,True
sthem,1,True
meranical,1,True
enginoring,1,True
romonogorom(d,1,True
hontet,1,True
slo,1,True
booovaraju,1,True
hemagiri,1,True
aghronora,1,True
blacauane,1,True
mandya,1,True
19915me403,1,True
gtncem,1,True
chelnonchaithraraj@gomail.com,1,True
9740490236,1,True
1chelnan.1b.k,1,True
24|3|2018,1,True
5b.k,1,True
romanagoram,1,True
.1.studeņt,1,True
kumar.n,1,True
narayanaswamy,1,True
oriental,1,True
boye,1,True
bostel,1,True
obalahalli(v,1,True
nandagudi,1,True
hoskote,1,True
basglore,1,True
9.email,1,True
kirankumarn.kk73@gmail.com,1,True
kioan,1,True
kumao,1,True
94|03|2018,1,True
kuummn,1,True
virztzone,1,True
kishanon,1,True
nagaraj,1,True
3n17,1,True
815w,1,True
"x2078,21",1,True
"eln's),@quatens",1,True
mysone,1,True
rood,1,True
bhamarajpet,1,True
bangalore-560018,1,True
igg11me018,1,True
8792543591,1,True
kishannaganaj5@fimail.com,1,True
kishan.n,1,True
2/4/9018,1,True
jishan,1,True
ghousia,1,True
collge,1,True
marutinagar,1,True
yathribhavan,1,True
choultry,1,True
nanjangud,1,True
vinayaka,1,True
layoud,1,True
nanjangudu,1,True
571301,1,True
engmure,1,True
collegi,1,True
ramanagaro,1,True
engnorning,1,True
8970342596,1,True
igg14meo20,1,True
cmadhu,1,True
486@grmail.com,1,True
24/03/9018,1,True
madhukumar,1,True
shivanna,1,True
llage,1,True
halguo,1,True
malavalu,1,True
mandyo,1,True
t.k,1,True
hallu,1,True
villaye,1,True
halgur,1,True
malovalu,1,True
mendya,1,True
goonment,1,True
pamanagera,1,True
1gg1sme406,1,True
mechani,1,True
cal,1,True
9964,1,True
894966,1,True
madhulumonts1996,1,True
goail.con,1,True
kuman,1,True
541,1,True
03118,1,True
paranagara,1,True
laumcoiis,1,True
naganna,1,True
k·h.,1,True
b.c.m.,1,True
kempegowdanadodd,1,True
ramanopara,1,True
district-,1,True
moralenahalli,1,True
hanabe,1,True
kasabu,1,True
doddabalbpur,1,True
dixtr'ct,1,True
561203,1,True
engineering11,1,True
9686071676,1,True
naveenkumar.appi.kn@gmail.com,1,True
naveen,1,True
24/02/2018,1,True
kil,1,True
naveentemiar,1,True
parashuram,1,True
chandrappa,1,True
boys,1,True
hostee,1,True
archakarhalli,1,True
ramanasar,1,True
handigund,1,True
591z35,1,True
t9,1,True
raibag,1,True
bclasav,1,True
gnee,1,True
colvege,1,True
igg15me411,1,True
medhanical,1,True
grgineinog,1,True
8867706671,1,True
paraehuray.hutkvi1996@gmail.lom,1,True
laborațory,1,True
021041,1,True
bool,1,True
m.c,1,True
chikicanna,1,True
hostob,1,True
archakarahally,1,True
rimanagara,1,True
mydanahally,1,True
kodigenahally,1,True
madhugiri,1,True
tumalccere,1,True
1g914meo31,1,True
9632435494,1,True
prashakara17s@gmail.com,1,True
prabketcara,1,True
cwould,1,True
23/3|2018,1,True
prashalceracre,1,True
resveialion,1,True
°,1,True
bdtofoy,1,True
a9chabara,1,True
haili,1,True
ramaneegar,1,True
karaballi,1,True
badavane,1,True
pogbpp,1,True
kola,1,True
rananagar,1,True
gb,1,True
8892059388,1,True
pn,1,True
pravcenpraveq388@gmail-,1,True
1praveen,1,True
27103/2018,1,True
ascottatote,1,True
af,1,True
rakshith.n,1,True
nagaraju·b.,1,True
dastrict,1,True
remanagara,1,True
jeenan,1,True
joythi,1,True
kollegal,1,True
govervamend,1,True
7676184564,1,True
nrakshi5@gmail.com,1,True
raksiuth.n,1,True
241312018,1,True
roksiotam,1,True
ramanegorra,1,True
kenchappa·k,1,True
bloslel,1,True
aschakarahalli,1,True
hamanagara,1,True
s1okenchappak,1,True
gundemmanapalya,1,True
solur,1,True
magad,1,True
disthicd,1,True
562127,1,True
19614me0,1,True
mechanicol,1,True
89711,1,True
85017,1,True
kramachandra,1,True
496,1,True
.com,1,True
ramachandra.k,1,True
023|0.8|18,1,True
ramacbandia-k.,1,True
ppey,1,True
owerno,1,True
denstein,1,True
veloel,1,True
mumsuj,1,True
snoour,1,True
mpnuen,1,True
veloty,1,True
sadashiv,1,True
doyonadw,1,True
prukore,1,True
pau,1,True
ratche,1,True
dnyoadev,1,True
hastl,1,True
archorkalli,1,True
alelme,1,True
tq÷roooagora,1,True
d:-raooogora,1,True
elemer,1,True
7q,1,True
dikkodi,1,True
alp,1,True
excmba,1,True
ciem,1,True
noloie,1,True
d÷belagavi,1,True
universit,1,True
pin≥591244,1,True
roongorra,1,True
1g914me041,1,True
mechaical,1,True
8951427454,1,True
sada41,1,True
s@gmad.0om,1,True
badlashiy,1,True
mukare,1,True
.al,1,True
03104/18,1,True
ramanagarn,1,True
knowlecge,1,True
山,1,True
sangamanath,1,True
navhi,1,True
archatarahalli,1,True
kadappa,1,True
tcsii,1,True
atii,1,True
handigud,1,True
to//aamanagara,1,True
distii,1,True
stii,1,True
ammanagi,1,True
ramanageoru,1,True
sangamanath.navi@gmail.com,1,True
8095113119,1,True
02/0412018,1,True
anowledge,1,True
shashikomara,1,True
kumara,1,True
hoatel,1,True
harchkaralli,1,True
ramanapa,1,True
ramanayara,1,True
neelasandra,1,True
huliurudorfa,1,True
kunigal,1,True
cec,1,True
ramanagarg,1,True
1gh|4meo45,1,True
diiem,1,True
|htebbtht8,1,True
nkshashikomara,1,True
shashiicumara,1,True
24/03/18,1,True
seelit,1,True
knuwleoge,1,True
archakarahalli,1,True
ramanagara.-562159,1,True
s1,1,True
sanjureddy,1,True
basaweshwar,1,True
chowk.auradcb,1,True
1erer14me052,1,True
9880589374,1,True
veereshsreddy18@gmau.com,1,True
23163,1,True
buuy,1,True
signatufe,1,True
u62099wb2025ptc284465,1,True
1/16,1,True
ifsc,1,True
background-verification,1,True
2/16,1,True
accounts,1,True
detect,1,True
forge,1,True
3/16,1,True
roadworthy,1,True
inactivity,1,True
approximate,1,True
offer-expiry,1,True
4/16,1,True
correctly,1,True
vegetarian,1,True
non-vegetarian,1,True
non-food,1,True
packaging,1,True
reached,1,True
5/16,1,True
premature,1,True
eta,1,True
falsify,1,True
spoof,1,True
disable,1,True
gps,1,True
6/16,1,True
coordination,1,True
promotional,1,True
failed-delivery,1,True
unanswered,1,True
7/16,1,True
argument,1,True
8/16,1,True
failed,1,True
insufficient,1,True
9/16,1,True
dust,1,True
upright,1,True
contaminate,1,True
smoke,1,True
food-transport,1,True
compliant,1,True
unsafely,1,True
impairing,1,True
operationally,1,True
surge,1,True
10/16,1,True
verified,1,True
unexplained,1,True
accepted-order,1,True
11/16,1,True
ratings,1,True
misappropriate,1,True
12/16,1,True
dangerously,1,True
expired,1,True
mismatch,1,True
urgent,1,True
13/16,1,True
customer-safety,1,True
violence,1,True
accidents,1,True
accident-support,1,True
14/16,1,True
revocable,1,True
reverse-engineer,1,True
prospectively,1,True
completed-delivery,1,True
15/16,1,True
escalation,1,True
tarik,1,True
anowar,1,True
reasoned,1,True
referable,1,True
16/16,1,True
reenactment,1,True
controls,1,True
un-authorized,1,True
truthful,1,True
misbehave,1,True
pleading,1,True
clause 4.5,1,True
non-statutory,1,True
transact,1,True
competitors,1,True
customarily,1,True
13.4,1,True
16.5,1,True
emforceable,1,True
"agreement"")is",1,True
at______________(hereinafter,1,True
covenanted,1,True
mature,1,True
"b)""the",1,True
"c)""group",1,True
"d)""subsidiary",1,True
1159,1,True
companies act 2006,1,True
"e)""termination",1,True
demotion,1,True
anannual,1,True
annum/,1,True
defraud,1,True
theemployer,1,True
encash,1,True
self-certification,1,True
10.confidentiality,1,True
contemplated,1,True
functionalitythat,1,True
injure,1,True
12.amendment,1,True
lateness,1,True
14.notices,1,True
non-assignment,1,True
involuntarily,1,True
alienated,1,True
encumbered,1,True
16.successors,1,True
by-law,1,True
18.modification,1,True
simplify,1,True
adjudication,1,True
hereunto,1,True
prominent,1,True
beverage,1,True
kitchen,1,True
dish,1,True
1/10,1,True
government-issued,1,True
two-wheeler,1,True
puc,1,True
aadhaar-based,1,True
universal,1,True
non-deliverable,1,True
2/10,1,True
unwarranted,1,True
professionalism,1,True
courtesy,1,True
helpline,1,True
statu,1,True
commuting,1,True
uniform,1,True
idle,1,True
3/10,1,True
payouts,1,True
per-task,1,True
performance-linked,1,True
timebase,1,True
penalized,1,True
attire,1,True
nighttime,1,True
non-discrimination,1,True
4/10,1,True
otp-based,1,True
systematically,1,True
finalized,1,True
recordkeeping,1,True
intoxicate,1,True
tee,1,True
shirt,1,True
footwear,1,True
haircut,1,True
trim,1,True
beard,1,True
lack,1,True
cleanliness,1,True
5/10,1,True
6/10,1,True
deactivation,1,True
measures,1,True
modifications,1,True
7/10,1,True
bengal700102,1,True
69188100,1,True
delivery.partner@gintaa.com,1,True
tutorial,1,True
languages,1,True
8/10,1,True
bengal-700102,1,True
u74999wb2020ptc235913,1,True
69188101,1,True
jsg,1,True
ahk,1,True
subrata,1,True
08069188101,1,True
asconsoftech,1,True
flavor,1,True
top-rated,1,True
brace,1,True
unbeatable,1,True
whopping,1,True
crave,1,True
tiramisu,1,True
delight,1,True
favorites,1,True
love,1,True
chicken,1,True
tikka,1,True
masala,1,True
really,1,True
guess,1,True
favorite,1,True
worry,1,True
surprising,1,True
discounts,1,True
couple,1,True
₹60,1,True
9/10,1,True
certainly,1,True
hefty,1,True
dine-in,1,True
takeaway,1,True
unlike,1,True
boost,1,True
elevate,1,True
fastest,1,True
72,1,True
heavy,1,True
woohoo,1,True
10/10,1,True
compatible,1,True
lorem,1,True
ipsum,1,True
"companies act, 1956/2013",1,True
u74999mh2019ftc318980,1,True
1102,1,True
peninsula,1,True
s.b.,1,True
400013,1,True
netram,1,True
parkhedi,1,True
obaidullaganj,1,True
vtc,1,True
genhukheda,1,True
tamot,1,True
goharganj,1,True
raisen,1,True
464990,1,True
900116426813,1,True
negotiable,1,True
1.8.1,1,True
duplication,1,True
replication,1,True
1.8.2,1,True
pen,1,True
typewrite,1,True
1.8.3,1,True
fixture,1,True
fitting,1,True
furnishing,1,True
1.8.4,1,True
rendering,1,True
recitals,1,True
c-21,1,True
pushp,1,True
131,1,True
452010,1,True
pending,1,True
conflicts,1,True
sufficiently,1,True
occupy,1,True
business(es,1,True
occurring,1,True
under-withholding,1,True
indebted,1,True
trustee,1,True
5.1.1,1,True
5.1.2,1,True
livelihood,1,True
although,1,True
over-the-counter,1,True
5.6,1,True
6.5,1,True
6.6,1,True
handing-over,1,True
evidencing,1,True
7.7,1,True
7.8,1,True
7.9,1,True
7.10,1,True
7.11,1,True
nonexclusive,1,True
sub-licensees,1,True
undisciplined,1,True
irregularity,1,True
initiation,1,True
abet,1,True
self-employed,1,True
8.4,1,True
8.6,1,True
reconstruction,1,True
spin-off,1,True
amalgamation,1,True
reorganisation,1,True
favourable,1,True
8.7,1,True
fidelity,1,True
8.8,1,True
non-appealable,1,True
reinstate,1,True
8.9,1,True
"compensation act, 1923",1,True
manmeet.kaur@taskus.com,1,True
benefitsadministration.rgz@taskus.com,1,True
kanaknagar7@gmail.com,1,True
12.1.1,1,True
libel,1,True
slander,1,True
12.1.2,1,True
12.1.3,1,True
13.1.2,1,True
apprehend,1,True
interlocutory,1,True
interview(s,1,True
extrinsic,1,True
clause 14.4,1,True
thereunto,1,True
companybreach,1,True
14.8,1,True
14.9,1,True
excessively,1,True
14.10,1,True
14.11,1,True
attachments,1,True
anticipation,1,True
commutation,1,True
alienation,1,True
pledge,1,True
hypothecation,1,True
involuntary,1,True
14.12,1,True
passport-sized,1,True
s.n.,1,True
"12,602",1,True
"151,224",1,True
"5,040",1,True
"60,484",1,True
"17,642",1,True
"211,708",1,True
"2,200",1,True
"26,400",1,True
contributions,1,True
stat,1,True
"7,740",1,True
"1,512",1,True
"18,144",1,True
"21,999",1,True
"263,992",1,True
paise,1,True
cont,1,True
retiral,1,True
epf,1,True
1952,1,True
1948,1,True
gratuity act 1972,1,True
lumpsum,1,True
mates,1,True
"rs. 10,000",1,True
teammates,1,True
kid,1,True
"rs. 5,000",1,True
transit,1,True
baggage,1,True
hometown,1,True
limited(the,1,True
section 1,1,True
ship,1,True
non-adherences,1,True
absolve,1,True
follows:-,1,True
guarantor,1,True
-2that,1,True
attest,1,True
magistrate,1,True
companies act 1956,1,True
pdil,1,True
a-14,1,True
sector-1,1,True
liquidator,1,True
smt./kumari,1,True
dt.___________and,1,True
agremement,1,True
-2the,1,True
consolidate,1,True
earned,1,True
exhaust,1,True
honestly,1,True
obediently,1,True
command,1,True
3/-,1,True
-3that,1,True
"rs.1,00,000/-(rupees",1,True
absorb,1,True
"rs.40,000",1,True
"1,40,000/-",1,True
non-technical,1,True
4/-,1,True
-4that,1,True
combination,1,True
commits,1,True
caste(sc,1,True
obc,1,True
gamble,1,True
drink,1,True
fight,1,True
5/-,1,True
-5-,1,True
bigamy,1,True
prejudicially,1,True
"apprentices act, 1961",1,True
1962,1,True
got,1,True
adjudicate,1,True
-solicitation,1,True
w.,1,True
unincorporated,1,True
logic,1,True
subroutine,1,True
subpart,1,True
-2documentation,1,True
notation,1,True
interface,1,True
relationship(s,1,True
section 3.1,1,True
stockholder,1,True
lender,1,True
co-venturer,1,True
publicly-traded,1,True
-3engagement,1,True
resale,1,True
distributorship,1,True
truthfully,1,True
safekeeping,1,True
-4shall,1,True
-5executive,1,True
monie,1,True
remediation,1,True
breadth,1,True
bar,1,True
dissolution,1,True
telecopier,1,True
bh,1,True
401,1,True
alexandria,1,True
va,1,True
22314,1,True
-6if,1,True
n.w.,1,True
d.c.,1,True
u.s.,1,True
american,1,True
-7have,1,True
laying,1,True
facsimiles,1,True
wraase,1,True
indefinitely,1,True
section 27,1,True
"indian contract act, 1872",1,True
post-employment,1,True
noncompete.com,1,True
x.,1,True
tuesday,1,True
wednesday,1,True
unanticipated,1,True
burdensome,1,True
1/5,1,True
identifiable,1,True
university-owned,1,True
hazard,1,True
danger,1,True
workstation,1,True
work-from-home,1,True
university-approved,1,True
2/5,1,True
mainestreet,1,True
rescind,1,True
covered,1,True
cc,1,True
3/5,1,True
augusta,1,True
farmington,1,True
kent,1,True
machias,1,True
presque,1,True
isle,1,True
southern,1,True
universities,1,True
careers,1,True
transform,1,True
4/5,1,True
trustees,1,True
accreditation,1,True
freedom,1,True
accessibility,1,True
5/5,1,True
1/3(10/2013,1,True
employment†,1,True
/week(s,1,True
month(s)/,1,True
period†,1,True
hours†,1,True
break†,1,True
not-fixed,1,True
minutes,1,True
hour(s)per,1,True
is/,1,True
hour(s,1,True
rate†,1,True
hour/,1,True
/week,1,True
pay†,1,True
period(s)†,1,True
day(s)/week(s,1,True
holidays†,1,True
/week(s)/,1,True
contract†,1,True
2/3,1,True
day(s)/,1,True
typhoon†,1,True
warning†,1,True
remark,1,True
hong,1,True
extinguish,1,True
3/3,1,True
thoroughly,1,True
hk,1,True
i.d.,1,True
vcci,1,True
guidebook,1,True
tool.2,1,True
7.30,1,True
11.30,1,True
1.30,1,True
4.30,1,True
grab,1,True
starting,1,True
small,1,True
ramification,1,True
game,1,True
hand-built,1,True
generator,1,True
rightblogger,1,True
suite,1,True
💪,1,True
→,1,True
😊,1,True
sentence,1,True
paypal,1,True
everything,1,True
'm,1,True
lost,1,True
saving,1,True
showcase,1,True
portfolio,1,True
a.akhila,1,True
507,1,True
bu!a!1uo6,1,True
ii9lui,1,True
yuva,1,True
adnt,1,True
-ynt,1,True
mue,1,True
shae,1,True
hese,1,True
liy,1,True
oryxe,1,True
rsos,1,True
epk,1,True
lteet,1,True
hcven,1,True
moio,1,True
die,1,True
•you,1,True
beli,1,True
elide,1,True
whetn,1,True
eis,1,True
64h,1,True
ilasi,1,True
dearms,1,True
offr,1,True
25tmh,1,True
oiht,1,True
sutn,1,True
ens,1,True
oywa,1,True
siet,1,True
airin,1,True
tur,1,True
tent,1,True
tuesget,1,True
ecen,1,True
cocssine,1,True
oelil,1,True
tte,1,True
iee,1,True
yow,1,True
rle,1,True
elede,1,True
15691,1,True
aens,1,True
sunilkumar,1,True
shasre,1,True
ryrr,1,True
oryuce,1,True
koony,1,True
eoo,1,True
seit,1,True
espe,1,True
trt,1,True
uae,1,True
suss,1,True
luet,1,True
tusge,1,True
ost,1,True
eio,1,True
iony,1,True
ossshe,1,True
ssie,1,True
uite,1,True
uve,1,True
ceae,1,True
eal,1,True
16650,1,True
304,1,True
bu!a!iiuob,1,True
ii9iui,1,True
adnyt,1,True
-ent,1,True
oyoenn,1,True
xn,1,True
rstn,1,True
epne,1,True
sgea,1,True
ceiny,1,True
cossstn,1,True
hte,1,True
soo,1,True
aave,1,True
ceasne,1,True
siie,1,True
16659,1,True
卫,1,True
buluabllu,1,True
.m,1,True
thets,1,True
nkt,1,True
nyh,1,True
yyouro,1,True
seiise,1,True
shann,1,True
mnil,1,True
mre,1,True
l.,1,True
uens,1,True
oyuominyoeot,1,True
fonn,1,True
oitsi,1,True
reospepk,1,True
inn,1,True
ocesne,1,True
comnt,1,True
bis,1,True
lde,1,True
datg,1,True
rlrg,1,True
seeg,1,True
selg,1,True
datre,1,True
br2e,1,True
s5991,1,True
25th,1,True
onny,1,True
reop,1,True
pst,1,True
aes,1,True
aocesho,1,True
cm,1,True
ythe,1,True
beise,1,True
wose,1,True
youne,1,True
int,1,True
15699,1,True
bua!iiub!iidlu,1,True
surendra,1,True
ees,1,True
oyw,1,True
yot,1,True
tui,1,True
susg,1,True
lut,1,True
ugseor,1,True
aeionen,1,True
aan,1,True
iy,1,True
ocssith,1,True
sil,1,True
mii,1,True
sieo,1,True
eeide,1,True
whatn,1,True
h12,1,True
buia!iiud6,1,True
i1diui,1,True
santhosh,1,True
nyt,1,True
nys,1,True
mne,1,True
sha'rrs,1,True
ryl,1,True
yvou,1,True
tnt,1,True
nu,1,True
oae,1,True
ossssny,1,True
soen,1,True
cve,1,True
whaln,1,True
alers,1,True
grap,1,True
cpe=15951,1,True
sahabuddin,1,True
dnt,1,True
fl,1,True
sitlin,1,True
titi,1,True
oee,1,True
att,1,True
aven,1,True
yowe,1,True
yn,1,True
ier,1,True
lidde,1,True
whaettn,1,True
staton,1,True
gachibwl,1,True
telapur,1,True
"032,a.p",1,True
80人,1,True
55951,1,True
oeng,1,True
-nt,1,True
nns,1,True
riyr,1,True
oihtt,1,True
sut,1,True
oyoce,1,True
oed,1,True
oroy,1,True
ao,1,True
ocessithd,1,True
ser,1,True
esir,1,True
yoa,1,True
ril,1,True
opld,1,True
doe,1,True
whans,1,True
sng,1,True
9196,1,True
bu!a!tludb!iioiui,1,True
ohn,1,True
bno,1,True
tet,1,True
tsgerr,1,True
poste,1,True
asn,1,True
iny,1,True
ocsshne,1,True
mte,1,True
ythee,1,True
ez,1,True
cnve,1,True
nee,1,True
nen,1,True
oisss,1,True
ili,1,True
eede,1,True
souie,1,True
rkk,1,True
bu!a!tiuob!iiolui,1,True
kranthikumar,1,True
oihrn,1,True
shon,1,True
oryuer,1,True
frne,1,True
oony,1,True
stlie,1,True
ros,1,True
esp,1,True
uhe,1,True
coa,1,True
soei,1,True
yyoune,1,True
lle,1,True
oiie,1,True
loe,1,True
alui,1,True
dlto,1,True
aliens@aliensgroup.inurl,1,True
www.aliensgroup.inswww.allensgroup.biz,1,True
7developers,1,True
bua!tiuoblliolul,1,True
oihre,1,True
eon,1,True
orwen,1,True
isin,1,True
tsger,1,True
ocsstne,1,True
soir,1,True
bli,1,True
isso,1,True
rnn,1,True
essre,1,True
alae,1,True
8011108111910,1,True
ndot,1,True
sei,1,True
oit,1,True
epse,1,True
tse,1,True
cmt,1,True
auave,1,True
-oueis,1,True
iio,1,True
uidisi,1,True
ieis,1,True
yoas,1,True
ssls,1,True
retumn,1,True
ale,1,True
602=169<1,1,True
bulallauabllaln,1,True
tser,1,True
pdo,1,True
yous,1,True
sol,1,True
ress,1,True
pdld,1,True
pde,1,True
poe,1,True
daeatg,1,True
uun,1,True
seteg,1,True
tit,1,True
whal,1,True
erie,1,True
159k1,1,True
bu!a!liubb,1,True
llbul,1,True
onliy,1,True
yyur,1,True
ora,1,True
oanany,1,True
pog,1,True
oon,1,True
328,1,True
bula!lluabllpi,1,True
dineshkumar,1,True
aeng,1,True
nrt,1,True
onany,1,True
sha'he,1,True
yyu,1,True
iikin,1,True
gsgr,1,True
srevtesco,1,True
havs,1,True
nety,1,True
oiit,1,True
daetg,1,True
ung,1,True
oog,1,True
b!lu,1,True
arafath,1,True
hussain,1,True
r''k,1,True
fll,1,True
oryuoe,1,True
iki,1,True
dser,1,True
sthne,1,True
ccoma,1,True
ssod,1,True
yoen,1,True
opd,1,True
iet,1,True
tllapur,1,True
56951,1,True
busaliaabllais,1,True
satha,1,True
.t,1,True
pom,1,True
159,1,True
subash,1,True
weae,1,True
1y,1,True
nany,1,True
oith,1,True
gsgor,1,True
yhe,1,True
itl,1,True
datatg,1,True
whas,1,True
arie,1,True
futuristic,1,True
b!lbla,1,True
othett,1,True
owuoa,1,True
oany,1,True
gerr,1,True
ssthe,1,True
youss,1,True
smoil,1,True
aii,1,True
etn,1,True
1pc-,1,True
bu!luablu,1,True
hrss,1,True
gsger,1,True
ccomt,1,True
dii,1,True
soit,1,True
14921,1,True
bulablla,1,True
ramananda,1,True
tnhet,1,True
ny-y,1,True
yi,1,True
oroe,1,True
asoe,1,True
siso,1,True
ire,1,True
koe,1,True
bhanu,1,True
teja,1,True
bharani,1,True
pamishetty,1,True
c.geetha,1,True
devarakonda,1,True
harshasree,1,True
saikiran,1,True
nandini,1,True
garla,1,True
madhuri,1,True
yenikekalava,1,True
jaswanth,1,True
raju,1,True
kamireddy,1,True
korapala,1,True
dearkranthikumar,1,True
m.ranga,1,True
mahitha,1,True
nataraja,1,True
niha,1,True
shareen,1,True
p.om,1,True
prakesh,1,True
ravindra,1,True
ambar,1,True
rkar,1,True
rudhvik,1,True
safia,1,True
valli,1,True
praneeth,1,True
sana,1,True
sarika,1,True
kumari,1,True
almas,1,True
khalid,1,True
rizwana,1,True
tasleem,1,True
kousar,1,True
shamsheer,1,True
shirisha,1,True
palla,1,True
swetha,1,True
thanuja,1,True
urmila,1,True
v.reddy,1,True
laharisha,1,True
vailpadu,1,True
karishma,1,True
vummidisetty,1,True
revanth,1,True
ka28335229356250u,1,True
may-2022,1,True
05:51,1,True
"26,2022",1,True
betweeh,1,True
gprodsrrs,1,True
paut,1,True
kakacrsfl0882864852210879u,1,True
kacrsfi08/,1,True
city2/,1,True
infouys,1,True
velankani,1,True
bus,1,True
kbssn,1,True
mob:9902020444,1,True
ern,1,True
gaaa,1,True
aaa,1,True
gaa,1,True
executiveemployment,1,True
attendant,1,True
section 1(ii,1,True
headquarters,1,True
"the""termination",1,True
remained,1,True
chairperson,1,True
pecuniary,1,True
deprive,1,True
lu,1,True
ao-d,1,True
-der,1,True
section 1(vi)(b,1,True
"inr 80,000,000",1,True
seventeen,1,True
"inr 170,000,000",1,True
125,1,True
units,1,True
"inr 30,000,000",1,True
shallv,1,True
33.3%of,1,True
"inr 347,500,000",1,True
"inr 217,500,000",1,True
section 2(iii)(b,1,True
grant-esg,1,True
"inr
20,000,000",1,True
fiscalyear,1,True
"inr
50,000,000",1,True
followingmarch,1,True
"31,2027",1,True
executive'sterm,1,True
ibm,1,True
atos,1,True
delisting,1,True
comprising,1,True
nifty,1,True
s&p,1,True
msci,1,True
proportionately,1,True
linear,1,True
pdrii,1,True
iii)(a)(b)(c,1,True
iii)(b,1,True
"inr 100,000,000",1,True
iii)(e,1,True
abundant,1,True
section 2(iii,1,True
v)review,1,True
angoy,1,True
u.s,1,True
consumer,1,True
restate,1,True
dodd-frank,1,True
pdar,1,True
section 7,1,True
then-outstanding,1,True
options)that,1,True
claims,1,True
asgryn,1,True
sron,1,True
plead,1,True
contest,1,True
infraction,1,True
curable,1,True
uncured,1,True
1(vi)(b,1,True
1(vi)(c,1,True
predicate,1,True
consultancyservices,1,True
machines,1,True
technologysolutions,1,True
announce,1,True
diminution,1,True
i)-the,1,True
function-to,1,True
which-executive,1,True
passive,1,True
orvo,1,True
inevitably,1,True
xi)f,1,True
non-public,1,True
"information""shall",1,True
ternination,1,True
executive'sconfidentiality,1,True
restrictions,1,True
relationships,1,True
broker,1,True
descent,1,True
disposition,1,True
well-established,1,True
hosur,1,True
602,1,True
belmont,1,True
37,1,True
napean,1,True
sea,1,True
036,1,True
singularly,1,True
supreme,1,True
judge,1,True
thyt,1,True
lue,1,True
therein-revert,1,True
to-the,1,True
company-does,1,True
oea,1,True
caption,1,True
21.acknowledgment,1,True
infosyslimite,1,True
whanhe,1,True
krishnamurthy,1,True
shankar,1,True
evp,1,True
s.parekh,1,True
8.00,1,True
9.75,1,True
17.00,1,True
13.00,1,True
42.50,1,True
79.75,1,True
21.75,1,True
whant,1,True
2022annual,1,True
202526,1,True
sense,1,True
qualifie,1,True
seo,1,True
optimization,1,True
7/14,1,True
nonperformance,1,True
payments,1,True
rough,1,True
xy,1,True
15/30,1,True
ach,1,True
mediation,1,True
dl78563575581976s,1,True
11:24,1,True
dldl87800364430001572322s,1,True
5555eeeer,1,True
thé,1,True
dl78563674463408s,1,True
11:19,1,True
dldl87800364428208037530s,1,True
.please,1,True
www.shciiestamp.com,1,True
embassy,1,True
quest,1,True
45/1,1,True
magrath,1,True
025,1,True
7466,1,True
bangalore@khaitanco.com,1,True
emerald,1,True
1b,1,True
7000,1,True
kolkata@khaitanco.com,1,True
13th,1,True
5000,1,True
mumbai@khaitanco.com,1,True
floors,1,True
16b,1,True
201,1,True
301,1,True
5454,1,True
5318,1,True
delhi@khaitanco.com,1,True
mangoe,1,True
issuer,1,True
10a,1,True
020,1,True
"₹ 3,500",1,True
bse,1,True
abridge,1,True
pamphlet,1,True
catalogue,1,True
hoarding,1,True
placard,1,True
poster,1,True
insertion,1,True
beneficially,1,True
takeovers,1,True
2(46,1,True
2(87,1,True
"india act, 1992",1,True
1957,1,True
"foreign exchange management act, 1999",1,True
jurisdictional,1,True
registrar,1,True
clause 8.2,1,True
press,1,True
prithviraj,1,True
shib,1,True
sanker,1,True
mukherji,1,True
vikramjit,1,True
madhok,1,True
aravali,1,True
polymers,1,True
hotels,1,True
leasing,1,True
cfd,1,True
dil2,1,True
cir,1,True
p/2020/78,1,True
bold,1,True
ignore,1,True
varied,1,True
novation,1,True
re-enacted,1,True
strive,1,True
campaign,1,True
crisis,1,True
verse,1,True
chatbot,1,True
l-bands,1,True
aston,1,True
crawler,1,True
ticker,1,True
hindi,1,True
e-mails,1,True
3.9,1,True
spirit,1,True
"₹ 100,000",1,True
-goods,1,True
approved,1,True
issue-related,1,True
pocket,1,True
photography,1,True
relations-related,1,True
banquet,1,True
collateral,1,True
road-shows,1,True
road-show,1,True
billboard,1,True
deficient,1,True
newly,1,True
disposable,1,True
work-in-progress,1,True
banner,1,True
executable,1,True
clause 9.2,1,True
clause 9.1,1,True
clause 10.4,1,True
equally,1,True
pendency,1,True
expedite,1,True
consummation,1,True
inoperative,1,True
inoperativeness,1,True
inability,1,True
airmail,1,True
2308,1,True
0505,1,True
sn.sridhar@oberoigroup.com,1,True
126,1,True
jolly,1,True
maker,1,True
chambers,1,True
nariman,1,True
400021,1,True
9664402271,1,True
mumbai@pressmanindia.com,1,True
alkesh,1,True
bhatt,1,True
vikas,1,True
khattar,1,True
6623,1,True
vikas.khattar@ambit.co,1,True
heretofore,1,True
left,1,True
blank,1,True
kallol,1,True
adver2sing,1,True
par5es,1,True
men5oned,1,True
designa,1,True
letterhead,1,True
ma'am,1,True
mutatis,1,True
mutandis,1,True
